-- MySQL dump 10.13  Distrib 5.7.28, for Linux (x86_64)
--
-- Host: localhost    Database: harun_rent
-- ------------------------------------------------------
-- Server version	5.7.28-0ubuntu0.18.04.4

/*!40101 SET @OLD_CHARACTER_SET_CLIENT=@@CHARACTER_SET_CLIENT */;
/*!40101 SET @OLD_CHARACTER_SET_RESULTS=@@CHARACTER_SET_RESULTS */;
/*!40101 SET @OLD_COLLATION_CONNECTION=@@COLLATION_CONNECTION */;
/*!40101 SET NAMES utf8 */;
/*!40103 SET @OLD_TIME_ZONE=@@TIME_ZONE */;
/*!40103 SET TIME_ZONE='+00:00' */;
/*!40014 SET @OLD_UNIQUE_CHECKS=@@UNIQUE_CHECKS, UNIQUE_CHECKS=0 */;
/*!40014 SET @OLD_FOREIGN_KEY_CHECKS=@@FOREIGN_KEY_CHECKS, FOREIGN_KEY_CHECKS=0 */;
/*!40101 SET @OLD_SQL_MODE=@@SQL_MODE, SQL_MODE='NO_AUTO_VALUE_ON_ZERO' */;
/*!40111 SET @OLD_SQL_NOTES=@@SQL_NOTES, SQL_NOTES=0 */;

--
-- Table structure for table `cars`
--

DROP TABLE IF EXISTS `cars`;
/*!40101 SET @saved_cs_client     = @@character_set_client */;
/*!40101 SET character_set_client = utf8 */;
CREATE TABLE `cars` (
  `car_id` int(11) NOT NULL AUTO_INCREMENT,
  `car_name` varchar(100) NOT NULL,
  `status` varchar(100) NOT NULL,
  `price` varchar(100) NOT NULL,
  `price_type` varchar(100) NOT NULL,
  `date` datetime NOT NULL,
  `delete_status` int(1) NOT NULL,
  PRIMARY KEY (`car_id`)
) ENGINE=InnoDB AUTO_INCREMENT=198 DEFAULT CHARSET=latin1;
/*!40101 SET character_set_client = @saved_cs_client */;

--
-- Dumping data for table `cars`
--

LOCK TABLES `cars` WRITE;
/*!40000 ALTER TABLE `cars` DISABLE KEYS */;
INSERT INTO `cars` VALUES (1,'car1','available','1000000','Weekly','2018-08-08 00:00:00',1),(2,'car2','1','100','Monthly','2018-08-08 00:00:00',1),(3,'car1','available','1000000','Weekly','2018-09-10 00:00:00',1),(4,'dd','available','2','Daily','2018-09-10 00:00:00',1),(5,'my car','available','10','Weekly','2018-09-10 00:00:00',1),(6,'car be','available','112','Weekly','2018-09-10 00:00:00',1),(7,'hello edit','available','21','Yearly','2018-09-10 00:00:00',1),(8,'hello1 edted  last','available','110','Daily','2018-09-10 00:00:00',1),(9,'hello2','available','200','Yearly','2018-09-10 00:00:00',1),(10,'testt','available','20','Weekly','2018-09-10 00:00:00',1),(11,'sss','available','11','Weekly','2018-09-10 00:00:00',1),(12,'new','available','11','Weekly','2018-09-10 00:00:00',1),(13,'k363','available','5000','Weekly','2018-09-10 00:00:00',1),(14,'new car','available','1000','Weekly','2018-09-15 00:00:00',1),(15,'yahya','available','90','Monthly','2018-09-15 00:00:00',1),(16,'dsfadfas','available','3333','Weekly','2018-09-15 00:00:00',1),(17,'hikkkkkkkkkkkkkkkkkk','available','900','Weekly','2018-09-15 00:00:00',1),(18,'','available','','','2018-09-18 00:00:00',1),(19,'best car','available','1000','Daily','2018-09-18 00:00:00',1),(20,'kph 898 kir','available','1000','Weekly','2018-09-19 00:00:00',1),(21,'kcc 939 ke','available','5000','Monthly','2018-09-19 00:00:00',1),(22,'jaak','available','1000','Weekly','2018-09-20 00:00:00',1),(23,'kph 2323 kc','available','2000','Weekly','2018-09-20 00:00:00',1),(24,'kcf 432 ke','available','5000','Monthly','2018-09-20 00:00:00',1),(25,'kcz','available','5000','Monthly','2018-09-20 00:00:00',1),(26,'kcf 7373','available','3000','Monthly','2018-09-20 00:00:00',1),(27,'kcf 7383','available','5000','Weekly','2018-09-20 00:00:00',1),(28,'kpf 324','available','4000','Monthly','2018-09-20 00:00:00',1),(29,'kcc 832 ke','available','3000','Weekly','2018-09-20 00:00:00',1),(30,'kfc 392 ke','available','5400','Weekly','2018-09-20 00:00:00',1),(31,'444','available','444','Weekly','2018-09-20 00:00:00',1),(32,'kce 848','available','20000','Weekly','2018-09-20 00:00:00',1),(33,'KCL758V','available','45000','Monthly','2018-09-20 00:00:00',1),(34,'kcn920k','available','7000','Weekly','2018-09-20 00:00:00',1),(35,'KCD 615J','available','1500','Daily','2018-09-20 00:00:00',1),(36,'KCC944B','available','7000','Weekly','2018-09-20 00:00:00',1),(37,'Kcj981J','available','7000','Weekly','2018-09-21 00:00:00',1),(38,'Kcj425Q','available','7000','Weekly','2018-09-21 00:00:00',1),(39,'kcf124T','available','7000','Weekly','2018-09-21 00:00:00',1),(40,'Kbt817W','available','7000','Weekly','2018-09-21 00:00:00',1),(41,'Kcd571T','available','7000','Weekly','2018-09-21 00:00:00',1),(42,'Kcj519C','available','7000','Weekly','2018-09-21 00:00:00',1),(43,'KCG377D','available','7000','Weekly','2018-09-21 00:00:00',1),(44,'KCD245N','available','7000','Weekly','2018-09-21 00:00:00',1),(45,'KCD472A','available','7000','Weekly','2018-09-21 00:00:00',1),(46,'KBZ381J','available','7000','Weekly','2018-09-21 00:00:00',1),(47,'KBT396A','available','7000','Weekly','2018-09-21 00:00:00',1),(48,'KCJ984J','available','7000','Weekly','2018-09-21 00:00:00',1),(49,'KBS892V','available','7000','Weekly','2018-09-21 00:00:00',1),(50,'KCM920C','available','7000','Weekly','2018-09-21 00:00:00',1),(51,'KCL361U','available','10500','Weekly','2018-09-21 00:00:00',1),(52,'KCH413C','available','7000','Weekly','2018-09-21 00:00:00',1),(53,'KCF342V','available','10500','Weekly','2018-09-21 00:00:00',1),(54,'KBT802J','available','7000','Weekly','2018-09-21 00:00:00',1),(55,'KBR805Y','available','7000','Weekly','2018-09-21 00:00:00',1),(56,'KCJ981T','available','7000','Weekly','2018-09-21 00:00:00',1),(57,'KBR655L','available','36000','Monthly','2018-09-25 00:00:00',1),(58,'KCK792V','available','35000','Monthly','2018-09-25 00:00:00',1),(59,'KCC944C','available','1000','Daily','2018-09-25 00:00:00',1),(60,'KCD456J','available','30000','Monthly','2018-09-25 00:00:00',1),(61,'KCK941G','available','30000','Monthly','2018-09-25 00:00:00',1),(62,'KBW385W','available','36000','Monthly','2018-09-25 00:00:00',1),(63,'KCH109Y','available','1000','Daily','2018-09-25 00:00:00',1),(64,'KCB645G','available','40000','Monthly','2018-09-25 00:00:00',1),(65,'KBY806N','available','1000','Daily','2018-09-25 00:00:00',1),(66,'KCD070D','available','45000','Monthly','2018-09-25 00:00:00',1),(67,'KCD615J','available','40000','Monthly','2018-09-25 00:00:00',1),(68,'KCA854D','available','1000','Daily','2018-09-25 00:00:00',1),(69,'KCH706Y','available','1000','Daily','2018-09-25 00:00:00',1),(70,'KCF TIDA','available','7000','Weekly','2018-09-25 00:00:00',1),(71,'KCK935H','available','10500','Weekly','2018-09-25 00:00:00',1),(72,'KCJ797B','available','45000','Monthly','2018-09-25 00:00:00',1),(73,'KCD626E','available','60000','Monthly','2018-09-25 00:00:00',1),(74,'KCK519A','available','1000','Monthly','2018-09-25 00:00:00',1),(75,'KCL38Q','available','1000','Daily','2018-09-25 00:00:00',1),(76,'KCK941g','available','1000','Daily','2018-10-05 00:00:00',1),(77,'Hurdaaye','available','7000','Weekly','2018-10-05 00:00:00',1),(78,'kcc 944c','available','1000','Daily','2018-10-05 00:00:00',1),(79,'KBT 396A','available','-1000','Daily','2018-10-05 00:00:00',1),(80,'KBT 396A','available','30000','Monthly','2018-10-05 00:00:00',1),(81,'KCG 377D','available','1000','Daily','2018-10-05 00:00:00',1),(82,'KCH 413C','available','1000','Daily','2018-10-05 00:00:00',1),(83,'KCK 935B','available','1000','Daily','2018-10-05 00:00:00',1),(84,'KCL 361U','available','35000','Monthly','2018-10-05 00:00:00',1),(85,'KBU 245N','available','1000','Daily','2018-10-05 00:00:00',1),(86,'KCD 070F','available','1200','Daily','2018-10-05 00:00:00',1),(87,'KCJ 948G','available','1000','Daily','2018-10-05 00:00:00',1),(88,'KCJ 425Q','available','1000','Daily','2018-10-05 00:00:00',1),(89,'KCF 124T','available','1000','Daily','2018-10-05 00:00:00',1),(90,'KBT 817W','available','1000','Daily','2018-10-05 00:00:00',1),(91,'KCD 571T','available','1000','Daily','2018-10-05 00:00:00',1),(92,'KCJ 519C','available','1000','Daily','2018-10-05 00:00:00',1),(93,'KCB 472A','available','1000','Daily','2018-10-05 00:00:00',1),(94,'KBZ 381J','available','1000','Daily','2018-10-05 00:00:00',1),(95,'KCD 245N','available','1000','Daily','2018-10-05 00:00:00',1),(96,'KCJ 981T','available','1000','Daily','2018-10-05 00:00:00',1),(97,'KBR 805Y','available','1000','Daily','2018-10-05 00:00:00',1),(98,'KCD 382K','available','1330','Daily','2018-10-05 00:00:00',1),(99,'KBS 892V','available','1000','Daily','2018-10-07 00:00:00',1),(100,'KBS 892V','available','1000','Daily','2018-10-07 00:00:00',1),(101,'KBR 805Y','available','1000','Daily','2018-10-07 00:00:00',1),(102,'KCJ 425Q','available','1000','Daily','2018-10-07 00:00:00',1),(103,'KCB 472A','available','1000','Daily','2018-10-07 00:00:00',1),(104,'KBT 817W','available','1000','Daily','2018-10-07 00:00:00',1),(105,'KCD 245N','available','1000','Daily','2018-10-07 00:00:00',1),(106,'KCD 615J','available','1500','Daily','2018-10-07 00:00:00',1),(107,'KCQ 460R','available','1000','Daily','2018-10-07 00:00:00',1),(108,'KCQ 377T','available','1000','Daily','2018-10-07 00:00:00',1),(109,'KCH 413C','available','1000','Daily','2018-10-07 00:00:00',1),(110,'test','available','100','Monthly','2018-10-09 00:00:00',1),(111,'mm','available','555','Monthly','2018-10-09 00:00:00',1),(112,'ggg','available','3','Yearly','2018-10-09 00:00:00',1),(113,'Tt','available','200','Monthly','2018-10-09 00:00:00',1),(114,'Tty','available','5','Monthly','2018-10-09 00:00:00',1),(115,'KCQ 377T','available','1000','Daily','2018-10-09 00:00:00',1),(116,'KCJ 981T','available','1000','Daily','2018-10-09 00:00:00',1),(117,'KCQ 377T','available','1000','Daily','2018-10-09 00:00:00',1),(118,'KCD 070F','available','1200','Daily','2018-10-09 00:00:00',1),(119,'Kbw385w','available','7000','Weekly','2018-10-10 00:00:00',1),(120,'Kbw 385w','available','35000','Monthly','2018-10-10 00:00:00',1),(121,'kbr 805y','available','7000','Weekly','2018-10-10 00:00:00',1),(122,'Testt','available','33','Daily','2018-10-10 00:00:00',1),(123,'Ty','available','90','Daily','2018-10-10 00:00:00',1),(124,'kck 941R','available','30000','Monthly','2018-10-10 00:00:00',1),(125,'KBY 806Y','available','31000','Monthly','2018-10-10 00:00:00',1),(126,'Testt','available','20','Weekly','2018-10-10 00:00:00',1),(127,'Kbu 245A','available','45000','Monthly','2018-10-10 00:00:00',1),(128,'Kck 792V','available','35000','Monthly','2018-10-10 00:00:00',1),(129,'Kcj 624Y','available','45000','Monthly','2018-10-10 00:00:00',1),(130,'kcf 779Y','available','1000','Daily','2018-10-10 00:00:00',1),(131,'Kcb 645G','available','40000','Monthly','2018-10-11 00:00:00',1),(132,'Kca 859G','available','30000','Monthly','2018-10-11 00:00:00',1),(133,'Kby 332M','available','45000','Monthly','2018-10-11 00:00:00',1),(134,'Kcf 124T','available','30000','Monthly','2018-10-11 00:00:00',1),(135,'Kch 706E','available','45000','Monthly','2018-10-11 00:00:00',1),(136,'Kby field','available','40000','Monthly','2018-10-11 00:00:00',1),(137,'Kcd 326D','available','45000','Monthly','2018-10-11 00:00:00',1),(138,'KCG 353H','available','30000','Monthly','2018-10-11 00:00:00',1),(139,'Kcl389Q','available','7000','Weekly','2018-10-11 00:00:00',1),(140,'Kck 519A','available','7000','Weekly','2018-10-11 00:00:00',1),(141,'Kcj 977C','available','1000','Daily','2018-10-11 00:00:00',1),(142,'Kcj 984G','available','1000','Daily','2018-10-11 00:00:00',1),(143,'Kck 941G','available','30000','Monthly','2018-10-11 00:00:00',1),(144,'Kck 935B','available','30000','Monthly','2018-10-11 00:00:00',1),(145,'KCM 869V','available','7000','Weekly','2018-10-11 00:00:00',1),(146,'Kbr 655L','available','36000','Monthly','2018-10-11 00:00:00',1),(147,'KCJ 981T','available','7000','Weekly','2018-10-11 00:00:00',1),(148,'kcj 425Q','available','7000','Weekly','2018-10-11 00:00:00',1),(149,'KBT 817W','available','6000','Weekly','2018-10-11 00:00:00',1),(150,'KCD 571T','available','7000','Weekly','2018-10-11 00:00:00',1),(151,'KCJ 519C','available','7000','Weekly','2018-10-11 00:00:00',1),(152,'KCQ 377T','available','1000','Daily','2018-10-11 00:00:00',1),(153,'KCD 245N','available','7000','Weekly','2018-10-11 00:00:00',1),(154,'KBT 802J','available','7000','Weekly','2018-10-11 00:00:00',1),(155,'KCG 377D','available','7000','Weekly','2018-10-11 00:00:00',1),(156,'KBX 693T','available','7000','Weekly','2018-10-12 00:00:00',1),(157,'KBT 396A','available','7000','Weekly','2018-10-12 00:00:00',1),(158,'Kcb 6666','available','1000','Daily','2018-10-19 00:00:00',1),(159,'KBBBB','available','7000','Weekly','2018-10-20 00:00:00',1),(160,'kbv 600c','available','40000','Monthly','2018-10-21 00:00:00',1),(161,'KCD 070F','available','8400','Weekly','2018-10-21 00:00:00',1),(162,'KCD 615J','available','45000','Monthly','2018-10-21 00:00:00',1),(163,'KBS 892V','available','7000','Weekly','2018-10-21 00:00:00',1),(164,'KCL 361U','available','35000','Monthly','2018-10-21 00:00:00',1),(165,'KCH 413C','available','7000','Weekly','2018-10-21 00:00:00',1),(166,'KCC 861U','available','40000','Monthly','2018-10-21 00:00:00',1),(167,'KCM 920C','available','7000','Weekly','2018-10-21 00:00:00',1),(168,'KCD 456J','available','7000','Weekly','2018-10-21 00:00:00',1),(169,'KCC 944U','available','7000','Weekly','2018-10-21 00:00:00',1),(170,'KCD 382K','available','45000','Monthly','2018-10-21 00:00:00',1),(171,'KCK 911D','available','7000','Weekly','2018-10-21 00:00:00',1),(172,'KBX 693T','available','1000','Daily','2018-10-21 00:00:00',1),(173,'KBZ 381J','available','7000','Weekly','2018-10-21 00:00:00',1),(174,'KCB 472A','available','7000','Weekly','2018-10-21 00:00:00',1),(175,'KAZ 568R','available','4000','Daily','2018-12-30 00:00:00',1),(176,'test','available','20','Weekly','2019-04-16 00:00:00',1),(177,'KBY 332M','179','40000','Monthly','2019-07-04 00:00:00',0),(178,'KBW 385C','177','40000','Monthly','2019-07-04 00:00:00',0),(179,'KBR 655L','175','36000','Monthly','2019-07-04 00:00:00',0),(180,'KCM 892V','available','30000','Monthly','2019-08-23 00:00:00',0),(181,'KCF 977G','170','30000','Monthly','2019-08-23 00:00:00',0),(182,'KCK 935H','173','30000','Monthly','2019-08-23 00:00:00',0),(183,'KCG 353D','170','30000','Monthly','2019-08-23 00:00:00',0),(184,'KBU 245A','available','0','Monthly','2019-08-23 00:00:00',0),(185,'KBV 600C','178','36000','Monthly','2019-08-23 00:00:00',0),(186,'KBR 322R','available','30000','Monthly','2019-08-23 00:00:00',0),(187,'KCD 070F','available','45000','Monthly','2019-08-23 00:00:00',0),(188,'KCL 869Y','available','30000','Monthly','2019-08-23 00:00:00',0),(189,'KCK 519A','169','30000','Monthly','2019-08-23 00:00:00',0),(190,'KCD 245N','available','26000','Monthly','2019-08-23 00:00:00',0),(191,'KCD 456J','available','26000','Monthly','2019-08-23 00:00:00',0),(192,'KCJ 848H','available','26000','Monthly','2019-08-23 00:00:00',0),(193,'KCJ 981T','available','30000','Monthly','2019-08-23 00:00:00',0),(194,'KCD 326E','176','45000','Monthly','2019-08-23 00:00:00',0),(195,'KBY 947Q','available','30000','Monthly','2019-08-23 00:00:00',0),(196,'KCK 792V','172','40000','Monthly','2019-08-23 00:00:00',0),(197,'KCD 615J','available','0','Monthly','2019-08-23 00:00:00',0);
/*!40000 ALTER TABLE `cars` ENABLE KEYS */;
UNLOCK TABLES;

--
-- Table structure for table `currency`
--

DROP TABLE IF EXISTS `currency`;
/*!40101 SET @saved_cs_client     = @@character_set_client */;
/*!40101 SET character_set_client = utf8 */;
CREATE TABLE `currency` (
  `id` int(11) NOT NULL AUTO_INCREMENT,
  `currency` varchar(100) NOT NULL,
  `status` int(11) NOT NULL,
  PRIMARY KEY (`id`)
) ENGINE=InnoDB AUTO_INCREMENT=3 DEFAULT CHARSET=latin1;
/*!40101 SET character_set_client = @saved_cs_client */;

--
-- Dumping data for table `currency`
--

LOCK TABLES `currency` WRITE;
/*!40000 ALTER TABLE `currency` DISABLE KEYS */;
INSERT INTO `currency` VALUES (1,'Ksh',1),(2,'$',0);
/*!40000 ALTER TABLE `currency` ENABLE KEYS */;
UNLOCK TABLES;

--
-- Table structure for table `customers`
--

DROP TABLE IF EXISTS `customers`;
/*!40101 SET @saved_cs_client     = @@character_set_client */;
/*!40101 SET character_set_client = utf8 */;
CREATE TABLE `customers` (
  `customer_id` int(11) NOT NULL AUTO_INCREMENT,
  `customer_name` varchar(100) NOT NULL,
  `mobile` varchar(100) NOT NULL,
  `email` varchar(100) NOT NULL,
  `date` datetime NOT NULL,
  `delete_status` int(1) NOT NULL,
  PRIMARY KEY (`customer_id`)
) ENGINE=InnoDB AUTO_INCREMENT=180 DEFAULT CHARSET=latin1;
/*!40101 SET character_set_client = @saved_cs_client */;

--
-- Dumping data for table `customers`
--

LOCK TABLES `customers` WRITE;
/*!40000 ALTER TABLE `customers` DISABLE KEYS */;
INSERT INTO `customers` VALUES (1,'mryahye','5555555555','yahye@email.com','0000-00-00 00:00:00',1),(2,'abdi','','','0000-00-00 00:00:00',1),(3,'test','5555555555','test@email.com','2018-09-18 00:00:00',1),(4,'xalima','','','2018-09-18 00:00:00',1),(5,'halima','055555555550','','2018-09-19 00:00:00',1),(6,'teen','0333333333330','','2018-09-19 00:00:00',1),(7,'tuun','','','2018-09-20 00:00:00',1),(8,'yusuf','','','2018-09-20 00:00:00',1),(9,'harun','','','2018-09-20 00:00:00',1),(10,'yasin','07444554333','','2018-09-20 00:00:00',1),(11,'ahmed','','','2018-09-20 00:00:00',1),(12,'yahye','','','2018-09-20 00:00:00',1),(13,'MURSAL ILKO','','','2018-09-20 00:00:00',1),(14,'SAMAR CIISE','','','2018-09-20 00:00:00',1),(15,'GITAU','','','2018-09-20 00:00:00',1),(16,'QALINLE','','','2018-09-20 00:00:00',1),(17,'Juma','','','2018-09-21 00:00:00',1),(18,'Hassan','','','2018-09-21 00:00:00',1),(19,'Bulbul','','','2018-09-21 00:00:00',1),(20,'Macaanka','','','2018-09-21 00:00:00',1),(21,'Ali','','','2018-09-21 00:00:00',1),(22,'Hilible','','','2018-09-21 00:00:00',1),(23,'Najiib','','','2018-09-21 00:00:00',1),(24,'M,HUSEIN','','','2018-09-21 00:00:00',1),(25,'RASHIID','','','2018-09-21 00:00:00',1),(26,'AHMED','','','2018-09-21 00:00:00',1),(27,'LANGAATA','','','2018-09-21 00:00:00',1),(28,'ABDINASSIR','','','2018-09-21 00:00:00',1),(29,'QAYS','','','2018-09-21 00:00:00',1),(30,'IBRAHIM1','','','2018-09-21 00:00:00',1),(31,'AHMED RASHIID','','','2018-09-21 00:00:00',1),(32,'SAADIQ','','','2018-09-21 00:00:00',1),(33,'ONE','','','2018-09-21 00:00:00',1),(34,'BASHIR CARSANYO','','','2018-09-21 00:00:00',1),(35,'AHMED KABTAN','','','2018-09-21 00:00:00',1),(36,'ABDI NASIR','','','2018-09-21 00:00:00',1),(37,'ABDI JAMA','','','2018-09-25 00:00:00',1),(38,'ABDIRAHMAN WISH','','','2018-09-25 00:00:00',1),(39,'JOHN RONALD','','','2018-09-25 00:00:00',1),(40,'RAHMO ASAD','','','2018-09-25 00:00:00',1),(41,'MAXED CAWIL','','','2018-09-25 00:00:00',1),(42,'SALMAAN','','','2018-09-25 00:00:00',1),(43,'MUSTAF','','','2018-09-25 00:00:00',1),(44,'ALI Y ALI','','','2018-09-25 00:00:00',1),(45,'NICOLOS','','','2018-09-25 00:00:00',1),(46,'mr muudi','','','2018-09-25 00:00:00',1),(47,'ABDINOOR','','','2018-09-25 00:00:00',1),(48,'PATRIC','','','2018-09-25 00:00:00',1),(49,'GEELE','','','2018-09-25 00:00:00',1),(50,'ANTONY','','','2018-09-25 00:00:00',1),(51,'ABDIRISAQ BOOD','','','2018-09-25 00:00:00',1),(52,'PITER','','','2018-09-25 00:00:00',1),(53,'MOHA UBER','','','2018-09-25 00:00:00',1),(54,'HURDAYE','','','2018-09-25 00:00:00',1),(55,'IBRAHIM','','','2018-09-25 00:00:00',1),(56,'Awil Mohamed','0722157525','','2018-10-05 00:00:00',1),(57,'kck 219k','','','2018-10-05 00:00:00',1),(58,'AWIL MOHAMED IBRAHIM','0729200705','','2018-10-05 00:00:00',1),(59,'LANGAATA','0711132196','','2018-10-05 00:00:00',1),(60,'NAJIIB BALALA','0722575018','','2018-10-05 00:00:00',1),(61,'AHMED DABAR','0721636233','','2018-10-05 00:00:00',1),(62,'AWIL MOHAMED IBRAHIM','0729200705','','2018-10-05 00:00:00',1),(63,'ADEN MOHAMED','','','2018-10-05 00:00:00',1),(64,'KHATAR ABDI ABDULLE','0','','2018-10-05 00:00:00',1),(65,'MOHAMED HASSAN','0728562286','','2018-10-05 00:00:00',1),(66,'Test','','','2018-10-05 00:00:00',1),(67,'IBRAAHIM CADE','0720793713','','2018-10-05 00:00:00',1),(68,'AJAAKIS','0722841102','','2018-10-05 00:00:00',1),(69,'MOHAMED HASAN','0728562286','','2018-10-05 00:00:00',1),(70,'HUSEEN MOHAMED HASSAN','0721825938','','2018-10-05 00:00:00',1),(71,'MOHAMED YARE','0727787893','','2018-10-05 00:00:00',1),(72,'AHMED KABTAIN','0720901871','','2018-10-05 00:00:00',1),(73,'MOHAMED YARE','0727787893','','2018-10-05 00:00:00',1),(74,'CALI','0720306848','','2018-10-07 00:00:00',1),(75,'CALI CALI','0720306848','','2018-10-07 00:00:00',1),(76,'MOHA VOX','0792332522','','2018-10-07 00:00:00',1),(77,'HSSAN MOHAMED','0724380610','','2018-10-07 00:00:00',1),(78,'ZUBEER','0746166177','','2018-10-07 00:00:00',1),(79,'RASHIID KAAMBI','0720250865','','2018-10-07 00:00:00',1),(80,'AJAAKIS','0722841102','','2018-10-07 00:00:00',1),(81,'HUSEN . M. HASSAN','0721825938','','2018-10-07 00:00:00',1),(82,'ABDI NASIR MACOW','0724316000','','2018-10-07 00:00:00',1),(83,'MOHAMED YARE','0720010056','','2018-10-07 00:00:00',1),(84,'MOHAMED HASSAN','','','2018-10-07 00:00:00',1),(85,'MOHAMUUD','0724626321','','2018-10-07 00:00:00',1),(86,'AHMED DABAR','0721636233','','2018-10-07 00:00:00',1),(87,'test','','','2018-10-09 00:00:00',1),(88,'Test','','','2018-10-09 00:00:00',1),(89,'ABDI QARASH','0722661133','','2018-10-09 00:00:00',1),(90,'ABDI NASIR','0722555706','','2018-10-09 00:00:00',1),(91,'MOHAMED HASSAN','0728562286','','2018-10-09 00:00:00',1),(92,'ABDI WALI','0721514638','','2018-10-09 00:00:00',1),(93,'Harun Abdullahi','0722488882','hhhhh','2018-10-10 00:00:00',1),(94,'ali salaax','','','2018-10-10 00:00:00',1),(95,'mohaa','','','2018-10-10 00:00:00',1),(96,'Test','','','2018-10-10 00:00:00',1),(97,'yusu fAli','','','2018-10-10 00:00:00',1),(98,'Nicolos','','','2018-10-10 00:00:00',1),(99,'Test','','','2018-10-10 00:00:00',1),(100,'Mohamed Hassan','','','2018-10-10 00:00:00',1),(101,'Abdirahman Marexan','','','2018-10-10 00:00:00',1),(102,'Lul Ahmed','','','2018-10-10 00:00:00',1),(103,'Victor','','','2018-10-10 00:00:00',1),(104,'Ali Yusuf Ali','','','2018-10-11 00:00:00',1),(105,'Patrick','','','2018-10-11 00:00:00',1),(106,'Gitau','','','2018-10-11 00:00:00',1),(107,'George ciry park','','','2018-10-11 00:00:00',1),(108,'Geelle','','','2018-10-11 00:00:00',1),(109,'Isaaq','','','2018-10-11 00:00:00',1),(110,'Mohamed Uber','','','2018-10-11 00:00:00',1),(111,'Hajir','','','2018-10-11 00:00:00',1),(112,'Irahim','','','2018-10-11 00:00:00',1),(113,'hurdaaye','','','2018-10-11 00:00:00',1),(114,'Daahir','','','2018-10-11 00:00:00',1),(115,'Salmaan','','','2018-10-11 00:00:00',1),(116,'Cawil','','','2018-10-11 00:00:00',1),(117,'Dhulbante','','','2018-10-11 00:00:00',1),(118,'MUUDI FAADUMO','','','2018-10-11 00:00:00',1),(119,'Abdi Jama','','','2018-10-11 00:00:00',1),(120,'Abdi NASIR','','','2018-10-11 00:00:00',1),(121,'AJAAKIS','0722841102','','2018-10-11 00:00:00',1),(122,'ZUBEER','0726100098','','2018-10-11 00:00:00',1),(123,'MOHAMUD HILIBLE','0710898809','','2018-10-11 00:00:00',1),(124,'NAJIB BALALA','0722575018','','2018-10-11 00:00:00',1),(125,'MOHAMUD BURHAN','0724626321','','2018-10-11 00:00:00',1),(126,'ABDI QARASH','0722661133','','2018-10-11 00:00:00',1),(127,'ABDI NASIR KOMOROK','0722555706','','2018-10-11 00:00:00',1),(128,'NAJIB BALALA','0722575018','','2018-10-11 00:00:00',1),(129,'MOHAMED HASSAN','0728562286','','2018-10-11 00:00:00',1),(130,'GARWEYNE','0728562286','','2018-10-12 00:00:00',1),(131,'GARWEYNE','0728562286','','2018-10-12 00:00:00',1),(132,'HUSEN , M ,HASSAN','0721825938','','2018-10-12 00:00:00',1),(133,'LANGAATA','0711132196','','2018-10-12 00:00:00',1),(134,'amin ali','','','2018-10-14 00:00:00',1),(135,'Test','','','2018-10-19 00:00:00',1),(136,'MOOOOOS','','','2018-10-20 00:00:00',1),(137,'ilkacase','','','2018-10-21 00:00:00',1),(138,'ABDIWALI','','','2018-10-21 00:00:00',1),(139,'MACOW','','','2018-10-21 00:00:00',1),(140,'RASHKA','','','2018-10-21 00:00:00',1),(141,'AADAN','','','2018-10-21 00:00:00',1),(142,'AHMED DABAR','','','2018-10-21 00:00:00',1),(143,'BASHIIR','','','2018-10-21 00:00:00',1),(144,'IBRAHIM  YARE','','','2018-10-21 00:00:00',1),(145,'MOHA VOX','','','2018-10-21 00:00:00',1),(146,'CUSBAYSTE','','','2018-10-21 00:00:00',1),(147,'MAHAMED ABDISALAAN','','','2018-10-21 00:00:00',1),(148,'VACAN','','','2018-10-21 00:00:00',1),(149,'MUSTAF','','','2018-10-21 00:00:00',1),(150,'QAYS','','','2018-10-21 00:00:00',1),(151,'RASHIID JUMA','','','2018-10-21 00:00:00',1),(152,'IRSHAAD','','','2018-10-21 00:00:00',1),(153,'ALI Y ALI','','','2018-10-21 00:00:00',1),(154,'GITAU','','','2018-10-21 00:00:00',1),(155,'NICOLOS','','','2018-11-30 00:00:00',1),(156,'Griffins Osero','0723411943','','2018-12-30 00:00:00',1),(157,'ABDIRAHMAN KAMAROON','','','2019-01-05 00:00:00',1),(158,'ABDULRAHMAN KAMAROON','666666666666666','','2019-01-05 00:00:00',1),(159,'RASHIIDI','','','2019-01-05 00:00:00',1),(160,'Nicolos','','','2019-01-05 00:00:00',1),(161,'Ali Yusuf Ali','','','2019-01-05 00:00:00',1),(162,'Luul Ahmed','','','2019-01-05 00:00:00',1),(163,'Patric','','','2019-01-05 00:00:00',1),(164,'test','','','2019-04-16 00:00:00',1),(165,'ABDI SITAR','','','2019-07-04 00:00:00',1),(166,'Ahmed ingriis','','','2019-07-04 00:00:00',1),(167,'Abdi Jama','','','2019-07-04 00:00:00',1),(168,'mudey','','','2019-08-23 00:00:00',1),(169,'SAFIYO UK','','','2019-08-23 00:00:00',0),(170,'ABDIRASHID  CAFA','','','2019-08-23 00:00:00',0),(171,'LUUL AHMED','','','2019-08-23 00:00:00',1),(172,'MR GEELE','','','2019-08-23 00:00:00',0),(173,'ILKOCASE YAMANI','','','2019-08-23 00:00:00',0),(174,'AHMED INGRIIS','','','2019-08-23 00:00:00',0),(175,'ABDI JAMA','','','2019-08-23 00:00:00',0),(176,'LUUL AHMED','','','2019-08-23 00:00:00',0),(177,'ABDI SITAR','','','2019-08-23 00:00:00',0),(178,'SHIRWAC AMAL','','','2019-08-23 00:00:00',0),(179,'HASSAN UK','','','2019-08-23 00:00:00',0);
/*!40000 ALTER TABLE `customers` ENABLE KEYS */;
UNLOCK TABLES;

--
-- Table structure for table `expense`
--

DROP TABLE IF EXISTS `expense`;
/*!40101 SET @saved_cs_client     = @@character_set_client */;
/*!40101 SET character_set_client = utf8 */;
CREATE TABLE `expense` (
  `id` int(11) NOT NULL AUTO_INCREMENT,
  `expense_name` varchar(100) NOT NULL,
  `quantity` int(11) NOT NULL,
  `cost` varchar(100) NOT NULL,
  `car_id` int(11) NOT NULL,
  `car_name` varchar(100) NOT NULL,
  `date` date NOT NULL,
  `delete_status` int(1) NOT NULL,
  `description` varchar(100) NOT NULL,
  PRIMARY KEY (`id`)
) ENGINE=InnoDB AUTO_INCREMENT=17 DEFAULT CHARSET=latin1;
/*!40101 SET character_set_client = @saved_cs_client */;

--
-- Dumping data for table `expense`
--

LOCK TABLES `expense` WRITE;
/*!40000 ALTER TABLE `expense` DISABLE KEYS */;
INSERT INTO `expense` VALUES (1,'tee',40,'4000',2,'car2','2012-09-17',1,''),(2,'t',9,'9',0,'Others','2013-05-11',1,''),(3,'teese',9,'90',0,'Others','2012-09-17',1,''),(4,'test',1,'1000',21,'kcc 939 ke','2018-09-19',1,''),(5,'taayar cusub',5,'10000',23,'kph 2323 kc','2018-11-03',1,''),(6,'daaqad cusub',1,'5000',24,'kcf 432 ke','2018-09-20',1,''),(7,'kirada xafiiska',1,'30000',0,'Others','2018-09-20',1,''),(8,'gaari cusub',1,'600000',0,'Others','2018-09-20',1,''),(9,'MUXUBO',20,'612000',0,'Others','2018-09-20',1,''),(10,'BATTERY',1,'6000',40,'Kbt817W','2018-07-02',1,''),(11,'BEERING WHEL',2,'2500',79,'KBT 396A','2018-10-05',1,''),(12,'REDIO',1,'6000',97,'KBS 892V','2018-10-05',1,''),(13,'INSURANCE',1,'5000',97,'KBS 892V','2018-09-23',1,''),(14,'SAMYN REDIOTER',1,'2000',90,'KBT 817W','2018-10-06',1,''),(15,'OIL BADAL',1,'2300',79,'KBT 396A','2018-10-07',1,''),(16,'insurence',1,'5000',120,'Kbw 385w','2018-10-14',1,'');
/*!40000 ALTER TABLE `expense` ENABLE KEYS */;
UNLOCK TABLES;

--
-- Table structure for table `payments`
--

DROP TABLE IF EXISTS `payments`;
/*!40101 SET @saved_cs_client     = @@character_set_client */;
/*!40101 SET character_set_client = utf8 */;
CREATE TABLE `payments` (
  `id` int(11) NOT NULL AUTO_INCREMENT,
  `paid` int(11) NOT NULL,
  `customer_id` int(11) NOT NULL,
  `car_id` text NOT NULL,
  `car_name` text NOT NULL,
  `rented_car_id` int(11) NOT NULL,
  `date` date NOT NULL,
  `description` varchar(1000) NOT NULL,
  `delete_status` int(1) NOT NULL,
  PRIMARY KEY (`id`)
) ENGINE=InnoDB AUTO_INCREMENT=377 DEFAULT CHARSET=latin1;
/*!40101 SET character_set_client = @saved_cs_client */;

--
-- Dumping data for table `payments`
--

LOCK TABLES `payments` WRITE;
/*!40000 ALTER TABLE `payments` DISABLE KEYS */;
INSERT INTO `payments` VALUES (1,150,2,'1,2','newCar,car2',4,'2018-08-10',' ',1),(2,0,2,'','',0,'2018-09-11','test',1),(3,0,2,'','',0,'2018-09-11','test',1),(4,0,2,'','',0,'2018-09-11','test',1),(5,0,2,'','',0,'2018-09-11','',1),(6,0,1,'','',0,'2018-09-11','',1),(7,100,1,'','',0,'2018-09-11','',1),(8,100,1,'','car2 and ',0,'2018-09-11','',1),(9,50,1,'',' and car2',0,'2018-09-11','',1),(10,100,1,'','and',0,'2018-09-11','',1),(11,15,1,'','and',0,'2018-09-11','',1),(12,5,1,'',' and car2',0,'2018-09-11','',1),(13,5,1,'',' and car2',0,'2018-09-11','',1),(14,55,1,'',' and car2',0,'2018-09-11','',1),(15,4,1,'',' and car2',0,'2018-09-11','',1),(16,3,1,'','car2',0,'2018-09-11','',1),(17,1900,2,'',',car4 and car3',0,'2018-09-11','',1),(18,50,2,'','car1',0,'2018-09-11','',1),(19,10,2,'1','car1',0,'2018-09-11','ttttttt',1),(20,35,2,'','car1',0,'2018-09-11','',1),(21,5,2,'','car1',0,'2018-09-11','',1),(22,1400,2,'',',car4 and car3',0,'2018-09-11','',1),(23,6,2,'','car1',0,'2018-09-11','',1),(24,914,2,'',',car4 and car3',0,'2018-09-11','',1),(25,1066,2,'',',car1 and car4',0,'2018-09-11','',1),(26,1000,2,'','car1',0,'2018-09-11','',1),(27,3000,2,'',',car4 and car3',0,'2018-09-11','',1),(28,1000,2,'',',car1 and car4',0,'2018-09-11','',1),(29,100,2,'',',car1 and car4',0,'2018-09-11','',1),(30,500,1,'','',0,'2018-09-11','',1),(31,500,1,'','',0,'2018-09-11','',1),(32,500,1,'','car2',0,'2018-09-11','',1),(33,100,1,'','car2',0,'2018-09-11','',1),(34,1400,1,'',',car2 and car1',0,'2018-09-11','',1),(35,1400,1,'',',car2 and car1',0,'2018-09-11','',1),(36,1400,1,'',',car2 and car1',0,'2018-09-11','',1),(37,1400,1,'',',car2 and car1',0,'2018-09-11','',1),(38,2000,1,'','car2 and car1',0,'2018-09-11','tttttttt',1),(39,1500,1,'','car2 and car1',0,'2018-09-11','',1),(40,500,1,',2,1,','car2 and car1',0,'2018-09-17','',1),(41,10,1,',2,1,','car2 and car1',0,'2018-09-17','',1),(42,10,1,',2,1,','car2 and car1',0,'2018-09-17','',1),(43,10,1,',2,1,','car2 and car1',2,'2018-09-17','test',1),(44,10,1,',1,','car1',0,'2018-09-17','test',1),(45,200,1,',2,1,','car2 and car1',0,'2018-09-17','test',1),(46,700,1,',2,','car2',0,'2018-09-17','test',1),(47,300,1,',2,1,','car2 and car1',0,'2018-09-17','test',1),(48,500,1,',1,','car1',0,'2018-09-17','test',1),(49,3,1,',2,','car2',0,'2018-09-17','hey',1),(50,34243453,2,'18','',5,'2018-09-20','',1),(51,50,3,'1','car1',6,'2018-09-21','',1),(52,300,4,'19','best car',7,'2018-09-18','',1),(53,700,4,',19,','best car',0,'2018-09-18','the rest',1),(54,500,5,'2','car2',8,'2018-09-01','',1),(55,1000000,5,'1','car1',9,'2018-09-19','',1),(56,5000,5,'2','car2',10,'2018-09-19','',1),(57,4000,5,'20','kph 898 ke',11,'2018-09-19','',1),(58,5000,6,',21,','kcc 939 ke',12,'2018-09-19','',1),(59,100,6,',2,','car2',13,'2018-09-19','',1),(60,1000,6,',10,','test',14,'2018-09-19','',1),(61,5000,6,',13,','k363',15,'2018-09-19','',1),(62,1000,7,',20,','kph 898 ke',16,'2018-01-01','',1),(63,0,5,',20,','kph 898 ke',17,'2018-09-20','',1),(64,1000,8,',22,','jaak',18,'2018-09-20','',1),(65,0,8,',22,','jaak',19,'2018-09-20','',1),(66,0,7,',22,','jaak',20,'2018-01-01','',1),(67,0,7,',22,','jaak',21,'2018-09-20','',1),(68,0,7,',22,','jaak',22,'2018-09-20','',1),(69,0,7,',22,','jaak',23,'2018-04-05','',1),(70,0,6,',22,','jaak',24,'2018-09-20','',1),(71,50000,9,',23,','kph 2323 kc',25,'2018-09-20','',1),(72,10000,10,',23,','kph 2323 kc',26,'2018-09-20','',1),(73,5000,11,',24,','kcf 432 ke',27,'2018-09-20','',1),(74,3000,12,',26,','kcf 7373',28,'2018-09-20','',1),(75,2000,11,',24,','kcf 432 ke',0,'2018-09-20','bbbb',1),(76,0,13,',33,','KCL758V',29,'2018-07-01','',1),(77,0,14,',34,','kcn920k',30,'2018-09-20','',1),(78,0,15,',35,','KCD 615J',31,'2018-09-01','',1),(79,7000,16,',36,','KCC944B',32,'2018-09-02','',1),(80,6000,17,',37,','Kcj981J',33,'2018-07-01','',1),(81,7000,18,',38,','Kcj425Q',34,'2018-07-01','',1),(82,7000,19,',39,','kcf124T',35,'2018-07-01','',1),(83,7000,20,',40,','Kbt817W',36,'2018-07-01','',1),(84,7000,21,',41,','Kcd571T',37,'2018-07-01','',1),(85,7000,22,',42,','Kcj519C',38,'2018-07-01','',1),(86,7000,23,',43,','KCG377D',39,'2018-07-01','',1),(87,0,24,',44,','KCDD245N',40,'2018-07-01','',1),(88,7000,25,',45,','KCD472A',41,'2018-07-01','',1),(89,7000,26,',46,','KBZ381J',42,'2018-07-01','',1),(90,7000,27,',47,','KBT396A',43,'2018-07-01','',1),(91,7000,28,',48,','KCJ984J',44,'2018-07-01','',1),(92,7000,29,',49,','KBS892V',45,'2018-07-01','',1),(93,7000,30,',50,','KCM920C',46,'2018-07-01','',1),(94,0,31,',51,','KCL361U',47,'2018-07-01','',1),(95,7000,32,',52,','KCH413C',48,'2018-07-01','',1),(96,10500,33,',53,','KCF342V',49,'2018-07-08','',1),(97,7000,34,',54,','KBT802J',50,'2018-07-01','',1),(98,7000,35,',55,','KBR805Y',51,'2018-07-01','',1),(99,7000,17,',48,','KCJ984J',52,'2018-07-08','',1),(100,7000,17,',48,','KCJ984J',53,'2018-07-15','',1),(101,7000,17,',48,','KCJ984J',54,'2018-07-15','',1),(102,7000,36,',56,','KCJ981T',55,'2018-07-01','',1),(103,6000,17,',48,','KCJ984J',56,'2018-07-01','',1),(104,36000,37,',57,','KBR655L',57,'2018-01-07','',1),(105,0,38,',58,','KCK792V',58,'2018-01-07','',1),(106,0,39,',59,','KCC944C',59,'2018-07-01','',1),(107,30000,40,',60,','KCD456J',60,'2018-01-07','',1),(108,30000,41,',61,','KCK941G',61,'2018-01-07','',1),(109,0,42,',62,','KBW385W',62,'2081-01-07','',1),(110,0,43,',63,','KCH109Y',63,'2018-01-07','',1),(111,40000,44,',64,','KCB645G',64,'2018-01-07','',1),(112,30000,45,',65,','KBY806N',65,'2018-01-07','',1),(113,0,46,',66,','KCD070D',66,'2018-01-07','',1),(114,40000,47,',67,','KCD615J',67,'2018-01-07','',1),(115,0,48,',68,','KCA854D',68,'2018-07-01','',1),(116,0,49,',69,','KCH706Y',69,'2018-07-01','',1),(117,0,50,',70,','KCF TIDA',70,'2018-07-01','',1),(118,0,51,',71,','KCK935H',71,'2018-07-01','',1),(119,0,52,',72,','KCJ797B',72,'2018-07-01','',1),(120,0,53,',73,','KCD626E',73,'2018-07-01','',1),(121,0,54,',74,','KCK519A',74,'2018-07-01','',1),(122,31000,55,',75,','KCL38Q',75,'2018-07-01','',1),(123,0,18,',38,','Kcj425Q',76,'2018-07-08','',1),(124,0,56,',76,','KCK941g',77,'2018-09-30','',1),(125,0,57,',77,','Hurdaaye',78,'2018-09-30','',1),(126,0,58,',79,','KCK 935B',79,'2018-10-05','',1),(127,7000,59,',79,','KBT 396A',80,'2018-10-01','',1),(128,0,60,',81,','KCG 377D',81,'2018-10-01','',1),(129,0,61,',82,','KCH 413C',82,'2018-10-01','',1),(130,7000,61,',82,','KCH 413C',0,'2018-10-05','',1),(131,0,62,',83,','KCK 935B',83,'2018-10-01','',1),(132,0,63,',84,','ADEN MOHAMED',84,'2018-10-01','',1),(133,5000,64,',81,','KCG 377D',85,'2018-10-05','',1),(134,0,65,',85,','KBU 245N',86,'2018-10-07','',1),(135,0,65,',85,','KBU 245N',87,'2018-10-16','',1),(136,3000,65,',85,','KBU 245N',0,'2018-10-05','MPESA',1),(137,5000,65,',85,85,','KBU 245N and KBU 245N',0,'2018-10-05','KASH',1),(138,0,66,',82,','KCH 413C',88,'2018-10-01','',1),(139,0,66,',76,','KCK941g',89,'2018-10-05','',1),(140,0,67,',98,','KCM 920C',90,'2018-10-01','',1),(141,0,68,',90,','KBT 817W',91,'2018-10-01','',1),(142,0,60,',81,','KCG 377D',92,'2018-10-01','',1),(143,0,60,',81,','KCG 377D',93,'2018-10-08','',1),(144,0,69,',81,','KCG 377D',94,'2018-10-08','',1),(145,0,70,',95,','KCD 245N',95,'2018-10-01','',1),(146,0,71,',98,','KCD 382K',96,'2018-10-01','',1),(147,0,72,',98,','KCF 342V',97,'2018-10-01','',1),(148,0,61,',82,','KCH 413C',98,'2018-10-01','',1),(149,0,73,',98,','KCD 382K',99,'2018-10-01','',1),(150,0,74,',99,','KBS 892V',100,'2018-10-01','',1),(151,0,75,',100,','KBS 892V',101,'2018-10-01','',1),(152,0,76,',100,','KBS 892V',102,'2018-09-16','',1),(153,0,77,',97,','KBR 805Y',103,'2018-10-01','',1),(154,0,78,',102,','KCJ 425Q',104,'2018-10-01','',1),(155,7000,78,',102,','KCJ 425Q',0,'2018-10-07','MPESA',1),(156,0,79,',103,','KCB 472A',105,'2018-10-01','',1),(157,5350,79,',103,','KCB 472A',0,'2018-10-07','MPESA',1),(158,0,80,',104,','KBT 817W',106,'2018-10-01','',1),(159,0,81,',105,','KCD 245N',107,'2018-10-01','',1),(160,0,77,',101,','KBR 805Y',108,'2018-10-01','',1),(161,0,82,',106,','KCD 615J',109,'2018-10-02','',1),(162,0,83,',107,','KCQ 460R',110,'2018-10-01','',1),(163,0,84,',108,','KCQ 377T',111,'2018-10-01','',1),(164,0,85,',108,','KCQ 377T',112,'2018-10-08','',1),(165,7000,84,',108,','KCQ 377T',0,'2018-10-07','BY CASH',1),(166,0,86,',109,','KCH 413C',113,'2018-10-01','',1),(167,7000,86,',109,','KCH 413C',0,'2018-10-07','BY MPESA &amp; CASH',1),(168,7000,83,',107,','KCQ 460R',0,'2018-10-08','BY MPESA',1),(169,0,87,',10,','test',114,'2018-10-01','',1),(170,5,87,',103,','KCB 472A',115,'2018-10-01','',1),(171,0,87,',111,','mm',116,'2018-10-09','',1),(172,0,87,',112,','ggg',117,'2018-10-09','',1),(173,0,88,',100,','KBS 892V',118,'2018-10-01','',1),(174,0,88,',109,','KCH 413C',119,'2018-10-01','',1),(175,0,88,',110,','test',120,'2018-10-01','',1),(176,0,88,',110,','test',121,'2018-10-09','',1),(177,0,88,',110,','test',122,'2018-10-09','',1),(178,0,88,',113,','Tt',123,'2018-10-09','',1),(179,0,88,',113,','Tt',124,'2018-10-01','',1),(180,0,88,',113,','Tt',125,'2018-10-01','',1),(181,11,88,',113,','Tt',126,'2018-10-09','',1),(182,100,88,',113,','Tt',127,'2018-10-01','',1),(183,0,88,',113,','Tt',128,'2018-10-09','',1),(184,0,88,',114,','Tty',129,'2018-10-09','',1),(185,3,88,',114,','Tty',130,'2018-10-01','',1),(186,6000,85,',115,','KBT 802J',131,'2018-10-01','',1),(187,6000,80,',104,','KBT 817W',0,'2018-10-08','BY MPESA',1),(188,0,89,',115,','KBT 802J',132,'2018-10-08','',1),(189,7000,90,',116,','KCJ 981T',133,'2018-10-01','',1),(190,7000,77,',101,','KBR 805Y',0,'2018-10-09','BY MPESA',1),(191,0,85,',108,','KCQ 377T',134,'2018-10-08','',1),(192,0,91,',86,','KCQ 377T',135,'2018-10-01','',1),(193,0,85,',117,','KCQ 377T',136,'2018-10-08','',1),(194,0,92,',86,','KCD 070F',137,'2018-10-01','',1),(195,0,91,',117,','KCQ 377T',138,'2018-10-01','',1),(196,7000,91,',117,','KCQ 377T',0,'2018-10-07','BY CASH',1),(197,1000,85,',108,','KCQ 377T',0,'2018-10-10','BY CASH',1),(198,1000,85,',108,','KCQ 377T',0,'2018-10-10','BY CASH',1),(199,1000,85,',108,','KCQ 377T',0,'2018-10-10','BY CASH',1),(200,1000,85,',108,','KCQ 377T',0,'2018-10-10','BY CASH',1),(201,1000,85,',108,','KCQ 377T',0,'2018-10-10','BY CASH',1),(202,7000,93,',119,','Kbw 385w',139,'2018-10-01','',1),(203,7000,93,',119,','Kbw 385w',140,'2018-10-01','',1),(204,0,93,',120,','Kbw 385w',141,'2018-10-08','',1),(205,0,93,',120,','Kbw 385w',142,'2018-10-15','',1),(206,0,93,',120,','Kbw 385w',143,'2018-10-22','',1),(207,0,94,',121,','kbr 805y',144,'2018-10-10','',1),(208,0,95,',120,','Kbw 385w',145,'2018-10-30','',1),(209,0,96,',10,','Test',146,'2018-10-08','',1),(210,2,96,',120,','Kbw 385w',147,'2018-10-15','',1),(211,6,96,',122,','Test',148,'2018-10-01','',1),(212,12,96,',122,','Test',149,'2018-10-01','',1),(213,7000,93,',120,','Kbw 385w',150,'2018-10-08','',1),(214,60,96,',122,','Test',151,'2018-10-01','',1),(215,7000,93,',120,','Kbw 385w',152,'2018-10-15','',1),(216,0,93,',120,','Kbw 385w',153,'2018-10-22','',1),(217,39,96,',123,','Ty',154,'2018-10-01','',1),(218,7,96,',123,','Ty',155,'2018-10-01','',1),(219,5,96,',122,','Test',156,'2018-10-01','',1),(220,9,96,',122,','Test',157,'2018-10-01','',1),(221,0,97,',124,','kck 941R',158,'2018-09-01','',1),(222,75,96,',122,','Testt',159,'2018-10-01','',1),(223,30000,97,',124,','kck 941R',160,'2018-10-01','',1),(224,30000,98,',125,','KBY 806Y',161,'2018-09-01','',1),(225,0,98,',125,','KBY 806Y',162,'2018-10-01','',1),(226,30000,98,',125,','KBY 806Y',0,'2018-10-10','september payment',1),(227,7000,95,',120,','Kbw 385w',163,'2018-09-03','',1),(228,7000,95,',120,','Kbw 385w',164,'2018-09-10','',1),(229,7000,95,',120,','Kbw 385w',165,'2018-09-17','',1),(230,0,99,',120,','Kbw 385w',166,'2018-10-10','',1),(231,0,95,',126,','Test',167,'2018-10-10','',1),(232,0,93,',126,','Test',168,'2018-10-10','',1),(233,45000,100,',127,','Kbu 245A',169,'2018-10-01','',1),(234,0,101,',128,','Kck 792V',170,'2018-10-01','',1),(235,0,102,',129,','Kcj 624Y',171,'2018-10-01','',1),(236,0,103,',130,','kcf 779Y',172,'2018-10-01','',1),(237,0,104,',131,','Kcb 645G',173,'2018-10-01','',1),(238,0,105,',132,','Kca 859G',174,'2018-10-01','',1),(239,0,106,',133,','Kby 332M',175,'2018-10-01','',1),(240,0,107,',89,','Kcf 124T',176,'2018-10-01','',1),(241,0,108,',135,','Kch 109Y',177,'2018-10-01','',1),(242,0,109,',136,','Kby field',178,'2018-10-01','',1),(243,0,110,',137,','Kcd 326D',179,'2018-10-01','',1),(244,0,111,',138,','kcg',180,'2018-10-01','',1),(245,0,112,',139,','Kcl389Q',181,'2018-10-01','',1),(246,0,113,',140,','Kck 519A',182,'2018-10-01','',1),(247,9000,114,',141,','Kcj 979g',183,'2018-10-02','',1),(248,0,115,',142,','Kcj 984C',184,'2018-10-01','',1),(249,0,116,',143,','Kck 941G',185,'2018-10-01','',1),(250,0,117,',83,','Kck 935B',186,'2018-10-01','',1),(251,0,118,',145,','KCM NISSAN',187,'2018-10-01','',1),(252,0,119,',146,','Kbr 655L',188,'2018-10-01','',1),(253,0,120,',147,','Kcj 981C',189,'2018-10-01','',1),(254,0,120,',147,','Kcj 981C',190,'2018-10-08','',1),(255,7000,120,',147,','Kcj 981C',0,'2018-10-07','BY MPESA',1),(256,6000,121,',149,','KBT 817W',191,'2018-10-01','',1),(257,0,121,',149,','KBT 817W',192,'2018-10-08','',1),(258,0,122,',148,','kcj 425q',193,'2018-10-01','',1),(259,7000,122,',148,','kcj 425q',0,'2018-10-07','BY CASH',1),(260,0,122,',148,','kcj 425q',194,'2018-10-08','',1),(261,0,123,',151,','KCJ 519C',195,'2018-10-01','',1),(262,0,123,',151,','KCJ 519C',196,'2018-10-08','',1),(263,0,124,',152,','KCG 377D',197,'2018-10-01','',1),(264,0,124,',152,','KCG 377D',198,'2018-10-08','',1),(265,0,125,',154,','KBT 802J',199,'2018-10-01','',1),(266,7000,125,',154,','KBT 802J',0,'2018-10-07','BY CASH &amp; MPESA',1),(267,0,126,',154,','KBT 802J',200,'2018-10-08','',1),(268,0,125,',152,','KCG 377D',201,'2018-10-08','',1),(269,0,127,',147,','KCJ 981T',202,'2018-10-01','',1),(270,0,127,',147,','KCJ 981T',203,'2018-10-01','',1),(271,0,127,',147,','KCJ 981T',204,'2018-10-08','',1),(272,7000,127,',147,','KCJ 981T',0,'2018-10-07','BY MPESA',1),(273,7000,127,',147,','KCJ 981T',0,'2018-10-07','BY MPESA',1),(274,0,125,',152,','KCQ 377T',205,'2018-10-08','',1),(275,0,128,',155,','KCG 377D',206,'2018-10-01','',1),(276,0,128,',155,','KCG 377D',207,'2018-10-08','',1),(277,0,129,',152,','KCQ 377T',208,'2018-10-01','',1),(278,7000,129,',152,','KCQ 377T',0,'2018-10-07','BY CASH',1),(279,0,130,',108,','KCQ 377T',209,'2018-10-01','',1),(280,0,131,',156,','KCQ 377T',210,'2018-10-01','',1),(281,0,125,',156,','KCQ 377T',211,'2018-10-08','',1),(282,0,132,',153,','KCD 245N',212,'2018-10-01','',1),(283,0,132,',153,','KCD 245N',213,'2018-10-08','',1),(284,7000,131,',156,','KCQ 377T',0,'2018-10-07','BY CASH',1),(285,0,125,',156,','KCQ 377T',214,'2018-10-08','',1),(286,0,133,',157,','KBT 396A',215,'2018-10-08','',1),(287,0,133,',157,','KBT 396A',216,'2018-10-08','',1),(288,7000,127,',147,','KCJ 981T',0,'2018-10-07','BY MPESA',1),(289,0,134,',120,','Kbw 385w',217,'2018-10-14','',1),(290,0,123,',151,','KCJ 519C',218,'2018-10-15','',1),(291,0,115,',142,','Kcj 984C',219,'2018-10-08','',1),(292,0,115,',142,','Kcj 984C',220,'2018-10-15','',1),(293,5000,115,',142,','Kcj 984C',0,'2018-10-16','mpesa ahaaanh',1),(294,0,135,',158,','Kcb 6666',221,'2018-10-19','',1),(295,0,135,',145,','KCM NISSAN',222,'2018-10-19','',1),(296,0,136,',159,','KBBBB',223,'2018-10-20','',1),(297,0,137,',160,','kbv 600c',224,'2018-10-01','',1),(298,0,138,',86,','KCD 070F',225,'2018-10-01','',1),(299,0,139,',35,','KCD 615J',226,'2018-10-01','',1),(300,0,140,',99,','KBS 892V',227,'2018-10-01','',1),(301,0,141,',84,','KCL 361U',228,'2018-10-01','',1),(302,0,142,',82,','KCH 413C',229,'2018-10-01','',1),(303,0,143,',166,','KCC 861U',230,'2018-10-01','',1),(304,0,144,',167,','KCM 920C',231,'2018-10-01','',1),(305,0,145,',168,','KCD 456J',232,'2018-10-01','',1),(306,0,146,',169,','KCC 944U',233,'2018-10-01','',1),(307,0,147,',98,','KCD 382K',234,'2018-10-01','',1),(308,0,148,',171,','KCK 911D',235,'2018-10-01','',1),(309,0,149,',156,','KBX 693T',236,'2018-10-01','',1),(310,0,150,',94,','KBZ 381J',237,'2018-10-01','',1),(311,21000,151,',93,','KCB 472A',238,'2018-10-01','',1),(312,7000,103,',130,','kcf 779Y',239,'2018-10-08','',1),(313,0,105,',132,','Kca 859G',240,'2018-10-08','',1),(314,0,149,',172,','KBX 693T',241,'2018-10-01','',1),(315,0,152,',172,','KBX 693T',242,'2018-10-20','',1),(316,0,153,',131,','Kcb 645G',243,'2018-10-01','',1),(317,0,107,',134,','Kcf 124T',244,'2018-10-08','',1),(318,0,154,',133,','Kby 332M',245,'2018-10-01','',1),(319,0,151,',174,','KCB 472A',246,'2018-10-22','',1),(320,0,101,',128,','Kck 792V',247,'2018-11-01','',1),(321,0,101,',128,','Kck 792V',248,'2018-09-01','',1),(322,0,101,',128,','Kck 792V',249,'2018-08-01','',1),(323,10000,101,',128,','Kck 792V',0,'2018-08-03','',1),(324,0,155,',125,','KBY 806Y',250,'2018-11-01','',1),(325,0,102,',170,','KCD 382K',251,'2018-11-01','',1),(326,45000,154,',133,','Kby 332M',0,'2018-10-04','',1),(327,10000,156,',175,','KAZ 568R',252,'2018-12-30','',1),(328,6000,156,',175,','KAZ 568R',0,'2018-12-30','testing',1),(329,45000,106,',133,','Kby 332M',0,'2018-12-05','',1),(330,8000,152,',172,','KBX 693T',0,'2018-12-06','',1),(331,21000,107,',89,134,','Kcf 124T and Kcf 124T',0,'2018-12-01','',1),(332,45000,111,',138,','KCG 353H',0,'2018-12-01','',1),(333,6000,121,',149,','KBT 817W',0,'2018-12-01','',1),(334,45000,102,',170,','KCD 382K',0,'2018-12-01','',1),(335,30000,155,',125,','KBY 806Y',0,'2018-12-01','',1),(336,130000,101,',128,128,128,128,','Kck 792V,Kck 792V,Kck 792V and Kck 792V',0,'2018-12-01','',1),(337,7000,112,',139,','Kcl389Q',0,'2018-12-01','',1),(338,21000,123,',151,151,151,','KCJ 519C,KCJ 519C and KCJ 519C',0,'2018-12-01','',1),(339,0,101,',128,','Kck 792V',253,'2018-11-01','',1),(340,40000,109,',136,','Kby field',0,'2018-12-01','',1),(341,0,113,',151,','KCJ 519C',254,'2018-09-01','',1),(342,0,118,',167,','KCM 920C',255,'2018-12-01','',1),(343,0,157,',120,','Kbw 385w',256,'2019-01-05','',1),(344,0,102,',170,','KCD 382K',257,'2019-01-01','',1),(345,0,155,',125,','KBY 806Y',258,'2019-01-01','',1),(346,0,158,',120,','Kbw 385w',259,'2019-01-01','',1),(347,0,159,',174,','KCB 472A',260,'2019-01-05','',1),(348,0,159,',174,','KCB 472A',261,'2018-12-31','',1),(349,0,160,',125,','KBY 806Y',262,'2019-01-01','',1),(350,0,161,',131,','Kcb 645G',263,'2019-01-01','',1),(351,0,162,',170,','KCD 382K',264,'2019-01-01','',1),(352,0,163,',132,','Kca 859G',265,'2019-01-01','',1),(353,0,164,',110,','test',266,'2019-04-16','',1),(354,30,164,',110,','test',0,'2019-04-16','',1),(355,0,164,',120,','Kbw 385w',267,'2019-04-16','',1),(356,50,164,',176,','test',268,'2019-04-16','',1),(357,0,165,',133,','kby 332m',269,'2019-07-01','',1),(358,0,166,',178,','kbw 385c',270,'2019-07-01','',1),(359,0,167,',146,','kbr 655L',271,'2019-07-01','',1),(360,0,165,',179,','kbr 655L',272,'2019-07-01','',1),(361,0,168,',180,','KCM 892V',273,'2019-07-01','',1),(362,30000,169,',189,','KCK 519A',274,'2019-07-01','',0),(363,0,170,',181,','KCF 977G',275,'2019-07-12','',0),(364,0,171,',193,','KCJ 981T',276,'2019-07-01','',1),(365,0,172,',196,','KCKVITS',277,'2019-07-01','',0),(366,0,173,',183,','KCG 353D',278,'2019-07-01','',0),(367,0,173,',182,','KCK 935H',279,'2019-07-01','',0),(368,0,174,',183,','KCG 353D',280,'2019-07-01','',0),(369,0,175,',179,','kbr 655L',281,'2019-07-01','',0),(370,0,176,',194,','KCD 326E',282,'2019-07-01','',0),(371,35000,177,',178,','kbw 385c',283,'2019-07-22','',0),(372,40000,178,',185,','KBV 600C',284,'2019-07-13','',0),(373,21000,179,',177,','kby 332m',285,'2019-08-07','',0),(374,30000,170,',181,','KCF 977G',0,'2019-09-30','',0),(375,0,170,',183,','KCG 353D',286,'2019-09-01','',0),(376,30000,169,',189,','KCK 519A',287,'2019-09-01','',0);
/*!40000 ALTER TABLE `payments` ENABLE KEYS */;
UNLOCK TABLES;

--
-- Table structure for table `rented_cars`
--

DROP TABLE IF EXISTS `rented_cars`;
/*!40101 SET @saved_cs_client     = @@character_set_client */;
/*!40101 SET character_set_client = utf8 */;
CREATE TABLE `rented_cars` (
  `id` int(11) NOT NULL AUTO_INCREMENT,
  `car_id` int(11) NOT NULL,
  `car_name` varchar(100) NOT NULL,
  `customer_id` int(11) NOT NULL,
  `from` date NOT NULL,
  `to` date NOT NULL,
  `price` double NOT NULL,
  `price_type` varchar(100) NOT NULL,
  `paid` double NOT NULL,
  `balance` double NOT NULL,
  `date` datetime NOT NULL,
  `due_date` date NOT NULL,
  `delete_status` int(1) NOT NULL,
  PRIMARY KEY (`id`)
) ENGINE=InnoDB AUTO_INCREMENT=288 DEFAULT CHARSET=latin1;
/*!40101 SET character_set_client = @saved_cs_client */;

--
-- Dumping data for table `rented_cars`
--

LOCK TABLES `rented_cars` WRITE;
/*!40000 ALTER TABLE `rented_cars` DISABLE KEYS */;
INSERT INTO `rented_cars` VALUES (1,2,'car2',1,'2018-09-06','2019-01-10',1000,'Weekly',3,997,'2018-08-14 12:39:59','0000-00-00',1),(2,1,'car1',1,'0000-00-00','0000-00-00',1000,'Weekly',10,990,'2018-08-14 00:00:00','2019-05-16',1),(3,1,'car1',2,'2018-08-02','2018-09-06',1000,'Monthly',2978,-1978,'2018-08-16 04:36:00','2018-08-05',1),(4,1,'car1',2,'2018-09-01','2019-05-09',1000,'monthly',500,500,'2018-08-03 00:00:00','2019-03-14',1),(5,0,'',2,'2018-09-20','2018-09-28',3434,'',34243453,-34240019,'2018-09-18 00:00:00','0000-00-00',1),(6,0,'',3,'2018-09-21','2018-09-29',100,'',50,50,'2018-09-18 00:00:00','2018-09-21',1),(7,19,'best car',4,'2018-09-18','2018-09-22',1000,'Daily',300,700,'2018-09-18 00:00:00','0000-00-00',1),(8,2,'car2',5,'2018-09-01','2019-02-01',500,'',500,0,'2018-09-19 00:00:00','0000-00-00',1),(9,1,'car1',5,'2018-09-19','2018-10-10',3000000,'',1000000,2000000,'2018-09-19 00:00:00','0000-00-00',1),(10,2,'car2',5,'2018-09-19','2027-01-19',10000,'',5000,5000,'2018-09-19 00:00:00','2018-10-06',1),(11,20,'kph 898 kir',5,'2018-09-19','2018-10-24',5000,'Weekly',4000,1000,'2018-09-19 00:00:00','0000-00-00',1),(12,21,'kcc 939 ke',6,'2018-09-19','2018-11-19',10000,'Monthly',5000,5000,'2018-09-19 00:00:00','2019-01-05',1),(13,2,'car2',6,'2018-09-19','2019-01-19',400,'',100,300,'2018-09-19 00:00:00','0000-00-00',1),(14,10,'testt',6,'2018-09-19','2019-01-05',1350,'',1000,350,'2018-09-19 00:00:00','0000-00-00',1),(15,13,'k363',6,'2018-09-19','2018-10-13',15000,'',5000,10000,'2018-09-19 00:00:00','0000-00-00',1),(16,20,'kph 898 kir',7,'2018-01-01','2018-01-08',1000,'',1000,0,'2018-09-20 00:00:00','0000-00-00',1),(17,20,'kph 898 kir',5,'2018-09-20','2018-11-17',8000,'',0,8000,'2018-09-20 00:00:00','0000-00-00',1),(18,22,'jaak',8,'2018-09-20','2018-10-25',5000,'',1000,4000,'2018-09-20 00:00:00','0000-00-00',1),(19,22,'jaak',8,'2018-09-20','2018-11-01',6000,'',0,6000,'2018-09-20 00:00:00','0000-00-00',1),(20,22,'jaak',7,'2018-01-01','2018-03-12',10000,'',0,10000,'2018-09-20 00:00:00','0000-00-00',1),(21,22,'jaak',7,'2018-09-20','2018-10-25',5000,'',0,5000,'2018-09-20 00:00:00','0000-00-00',1),(22,22,'jaak',7,'2018-09-20','2018-09-21',1000,'',0,1000,'2018-09-20 00:00:00','0000-00-00',1),(23,22,'jaak',7,'2018-04-05','2018-05-10',5000,'',0,5000,'2018-09-20 00:00:00','0000-00-00',1),(24,22,'jaak',6,'2018-09-20','2018-10-04',2000,'',0,2000,'2018-09-20 00:00:00','0000-00-00',1),(25,23,'kph 2323 kc',9,'2018-09-20','2018-10-25',10000,'Weekly',50000,-40000,'2018-09-20 00:00:00','0000-00-00',1),(26,23,'kph 2323 kc',10,'2018-09-20','2018-10-25',10000,'',10000,0,'2018-09-20 00:00:00','2018-12-01',1),(27,24,'kcf 432 ke',11,'2018-09-20','2019-02-20',25000,'Monthly',7000,18000,'2018-09-20 00:00:00','0000-00-00',1),(28,26,'kcf 7373',12,'2018-09-20','2018-10-20',3000,'',3000,0,'2018-09-20 00:00:00','0000-00-00',1),(29,33,'KCL758V',13,'2018-07-01','2018-07-31',270000,'',0,270000,'2018-09-20 00:00:00','2018-08-30',1),(30,34,'kcn920k',14,'2018-09-20','2018-09-27',7000,'',0,7000,'2018-09-20 00:00:00','0000-00-00',1),(31,35,'KCD 615J',15,'2018-09-01','2018-10-01',45000,'Daily',0,45000,'2018-09-20 00:00:00','2018-09-30',1),(32,36,'KCC944B',16,'2018-09-02','2018-09-09',7000,'Weekly',7000,0,'2018-09-20 00:00:00','2018-09-09',1),(33,37,'Kcj981J',17,'2018-07-01','2018-07-08',7000,'Weekly',6000,1000,'2018-09-21 00:00:00','2018-07-08',1),(34,38,'Kcj425Q',18,'2018-07-01','2018-07-08',7000,'Weekly',7000,0,'2018-09-21 00:00:00','2018-07-08',1),(35,39,'kcf124T',19,'2018-07-01','2018-07-08',7000,'Weekly',7000,0,'2018-09-21 00:00:00','2018-07-08',1),(36,40,'Kbt817W',20,'2018-07-01','2018-07-08',7000,'Weekly',7000,0,'2018-09-21 00:00:00','2018-07-08',1),(37,41,'Kcd571T',21,'2018-07-01','2018-07-08',7000,'Weekly',7000,0,'2018-09-21 00:00:00','2018-07-08',1),(38,42,'Kcj519C',22,'2018-07-01','2018-07-08',7000,'Weekly',7000,0,'2018-09-21 00:00:00','2018-07-08',1),(39,43,'KCG377D',23,'2018-07-01','2018-07-08',7000,'Weekly',7000,0,'2018-09-21 00:00:00','2018-07-08',1),(40,44,'KCD245N',24,'2018-07-01','2018-07-08',7000,'Weekly',0,7000,'2018-09-21 00:00:00','2018-07-08',1),(41,45,'KCD472A',25,'2018-07-01','2018-07-08',7000,'Weekly',7000,0,'2018-09-21 00:00:00','2018-07-08',1),(42,46,'KBZ381J',26,'2018-07-01','2018-07-08',7000,'Weekly',7000,0,'2018-09-21 00:00:00','2018-07-08',1),(43,47,'KBT396A',27,'2018-07-01','2018-07-08',7000,'Weekly',7000,0,'2018-09-21 00:00:00','0000-00-00',1),(44,48,'KCJ984J',28,'2018-07-01','2018-07-08',7000,'Weekly',7000,0,'2018-09-21 00:00:00','0000-00-00',1),(45,49,'KBS892V',29,'2018-07-01','2018-07-08',7000,'Weekly',7000,0,'2018-09-21 00:00:00','0000-00-00',1),(46,50,'KCM920C',30,'2018-07-01','2018-07-08',7000,'Weekly',7000,0,'2018-09-21 00:00:00','0000-00-00',1),(47,51,'KCL361U',31,'2018-07-01','2018-07-08',10500,'Weekly',0,10500,'2018-09-21 00:00:00','2018-07-08',1),(48,52,'KCH413C',32,'2018-07-01','2018-07-08',7000,'Weekly',7000,0,'2018-09-21 00:00:00','2018-07-08',1),(49,53,'KCF342V',33,'2018-07-08','2018-07-15',10500,'Weekly',10500,0,'2018-09-21 00:00:00','2018-07-08',1),(50,54,'KBT802J',34,'2018-07-01','2018-07-08',7000,'Weekly',7000,0,'2018-09-21 00:00:00','2018-07-08',1),(51,55,'KBR805Y',35,'2018-07-01','2018-07-08',7000,'Weekly',7000,0,'2018-09-21 00:00:00','2018-07-08',1),(52,48,'KCJ984J',17,'2018-07-08','2018-07-15',7000,'',7000,0,'2018-09-21 00:00:00','2018-07-15',1),(53,48,'KCJ984J',17,'2018-07-15','2018-07-22',7000,'',7000,0,'2018-09-21 00:00:00','2018-07-22',1),(54,48,'KCJ984J',17,'2018-07-15','2018-07-22',7000,'',7000,0,'2018-09-21 00:00:00','2018-07-22',1),(55,56,'KCJ981T',36,'2018-07-01','2018-07-08',7000,'Weekly',7000,0,'2018-09-21 00:00:00','2018-07-08',1),(56,48,'KCJ984J',17,'2018-07-01','2018-07-08',7000,'',6000,1000,'2018-09-21 00:00:00','2018-07-08',1),(57,57,'KBR655L',37,'2018-01-07','2018-02-07',36000,'Monthly',36000,0,'2018-09-25 00:00:00','0000-00-00',1),(58,58,'KCK792V',38,'2018-01-07','2018-02-08',35000,'Monthly',0,35000,'2018-09-25 00:00:00','0000-00-00',1),(59,59,'KCC944C',39,'2018-07-01','2018-07-31',30000,'Daily',0,30000,'2018-09-25 00:00:00','0000-00-00',1),(60,60,'KCD456J',40,'2018-01-07','2018-02-07',30000,'Monthly',30000,0,'2018-09-25 00:00:00','0000-00-00',1),(61,61,'KCK941G',41,'2018-01-07','2018-02-07',30000,'Monthly',30000,0,'2018-09-25 00:00:00','0000-00-00',1),(62,62,'KBW385W',42,'2081-01-07','2081-02-07',36000,'Monthly',0,36000,'2018-09-25 00:00:00','0000-00-00',1),(63,63,'KCH109Y',43,'2018-01-07','2018-01-08',1000,'Daily',0,1000,'2018-09-25 00:00:00','0000-00-00',1),(64,64,'KCB645G',44,'2018-01-07','2018-02-07',40000,'Monthly',40000,0,'2018-09-25 00:00:00','0000-00-00',1),(65,65,'KBY806N',45,'2018-01-07','2018-02-06',30000,'Daily',30000,0,'2018-09-25 00:00:00','0000-00-00',1),(66,66,'KCD070D',46,'2018-01-07','2018-02-07',45000,'Monthly',0,45000,'2018-09-25 00:00:00','0000-00-00',1),(67,67,'KCD615J',47,'2018-01-07','2018-01-08',40000,'Monthly',40000,0,'2018-09-25 00:00:00','0000-00-00',1),(68,68,'KCA854D',48,'2018-07-01','2018-07-30',29000,'Daily',0,29000,'2018-09-25 00:00:00','0000-00-00',1),(69,69,'KCH706Y',49,'2018-07-01','2018-08-01',31000,'Daily',0,31000,'2018-09-25 00:00:00','2018-07-31',1),(70,70,'KCF TIDA',50,'2018-07-01','2018-07-08',7000,'Weekly',0,7000,'2018-09-25 00:00:00','0000-00-00',1),(71,71,'KCK935H',51,'2018-07-01','2018-07-08',10500,'Weekly',0,10500,'2018-09-25 00:00:00','0000-00-00',1),(72,72,'KCJ797B',52,'2018-07-01','2018-08-01',45000,'Monthly',0,45000,'2018-09-25 00:00:00','0000-00-00',1),(73,73,'KCD626E',53,'2018-07-01','2018-08-01',60000,'Monthly',0,60000,'2018-09-25 00:00:00','0000-00-00',1),(74,74,'KCK519A',54,'2018-07-01','2021-02-01',31000,'Monthly',0,31000,'2018-09-25 00:00:00','0000-00-00',1),(75,75,'KCL38Q',55,'2018-07-01','2018-08-01',31000,'Daily',31000,0,'2018-09-25 00:00:00','0000-00-00',1),(76,38,'Kcj425Q',18,'2018-07-08','2018-07-15',7000,'',0,7000,'2018-09-25 00:00:00','0000-00-00',1),(77,76,'KCK941g',56,'2018-09-30','2018-10-30',30000,'',0,30000,'2018-10-05 00:00:00','0000-00-00',1),(78,77,'Hurdaaye',57,'2018-09-30','2018-10-07',7000,'Weekly',0,7000,'2018-10-05 00:00:00','2018-10-07',1),(79,79,'KBT 396A',58,'2018-10-05','2018-10-07',2200,'Daily',0,2200,'2018-10-05 00:00:00','2018-10-07',1),(80,79,'KBT 396A',59,'2018-10-01','2018-10-28',27000,'Daily',7000,20000,'2018-10-05 00:00:00','2018-10-28',1),(81,81,'KCG 377D',60,'2018-10-01','2018-10-31',30000,'Daily',0,30000,'2018-10-05 00:00:00','0000-00-00',1),(82,82,'KCH 413C',61,'2018-10-01','2018-10-31',30000,'Daily',7000,23000,'2018-10-05 00:00:00','0000-00-00',1),(83,83,'KCK 935B',62,'2018-10-01','2018-10-31',30000,'Daily',0,30000,'2018-10-05 00:00:00','0000-00-00',1),(84,84,'KCL 361U',63,'2018-10-01','2018-11-01',35000,'Monthly',0,35000,'2018-10-05 00:00:00','2018-10-31',1),(85,81,'KCG 377D',64,'2018-10-05','2018-10-25',20000,'',5000,15000,'2018-10-05 00:00:00','0000-00-00',1),(86,85,'KBU 245N',65,'2018-10-07','2018-10-14',7000,'Daily',7000,0,'2018-10-05 00:00:00','2018-10-14',1),(87,85,'KBU 245N',65,'2018-10-16','2018-10-22',6000,'',1000,5000,'2018-10-05 00:00:00','2018-10-21',1),(88,82,'KCH 413C',66,'2018-10-01','2018-10-07',6000,'',0,6000,'2018-10-05 00:00:00','0000-00-00',1),(89,76,'KCK941g',66,'2018-10-05','2018-10-13',8000,'',0,8000,'2018-10-05 00:00:00','0000-00-00',1),(90,98,'KCD 382K',67,'2018-10-01','2018-10-08',7000,'',0,7000,'2018-10-05 00:00:00','2018-10-07',1),(91,90,'KBT 817W',68,'2018-10-01','2018-10-08',7000,'',0,7000,'2018-10-05 00:00:00','2018-10-07',1),(92,81,'KCG 377D',60,'2018-10-01','2018-10-08',7000,'',0,7000,'2018-10-05 00:00:00','2018-10-07',1),(93,81,'KCG 377D',60,'2018-10-08','2018-10-15',7000,'',0,7000,'2018-10-05 00:00:00','2018-10-15',1),(94,81,'KCG 377D',69,'2018-10-08','2018-10-15',7000,'',0,7000,'2018-10-05 00:00:00','2018-10-15',1),(95,95,'KCD 245N',70,'2018-10-01','2018-10-08',7000,'',0,7000,'2018-10-05 00:00:00','2018-10-08',1),(96,98,'KCD 382K',71,'2018-10-01','2018-10-08',9310,'',0,9310,'2018-10-05 00:00:00','2018-10-08',1),(97,98,'KCD 382K',72,'2018-10-01','2018-10-08',8400,'',0,8400,'2018-10-05 00:00:00','2018-10-08',1),(98,82,'KCH 413C',61,'2018-10-01','2018-10-08',7000,'',0,7000,'2018-10-05 00:00:00','2018-10-08',1),(99,98,'KCD 382K',73,'2018-10-01','2018-10-08',9310,'',0,9310,'2018-10-05 00:00:00','2018-10-08',1),(100,99,'KBS 892V',74,'2018-10-01','2018-10-08',7000,'',0,7000,'2018-10-07 00:00:00','2018-07-10',1),(101,100,'KBS 892V',75,'2018-10-01','2018-10-08',7000,'',0,7000,'2018-10-07 00:00:00','2018-10-07',1),(102,100,'KBS 892V',76,'2018-09-16','2018-09-30',14000,'',0,14000,'2018-10-07 00:00:00','2018-09-30',1),(103,97,'KBR 805Y',77,'2018-10-01','2018-10-08',7000,'Daily',0,7000,'2018-10-07 00:00:00','2018-10-08',1),(104,102,'KCJ 425Q',78,'2018-10-01','2018-10-08',7000,'',7000,0,'2018-10-07 00:00:00','2018-10-08',1),(105,103,'KCB 472A',79,'2018-10-01','2018-10-08',7000,'',5350,1650,'2018-10-07 00:00:00','2018-10-07',1),(106,104,'KBT 817W',80,'2018-10-01','2018-10-07',6000,'',6000,0,'2018-10-07 00:00:00','2018-10-07',1),(107,105,'KCD 245N',81,'2018-10-01','2018-10-08',7000,'',0,7000,'2018-10-07 00:00:00','2018-10-07',1),(108,101,'KBR 805Y',77,'2018-10-01','2018-10-08',7000,'',7000,0,'2018-10-07 00:00:00','2018-10-07',1),(109,106,'KCD 615J',82,'2018-10-02','2018-10-08',9000,'',0,9000,'2018-10-07 00:00:00','2018-10-07',1),(110,107,'KCQ 460R',83,'2018-10-01','2018-10-08',7000,'',7000,0,'2018-10-07 00:00:00','2018-10-07',1),(111,108,'KCQ 377T',84,'2018-10-01','2018-10-08',7000,'',7000,0,'2018-10-07 00:00:00','2018-10-07',1),(112,108,'KCQ 377T',85,'2018-10-08','2018-10-15',7000,'',0,7000,'2018-10-07 00:00:00','2018-10-14',1),(113,109,'KCH 413C',86,'2018-10-01','2018-10-08',7000,'',7000,0,'2018-10-07 00:00:00','2018-10-07',1),(114,10,'testt',87,'2018-10-01','2018-10-08',100,'Weekly',0,100,'2018-10-09 00:00:00','0000-00-00',1),(115,103,'KCB 472A',87,'2018-10-01','2018-10-08',7000,'',5,6995,'2018-10-09 00:00:00','0000-00-00',1),(116,111,'mm',87,'2018-10-09','2018-11-09',555,'Monthly',0,555,'2018-10-09 00:00:00','0000-00-00',1),(117,112,'ggg',87,'2018-10-09','2019-10-09',3,'Yearly',0,3,'2018-10-09 00:00:00','0000-00-00',1),(118,100,'KBS 892V',88,'2018-10-01','2018-10-20',19000,'',0,19000,'2018-10-09 00:00:00','0000-00-00',1),(119,109,'KCH 413C',88,'2018-10-01','2018-10-31',30000,'',0,30000,'2018-10-09 00:00:00','0000-00-00',1),(120,110,'test',88,'2018-10-01','2018-10-31',100,'',0,100,'2018-10-09 00:00:00','0000-00-00',1),(121,110,'test',88,'2018-10-09','2018-11-09',100,'',0,100,'2018-10-09 00:00:00','0000-00-00',1),(122,110,'test',88,'2018-10-09','2018-11-09',100,'',0,100,'2018-10-09 00:00:00','0000-00-00',1),(123,113,'Tt',88,'2018-10-09','2018-11-09',200,'Monthly',0,200,'2018-10-09 00:00:00','0000-00-00',1),(124,113,'Tt',88,'2018-10-01','2018-10-31',200,'',0,200,'2018-10-09 00:00:00','0000-00-00',1),(125,113,'Tt',88,'2018-10-01','2018-10-31',200,'',0,200,'2018-10-09 00:00:00','0000-00-00',1),(126,113,'Tt',88,'2018-10-09','2018-11-09',200,'',11,189,'2018-10-09 00:00:00','0000-00-00',1),(127,113,'Tt',88,'2018-10-01','2018-11-01',200,'',100,100,'2018-10-09 00:00:00','0000-00-00',1),(128,113,'Tt',88,'2018-10-09','2018-11-09',200,'Monthly',0,200,'2018-10-09 00:00:00','0000-00-00',1),(129,114,'Tty',88,'2018-10-09','2018-11-09',5,'Monthly',0,5,'2018-10-09 00:00:00','0000-00-00',1),(130,114,'Tty',88,'2018-10-01','2018-10-31',5,'Monthly',3,2,'2018-10-09 00:00:00','0000-00-00',1),(131,115,'KCQ 377T',85,'2018-10-01','2018-10-08',7000,'Daily',6000,1000,'2018-10-09 00:00:00','2018-10-07',1),(132,115,'KCQ 377T',89,'2018-10-08','2018-10-15',7000,'Daily',0,7000,'2018-10-09 00:00:00','2018-10-15',1),(133,116,'KCJ 981T',90,'2018-10-01','2018-10-08',7000,'Daily',7000,0,'2018-10-09 00:00:00','2018-10-07',1),(134,108,'KCQ 377T',85,'2018-10-08','2018-10-15',7000,'Daily',0,7000,'2018-10-09 00:00:00','2018-10-15',1),(135,86,'KCD 070F',91,'2018-10-01','2018-10-08',7000,'Daily',0,7000,'2018-10-09 00:00:00','2018-10-07',1),(136,117,'KCQ 377T',85,'2018-10-08','2018-10-15',7000,'Daily',0,7000,'2018-10-09 00:00:00','2018-10-14',1),(137,86,'KCD 070F',92,'2018-10-01','2018-10-08',8400,'Daily',0,8400,'2018-10-09 00:00:00','2018-10-07',1),(138,117,'KCQ 377T',91,'2018-10-01','2018-10-08',7000,'Daily',7000,0,'2018-10-09 00:00:00','2018-10-07',1),(139,119,'Kbw385w',93,'2018-10-01','2018-10-07',7000,'Weekly',7000,0,'2018-10-10 00:00:00','2018-10-07',1),(140,119,'Kbw385w',93,'2018-10-01','2018-10-07',7000,'Weekly',7000,0,'2018-10-10 00:00:00','2018-10-07',1),(141,120,'Kbw 385w',93,'2018-10-08','2018-10-15',7000,'Weekly',0,7000,'2018-10-10 00:00:00','2018-10-14',1),(142,120,'Kbw 385w',93,'2018-10-15','2018-10-22',7000,'Weekly',0,7000,'2018-10-10 00:00:00','2018-10-21',1),(143,120,'Kbw 385w',93,'2018-10-22','2018-10-29',7000,'Weekly',0,7000,'2018-10-10 00:00:00','2018-10-28',1),(144,121,'kbr 805y',94,'2018-10-10','2018-10-17',7000,'Daily',0,7000,'2018-10-10 00:00:00','0000-00-00',1),(145,120,'Kbw 385w',95,'2018-10-30','2018-11-06',7000,'Weekly',0,7000,'2018-10-10 00:00:00','2018-11-06',1),(146,10,'testt',96,'2018-10-08','2018-10-14',198,'Daily',0,198,'2018-10-10 00:00:00','0000-00-00',1),(147,120,'Kbw 385w',96,'2018-10-15','2018-10-21',7000,'Weekly',2,6998,'2018-10-10 00:00:00','0000-00-00',1),(148,122,'Testt',96,'2018-10-01','2018-10-31',990,'Weekly',6,984,'2018-10-10 00:00:00','0000-00-00',1),(149,122,'Testt',96,'2018-10-01','2018-10-31',990,'Weekly',12,978,'2018-10-10 00:00:00','0000-00-00',1),(150,120,'Kbw 385w',93,'2018-10-08','2018-10-14',7000,'Weekly',7000,0,'2018-10-10 00:00:00','2018-10-14',1),(151,122,'Testt',96,'2018-10-01','2018-10-31',990,'Weekly',60,930,'2018-10-10 00:00:00','0000-00-00',1),(152,120,'Kbw 385w',93,'2018-10-15','2018-10-21',7000,'Weekly',7000,0,'2018-10-10 00:00:00','2018-10-21',1),(153,120,'Kbw 385w',93,'2018-10-22','2018-10-28',7000,'Weekly',0,7000,'2018-10-10 00:00:00','2018-10-28',1),(154,123,'Ty',96,'2018-10-01','2018-10-31',2790,'Daily',39,2751,'2018-10-10 00:00:00','0000-00-00',1),(155,123,'Ty',96,'2018-10-01','2018-10-31',2700,'Daily',7,2693,'2018-10-10 00:00:00','0000-00-00',1),(156,122,'Testt',96,'2018-10-01','2018-10-31',1023,'Weekly',5,1018,'2018-10-10 00:00:00','0000-00-00',1),(157,122,'Testt',96,'2018-10-01','2018-10-31',1023,'Weekly',9,1014,'2018-10-10 00:00:00','0000-00-00',1),(158,124,'kck 941R',97,'2018-09-01','2018-09-30',30000,'Monthly',0,30000,'2018-10-10 00:00:00','2018-09-30',1),(159,122,'Testt',96,'2018-10-01','2018-10-31',1023,'Daily',75,948,'2018-10-10 00:00:00','0000-00-00',1),(160,124,'kck 941R',97,'2018-10-01','2018-10-31',30000,'Monthly',30000,0,'2018-10-10 00:00:00','2018-10-31',1),(161,125,'KBY 806Y',98,'2018-09-01','2018-09-30',30000,'Daily',30000,0,'2018-10-10 00:00:00','2018-09-30',1),(162,125,'KBY 806Y',98,'2018-10-01','2018-10-31',30000,'Daily',30000,0,'2018-10-10 00:00:00','2018-10-31',1),(163,120,'Kbw 385w',95,'2018-09-03','2018-09-09',7000,'Weekly',7000,0,'2018-10-10 00:00:00','2018-09-09',1),(164,120,'Kbw 385w',95,'2018-09-10','2018-09-16',7000,'Weekly',7000,0,'2018-10-10 00:00:00','2018-09-16',1),(165,120,'Kbw 385w',95,'2018-09-17','2018-09-23',7000,'Weekly',7000,0,'2018-10-10 00:00:00','0000-00-00',1),(166,120,'Kbw 385w',99,'2018-10-10','2018-10-16',7000,'Weekly',0,7000,'2018-10-10 00:00:00','0000-00-00',1),(167,126,'Testt',95,'2018-10-10','2018-10-16',20,'Weekly',0,20,'2018-10-10 00:00:00','0000-00-00',1),(168,126,'Testt',93,'2018-10-10','2018-11-20',120,'Weekly',0,120,'2018-10-10 00:00:00','0000-00-00',1),(169,127,'Kbu 245A',100,'2018-10-01','2018-10-31',45000,'Monthly',45000,0,'2018-10-10 00:00:00','2018-10-31',1),(170,128,'Kck 792V',101,'2018-10-01','2018-10-31',35000,'Monthly',35000,0,'2018-10-10 00:00:00','2018-10-31',1),(171,129,'Kcj 624Y',102,'2018-10-01','2018-10-31',45000,'Monthly',0,45000,'2018-10-10 00:00:00','2018-10-31',1),(172,130,'kcf 779Y',103,'2018-10-01','2018-10-07',7000,'Weekly',0,7000,'2018-10-10 00:00:00','2018-10-07',1),(173,131,'Kcb 645G',104,'2018-10-01','2018-10-31',40000,'Monthly',0,40000,'2018-10-11 00:00:00','2018-10-31',1),(174,132,'Kca 859G',105,'2018-10-01','2018-10-07',7000,'Weekly',0,7000,'2018-10-11 00:00:00','2018-10-07',1),(175,133,'Kby 332M',106,'2018-10-01','2018-10-31',45000,'Monthly',45000,0,'2018-10-11 00:00:00','2018-10-31',1),(176,89,'Kcf 124T',107,'2018-10-01','2018-10-07',7000,'Weekly',7000,0,'2018-10-11 00:00:00','2018-10-07',1),(177,135,'Kch 706E',108,'2018-10-01','2018-10-31',45000,'Monthly',0,45000,'2018-10-11 00:00:00','2018-10-31',1),(178,136,'Kby field',109,'2018-10-01','2018-10-31',40000,'Monthly',40000,0,'2018-10-11 00:00:00','2018-10-31',1),(179,137,'Kcd 326D',110,'2018-10-01','2018-10-31',60000,'Monthly',0,60000,'2018-10-11 00:00:00','2018-10-31',1),(180,138,'KCG 353H',111,'2018-10-01','2018-10-31',45000,'Monthly',45000,0,'2018-10-11 00:00:00','2018-10-31',1),(181,139,'Kcl389Q',112,'2018-10-01','2018-10-07',7000,'Weekly',7000,0,'2018-10-11 00:00:00','2018-10-07',1),(182,140,'Kck 519A',113,'2018-10-01','2018-10-07',7000,'Weekly',0,7000,'2018-10-11 00:00:00','2018-10-07',1),(183,141,'Kcj 977C',114,'2018-10-02','2018-10-10',9000,'Daily',9000,0,'2018-10-11 00:00:00','2018-10-09',1),(184,142,'Kcj 984G',115,'2018-10-01','2018-10-07',7000,'Weekly',5000,2000,'2018-10-11 00:00:00','2018-10-07',1),(185,143,'Kck 941G',116,'2018-10-01','2018-10-31',30000,'Monthly',0,30000,'2018-10-11 00:00:00','2018-10-31',1),(186,83,'Kck 935B',117,'2018-10-01','2018-10-07',7700,'Weekly',0,7700,'2018-10-11 00:00:00','2018-10-07',1),(187,145,'KCM 869V',118,'2018-10-01','2018-10-14',14000,'Weekly',0,14000,'2018-10-11 00:00:00','2018-10-14',1),(188,146,'Kbr 655L',119,'2018-10-01','2018-10-31',36000,'Monthly',0,36000,'2018-10-11 00:00:00','2018-10-31',1),(189,147,'KCJ 981T',120,'2018-10-01','2018-10-07',7000,'Weekly',7000,0,'2018-10-11 00:00:00','2018-10-07',1),(190,147,'KCJ 981T',120,'2018-10-08','2018-10-14',7000,'Weekly',0,7000,'2018-10-11 00:00:00','2018-10-14',1),(191,149,'KBT 817W',121,'2018-10-01','2018-10-06',6000,'Daily',6000,0,'2018-10-11 00:00:00','2018-10-07',1),(192,149,'KBT 817W',121,'2018-10-08','2018-10-14',6000,'Daily',6000,0,'2018-10-11 00:00:00','2018-10-14',1),(193,148,'kcj 425Q',122,'2018-10-01','2018-10-07',7000,'Daily',7000,0,'2018-10-11 00:00:00','2018-10-07',1),(194,148,'kcj 425Q',122,'2018-10-08','2018-10-14',7000,'Daily',0,7000,'2018-10-11 00:00:00','2018-10-14',1),(195,151,'KCJ 519C',123,'2018-10-01','2018-10-07',7000,'Daily',7000,0,'2018-10-11 00:00:00','2018-10-07',1),(196,151,'KCJ 519C',123,'2018-10-08','2018-10-14',7000,'Daily',7000,0,'2018-10-11 00:00:00','2018-10-14',1),(197,152,'KCQ 377T',124,'2018-10-01','2018-10-07',7000,'Daily',0,7000,'2018-10-11 00:00:00','2018-10-07',1),(198,152,'KCQ 377T',124,'2018-10-08','2018-10-14',7000,'Daily',0,7000,'2018-10-11 00:00:00','2018-10-14',1),(199,154,'KBT 802J',125,'2018-10-01','2018-10-07',7000,'Daily',7000,0,'2018-10-11 00:00:00','2018-10-07',1),(200,154,'KBT 802J',126,'2018-10-08','2018-10-14',7000,'Daily',0,7000,'2018-10-11 00:00:00','2018-10-14',1),(201,152,'KCQ 377T',125,'2018-10-08','2018-10-14',7000,'Daily',0,7000,'2018-10-11 00:00:00','2018-10-14',1),(202,147,'KCJ 981T',127,'2018-10-01','2018-10-07',7000,'Daily',7000,0,'2018-10-11 00:00:00','2018-10-07',1),(203,147,'KCJ 981T',127,'2018-10-01','2018-10-07',7000,'Daily',0,7000,'2018-10-11 00:00:00','2018-10-07',1),(204,147,'KCJ 981T',127,'2018-10-08','2018-10-14',7000,'Daily',7000,0,'2018-10-11 00:00:00','2018-10-14',1),(205,152,'KCQ 377T',125,'2018-10-08','2018-10-14',7000,'Daily',0,7000,'2018-10-11 00:00:00','2018-10-14',1),(206,155,'KCG 377D',128,'2018-10-01','2018-10-07',7000,'Daily',0,7000,'2018-10-11 00:00:00','2018-10-07',1),(207,155,'KCG 377D',128,'2018-10-08','2018-10-14',7000,'Daily',0,7000,'2018-10-11 00:00:00','2018-10-14',1),(208,152,'KCQ 377T',129,'2018-10-01','2018-10-07',7000,'Daily',7000,0,'2018-10-11 00:00:00','2018-10-07',1),(209,108,'KCQ 377T',130,'2018-10-01','2018-10-07',6000,'Daily',0,6000,'2018-10-12 00:00:00','2018-10-07',1),(210,156,'KBX 693T',131,'2018-10-01','2018-10-07',7000,'Daily',7000,0,'2018-10-12 00:00:00','2018-10-07',1),(211,156,'KBX 693T',125,'2018-10-08','2018-10-14',7000,'Daily',0,7000,'2018-10-12 00:00:00','2018-10-14',1),(212,153,'KCD 245N',132,'2018-10-01','2018-10-07',7000,'Daily',0,7000,'2018-10-12 00:00:00','2018-10-07',1),(213,153,'KCD 245N',132,'2018-10-08','2018-10-14',7000,'Daily',0,7000,'2018-10-12 00:00:00','2018-10-14',1),(214,156,'KBX 693T',125,'2018-10-08','2018-10-14',7000,'Daily',0,7000,'2018-10-12 00:00:00','2018-10-14',1),(215,157,'KBT 396A',133,'2018-10-08','2018-10-14',7000,'Daily',0,7000,'2018-10-12 00:00:00','2018-10-14',1),(216,157,'KBT 396A',133,'2018-10-08','2018-10-14',7000,'Daily',0,7000,'2018-10-12 00:00:00','2018-10-14',1),(217,120,'Kbw 385w',134,'2018-10-14','2018-10-20',7000,'Weekly',0,7000,'2018-10-14 00:00:00','0000-00-00',1),(218,151,'KCJ 519C',123,'2018-10-15','2018-10-21',7000,'Daily',7000,0,'2018-10-15 00:00:00','2018-10-21',1),(219,142,'Kcj 984G',115,'2018-10-08','2018-10-14',7000,'Weekly',0,7000,'2018-10-18 00:00:00','0000-00-00',1),(220,142,'Kcj 984G',115,'2018-10-15','2018-10-18',4000,'Daily',0,4000,'2018-10-18 00:00:00','0000-00-00',1),(221,158,'Kcb 6666',135,'2018-10-19','2018-10-21',3000,'Daily',0,3000,'2018-10-19 00:00:00','0000-00-00',1),(222,145,'KCM 869V',135,'2018-10-19','2018-10-21',7000,'Weekly',0,7000,'2018-10-19 00:00:00','0000-00-00',1),(223,159,'KBBBB',136,'2018-10-20','2018-10-26',7000,'Weekly',0,7000,'2018-10-20 00:00:00','0000-00-00',1),(224,160,'kbv 600c',137,'2018-10-01','2018-10-31',40000,'Monthly',0,40000,'2018-10-21 00:00:00','2018-10-31',1),(225,86,'KCD 070F',138,'2018-10-01','2018-10-07',8400,'Weekly',0,8400,'2018-10-21 00:00:00','0000-00-00',1),(226,35,'KCD 615J',139,'2018-10-01','2018-10-31',45000,'Monthly',0,45000,'2018-10-21 00:00:00','0000-00-00',1),(227,99,'KBS 892V',140,'2018-10-01','2018-10-07',7000,'Weekly',0,7000,'2018-10-21 00:00:00','0000-00-00',1),(228,84,'KCL 361U',141,'2018-10-01','2018-10-31',35000,'Monthly',0,35000,'2018-10-21 00:00:00','0000-00-00',1),(229,82,'KCH 413C',142,'2018-10-01','2018-10-07',7000,'Weekly',0,7000,'2018-10-21 00:00:00','0000-00-00',1),(230,166,'KCC 861U',143,'2018-10-01','2018-10-07',9000,'Weekly',0,9000,'2018-10-21 00:00:00','0000-00-00',1),(231,167,'KCM 920C',144,'2018-10-01','2018-10-07',7000,'Weekly',0,7000,'2018-10-21 00:00:00','0000-00-00',1),(232,168,'KCD 456J',145,'2018-10-01','2018-10-07',7000,'Weekly',0,7000,'2018-10-21 00:00:00','0000-00-00',1),(233,169,'KCC 944U',146,'2018-10-01','2018-10-07',7000,'Weekly',0,7000,'2018-10-21 00:00:00','0000-00-00',1),(234,98,'KCD 382K',147,'2018-10-01','2018-10-16',20000,'Daily',0,20000,'2018-10-21 00:00:00','0000-00-00',1),(235,171,'KCK 911D',148,'2018-10-01','2018-10-31',0,'Monthly',0,0,'2018-10-21 00:00:00','0000-00-00',1),(236,156,'KBX 693T',149,'2018-10-01','2018-10-07',7000,'Weekly',0,7000,'2018-10-21 00:00:00','0000-00-00',1),(237,94,'KBZ 381J',150,'2018-10-01','2018-10-14',14000,'Weekly',0,14000,'2018-10-21 00:00:00','2018-10-14',1),(238,93,'KCB 472A',151,'2018-10-01','2018-10-21',21000,'Weekly',21000,0,'2018-10-21 00:00:00','0000-00-00',1),(239,130,'kcf 779Y',103,'2018-10-08','2018-10-14',7000,'Weekly',7000,0,'2018-10-21 00:00:00','0000-00-00',1),(240,132,'Kca 859G',105,'2018-10-08','2018-10-21',14000,'Weekly',0,14000,'2018-10-21 00:00:00','0000-00-00',1),(241,172,'KBX 693T',149,'2018-10-01','2018-10-14',14000,'Weekly',0,14000,'2018-10-21 00:00:00','0000-00-00',1),(242,172,'KBX 693T',152,'2018-10-20','2018-10-27',8000,'Weekly',8000,0,'2018-10-21 00:00:00','0000-00-00',1),(243,131,'Kcb 645G',153,'2018-10-01','2018-10-31',40000,'Monthly',0,40000,'2018-10-21 00:00:00','0000-00-00',1),(244,134,'Kcf 124T',107,'2018-10-08','2018-10-21',14000,'Daily',14000,0,'2018-10-21 00:00:00','0000-00-00',1),(245,133,'Kby 332M',154,'2018-10-01','2018-10-31',45000,'Monthly',45000,0,'2018-10-21 00:00:00','0000-00-00',1),(246,174,'KCB 472A',151,'2018-10-22','2018-10-28',7000,'Daily',0,7000,'2018-10-25 00:00:00','0000-00-00',1),(247,128,'Kck 792V',101,'2018-11-01','2018-11-30',35000,'Monthly',35000,0,'2018-11-30 00:00:00','0000-00-00',1),(248,128,'Kck 792V',101,'2018-09-01','2018-09-30',35000,'Monthly',35000,0,'2018-11-30 00:00:00','0000-00-00',1),(249,128,'Kck 792V',101,'2018-08-01','2018-08-31',35000,'Monthly',35000,0,'2018-11-30 00:00:00','2018-08-31',1),(250,125,'KBY 806Y',155,'2018-11-01','2018-11-30',30000,'Monthly',30000,0,'2018-11-30 00:00:00','0000-00-00',1),(251,170,'KCD 382K',102,'2018-11-01','2018-11-30',45000,'Daily',45000,0,'2018-11-30 00:00:00','2018-11-30',1),(252,175,'KAZ 568R',156,'2018-12-30','2019-01-02',16000,'Daily',16000,0,'2018-12-30 00:00:00','0000-00-00',1),(253,128,'Kck 792V',101,'2018-11-01','2018-12-31',75000,'Monthly',0,75000,'2019-01-05 00:00:00','2018-12-31',1),(254,151,'KCJ 519C',113,'2018-09-01','2018-12-31',126000,'Daily',0,126000,'2019-01-05 00:00:00','2018-12-31',1),(255,167,'KCM 920C',118,'2018-12-01','2019-01-04',35000,'Weekly',0,35000,'2019-01-05 00:00:00','2018-12-31',1),(256,120,'Kbw 385w',157,'2019-01-05','2019-02-04',35000,'Monthly',0,35000,'2019-01-05 00:00:00','2019-02-04',1),(257,170,'KCD 382K',102,'2019-01-01','2019-01-31',45000,'Daily',0,45000,'2019-01-05 00:00:00','2019-01-31',1),(258,125,'KBY 806Y',155,'2019-01-01','2019-01-31',31000,'Monthly',0,31000,'2019-01-05 00:00:00','2019-01-31',1),(259,120,'Kbw 385w',158,'2019-01-01','2019-01-31',35000,'Monthly',0,35000,'2019-01-05 00:00:00','2019-01-31',1),(260,174,'KCB 472A',159,'2019-01-05','2019-01-11',7000,'Daily',0,7000,'2019-01-05 00:00:00','0000-00-00',1),(261,174,'KCB 472A',159,'2018-12-31','2019-01-06',7000,'Daily',0,7000,'2019-01-05 00:00:00','2019-01-06',1),(262,125,'KBY 806Y',160,'2019-01-01','2019-01-31',31000,'Monthly',0,31000,'2019-01-05 00:00:00','2019-01-31',1),(263,131,'Kcb 645G',161,'2019-01-01','2019-01-31',40000,'Monthly',0,40000,'2019-01-05 00:00:00','2019-01-31',1),(264,170,'KCD 382K',162,'2019-01-01','2019-01-31',45000,'Daily',0,45000,'2019-01-05 00:00:00','2019-01-31',1),(265,132,'Kca 859G',163,'2019-01-01','2019-01-31',30000,'Monthly',0,30000,'2019-01-05 00:00:00','2019-01-31',1),(266,110,'test',164,'2019-04-16','2019-04-27',40,'Weekly',30,10,'2019-04-16 00:00:00','0000-00-00',1),(267,120,'Kbw 385w',164,'2019-04-16','2019-07-15',105000,'Monthly',0,105000,'2019-04-16 00:00:00','0000-00-00',1),(268,176,'test',164,'2019-04-16','2019-05-27',120,'Monthly',50,70,'2019-04-16 00:00:00','0000-00-00',1),(269,133,'kby 332m',165,'2019-07-01','2019-07-31',40000,'Monthly',0,40000,'2019-07-04 00:00:00','0000-00-00',1),(270,178,'KBW 385C',166,'2019-07-01','2019-07-31',40000,'Monthly',0,40000,'2019-07-04 00:00:00','0000-00-00',1),(271,146,'kbr 655L',167,'2019-07-01','2019-07-31',36000,'Monthly',0,36000,'2019-07-04 00:00:00','0000-00-00',1),(272,179,'KBR 655L',165,'2019-07-01','2019-07-31',36000,'Monthly',0,36000,'2019-08-23 00:00:00','2019-07-31',1),(273,180,'KCM 892V',168,'2019-07-01','2019-07-31',30000,'Monthly',0,30000,'2019-08-23 00:00:00','0000-00-00',1),(274,189,'KCK 519A',169,'2019-07-01','2019-07-31',30000,'Weekly',30000,0,'2019-08-23 00:00:00','0000-00-00',0),(275,181,'KCF 977G',170,'2019-07-12','2019-08-11',30000,'Monthly',30000,0,'2019-08-23 00:00:00','2019-08-11',0),(276,193,'KCJ 981T',171,'2019-07-01','2019-07-31',30000,'Daily',0,30000,'2019-08-23 00:00:00','2019-07-31',1),(277,196,'KCK 792V',172,'2019-07-01','2019-07-31',40000,'Monthly',0,40000,'2019-08-23 00:00:00','0000-00-00',0),(278,183,'KCG 353D',173,'2019-07-01','2019-07-31',30,'Monthly',0,30,'2019-08-23 00:00:00','0000-00-00',0),(279,182,'KCK 935H',173,'2019-07-01','2019-07-31',30000,'Monthly',0,30000,'2019-08-23 00:00:00','0000-00-00',0),(280,183,'KCG 353D',174,'2019-07-01','2019-07-31',30000,'Monthly',0,30000,'2019-08-23 00:00:00','0000-00-00',0),(281,179,'KBR 655L',175,'2019-07-01','2019-07-31',36000,'Monthly',0,36000,'2019-08-23 00:00:00','2019-07-31',0),(282,194,'KCD 326E',176,'2019-07-01','2019-07-31',45000,'Monthly',0,45000,'2019-08-23 00:00:00','2019-07-31',0),(283,178,'KBW 385C',177,'2019-07-22','2019-08-21',35000,'Monthly',35000,0,'2019-08-23 00:00:00','0000-00-00',0),(284,185,'KBV 600C',178,'2019-07-13','2019-08-12',40000,'Monthly',40000,0,'2019-08-23 00:00:00','0000-00-00',0),(285,177,'KBY 332M',179,'2019-08-07','2019-08-14',21000,'Monthly',21000,0,'2019-08-23 00:00:00','0000-00-00',0),(286,183,'KCG 353D',170,'2019-09-01','2019-09-30',30000,'Monthly',0,30000,'2019-10-13 00:00:00','2019-09-30',0),(287,189,'KCK 519A',169,'2019-09-01','2019-10-31',60000,'Weekly',30000,30000,'2019-10-13 00:00:00','2019-10-31',0);
/*!40000 ALTER TABLE `rented_cars` ENABLE KEYS */;
UNLOCK TABLES;

--
-- Table structure for table `security`
--

DROP TABLE IF EXISTS `security`;
/*!40101 SET @saved_cs_client     = @@character_set_client */;
/*!40101 SET character_set_client = utf8 */;
CREATE TABLE `security` (
  `id` int(11) NOT NULL AUTO_INCREMENT,
  `crf_token` int(11) NOT NULL,
  `crf_token_status` int(1) NOT NULL,
  `pass_reset_code` varchar(100) NOT NULL,
  `pass_reset_code_status` int(1) NOT NULL,
  `expiration_date` date NOT NULL,
  PRIMARY KEY (`id`)
) ENGINE=InnoDB AUTO_INCREMENT=2060 DEFAULT CHARSET=latin1;
/*!40101 SET character_set_client = @saved_cs_client */;

--
-- Dumping data for table `security`
--

LOCK TABLES `security` WRITE;
/*!40000 ALTER TABLE `security` DISABLE KEYS */;
INSERT INTO `security` VALUES (1,0,0,'821591033',0,'0000-00-00'),(2,0,0,'663504847',0,'0000-00-00'),(3,0,0,'62220083',0,'0000-00-00'),(4,0,0,'625605200',0,'0000-00-00'),(5,0,0,'1083622877',0,'0000-00-00'),(6,0,0,'149831644',0,'0000-00-00'),(7,0,0,'1557614318',0,'0000-00-00'),(8,0,0,'1807090564',0,'0000-00-00'),(9,0,0,'1277141554',0,'0000-00-00'),(10,0,0,'288027406',0,'0000-00-00'),(11,0,0,'833107432',0,'0000-00-00'),(12,1690683016,0,'',0,'0000-00-00'),(13,992152455,0,'',0,'0000-00-00'),(14,1766438796,0,'',0,'0000-00-00'),(15,401521642,0,'',0,'0000-00-00'),(16,132313486,0,'',0,'0000-00-00'),(17,56891897,0,'',0,'0000-00-00'),(18,822380700,0,'',0,'0000-00-00'),(19,271860022,0,'',0,'0000-00-00'),(20,432176118,0,'',0,'0000-00-00'),(21,751438896,0,'',0,'0000-00-00'),(22,1486577069,0,'',0,'0000-00-00'),(23,1030531443,0,'',0,'0000-00-00'),(24,2138865846,0,'',0,'0000-00-00'),(25,844172776,0,'',0,'0000-00-00'),(26,1635630361,0,'',0,'0000-00-00'),(27,748879346,0,'',0,'0000-00-00'),(28,774574343,0,'',0,'0000-00-00'),(29,690312693,0,'',0,'0000-00-00'),(30,165691483,0,'',0,'0000-00-00'),(31,1428235492,0,'',0,'0000-00-00'),(32,875023497,0,'',0,'0000-00-00'),(33,1294269768,0,'',0,'0000-00-00'),(34,1339887353,0,'',0,'0000-00-00'),(35,2074646068,0,'',0,'0000-00-00'),(36,920017070,0,'',0,'0000-00-00'),(37,1276875357,0,'',0,'0000-00-00'),(38,1883120150,0,'',0,'0000-00-00'),(39,1976204972,0,'',0,'0000-00-00'),(40,1444914728,0,'',0,'0000-00-00'),(41,1262093081,0,'',0,'0000-00-00'),(42,1937318827,0,'',0,'0000-00-00'),(43,788507891,0,'',0,'0000-00-00'),(44,1836851314,0,'',0,'0000-00-00'),(45,1332880504,0,'',0,'0000-00-00'),(46,1019191982,0,'',0,'0000-00-00'),(47,1132821430,0,'',0,'0000-00-00'),(48,1139891741,0,'',0,'0000-00-00'),(49,1374302668,0,'',0,'0000-00-00'),(50,1200968603,0,'',0,'0000-00-00'),(51,490109198,0,'',0,'0000-00-00'),(52,398259823,0,'',0,'0000-00-00'),(53,1439085361,0,'',0,'0000-00-00'),(54,249037557,0,'',0,'0000-00-00'),(55,1431141483,0,'',0,'0000-00-00'),(56,1514795708,0,'',0,'0000-00-00'),(57,1581786782,0,'',0,'0000-00-00'),(58,1377961822,0,'',0,'0000-00-00'),(59,1930307578,0,'',0,'0000-00-00'),(60,890807967,0,'',0,'0000-00-00'),(61,1489767591,0,'',0,'0000-00-00'),(62,1156169687,0,'',0,'0000-00-00'),(63,496478760,0,'',0,'0000-00-00'),(64,828925897,0,'',0,'0000-00-00'),(65,1608121362,0,'',0,'0000-00-00'),(66,1179845127,0,'',0,'0000-00-00'),(67,465330396,0,'',0,'0000-00-00'),(68,1881514078,0,'',0,'0000-00-00'),(69,171476812,0,'',0,'0000-00-00'),(70,1333989401,0,'',0,'0000-00-00'),(71,783155343,0,'',0,'0000-00-00'),(72,1730960885,0,'',0,'0000-00-00'),(73,126368153,0,'',0,'0000-00-00'),(74,2089380196,0,'',0,'0000-00-00'),(75,426192430,0,'',0,'0000-00-00'),(76,1076418391,0,'',0,'0000-00-00'),(77,2144400252,0,'',0,'0000-00-00'),(78,1966594474,0,'',0,'0000-00-00'),(79,1328076954,0,'',0,'0000-00-00'),(80,551151378,0,'',0,'0000-00-00'),(81,1747770599,0,'',0,'0000-00-00'),(82,1003771977,0,'',0,'0000-00-00'),(83,2068428286,0,'',0,'0000-00-00'),(84,1267617639,0,'',0,'0000-00-00'),(85,1584363155,0,'',0,'0000-00-00'),(86,100022766,0,'',0,'0000-00-00'),(87,1009877362,0,'',0,'0000-00-00'),(88,999791095,0,'',0,'0000-00-00'),(89,1450142779,0,'',0,'0000-00-00'),(90,1083910528,0,'',0,'0000-00-00'),(91,1438449379,0,'',0,'0000-00-00'),(92,432985707,0,'',0,'0000-00-00'),(93,169642703,0,'',0,'0000-00-00'),(94,585493264,0,'',0,'0000-00-00'),(95,1726806750,0,'',0,'0000-00-00'),(96,806071588,0,'',0,'0000-00-00'),(97,1532288325,0,'',0,'0000-00-00'),(98,1575919054,0,'',0,'0000-00-00'),(99,1669165919,0,'',0,'0000-00-00'),(100,1356250444,0,'',0,'0000-00-00'),(101,1631077663,0,'',0,'0000-00-00'),(102,665762932,0,'',0,'0000-00-00'),(103,2003122433,0,'',0,'0000-00-00'),(104,1414061214,0,'',0,'0000-00-00'),(105,1207926417,0,'',0,'0000-00-00'),(106,1646118972,0,'',0,'0000-00-00'),(107,4992956,0,'',0,'0000-00-00'),(108,1841225979,0,'',0,'0000-00-00'),(109,1336162244,0,'',0,'0000-00-00'),(110,1760462006,0,'',0,'0000-00-00'),(111,2083662602,0,'',0,'0000-00-00'),(112,1919285941,0,'',0,'0000-00-00'),(113,895841188,0,'',0,'0000-00-00'),(114,1400591831,0,'',0,'0000-00-00'),(115,1796921649,0,'',0,'0000-00-00'),(116,1411314232,0,'',0,'0000-00-00'),(117,642407151,0,'',0,'0000-00-00'),(118,1833672513,0,'',0,'0000-00-00'),(119,933943728,0,'',0,'0000-00-00'),(120,1205077550,0,'',0,'0000-00-00'),(121,1485232122,0,'',0,'0000-00-00'),(122,1266460877,0,'',0,'0000-00-00'),(123,1785792263,0,'',0,'0000-00-00'),(124,908858262,0,'',0,'0000-00-00'),(125,1558632216,0,'',0,'0000-00-00'),(126,1961060894,0,'',0,'0000-00-00'),(127,162593969,0,'',0,'0000-00-00'),(128,398036253,0,'',0,'0000-00-00'),(129,818921488,0,'',0,'0000-00-00'),(130,576721628,0,'',0,'0000-00-00'),(131,847846653,0,'',0,'0000-00-00'),(132,1339887232,0,'',0,'0000-00-00'),(133,1484400347,0,'',0,'0000-00-00'),(134,1684602597,0,'',0,'0000-00-00'),(135,146568693,0,'',0,'0000-00-00'),(136,2091671927,0,'',0,'0000-00-00'),(137,454210528,0,'',0,'0000-00-00'),(138,38475446,0,'',0,'0000-00-00'),(139,676547022,0,'',0,'0000-00-00'),(140,181254760,0,'',0,'0000-00-00'),(141,50700515,0,'',0,'0000-00-00'),(142,1513078569,0,'',0,'0000-00-00'),(143,1318440301,0,'',0,'0000-00-00'),(144,2046111351,0,'',0,'0000-00-00'),(145,2122197520,0,'',0,'0000-00-00'),(146,1863679922,0,'',0,'0000-00-00'),(147,1702675225,0,'',0,'0000-00-00'),(148,630354127,0,'',0,'0000-00-00'),(149,814779725,0,'',0,'0000-00-00'),(150,1459198771,0,'',0,'0000-00-00'),(151,1086964494,0,'',0,'0000-00-00'),(152,729465429,0,'',0,'0000-00-00'),(153,1906367519,0,'',0,'0000-00-00'),(154,1479485911,0,'',0,'0000-00-00'),(155,1033993455,0,'',0,'0000-00-00'),(156,738682069,0,'',0,'0000-00-00'),(157,1595315741,0,'',0,'0000-00-00'),(158,704207929,0,'',0,'0000-00-00'),(159,820913011,0,'',0,'0000-00-00'),(160,1622059162,0,'',0,'0000-00-00'),(161,1152178644,0,'',0,'0000-00-00'),(162,78313822,0,'',0,'0000-00-00'),(163,1578207970,0,'',0,'0000-00-00'),(164,1778268184,0,'',0,'0000-00-00'),(165,243947314,0,'',0,'0000-00-00'),(166,942256683,0,'',0,'0000-00-00'),(167,1591898374,0,'',0,'0000-00-00'),(168,1349843771,0,'',0,'0000-00-00'),(169,1661617842,0,'',0,'0000-00-00'),(170,1433757214,0,'',0,'0000-00-00'),(171,480739173,0,'',0,'0000-00-00'),(172,2025461897,0,'',0,'0000-00-00'),(173,625338182,0,'',0,'0000-00-00'),(174,2136077742,0,'',0,'0000-00-00'),(175,971011246,0,'',0,'0000-00-00'),(176,274581474,0,'',0,'0000-00-00'),(177,249199631,0,'',0,'0000-00-00'),(178,1696549341,0,'',0,'0000-00-00'),(179,1440096364,0,'',0,'0000-00-00'),(180,31967577,0,'',0,'0000-00-00'),(181,1982327071,0,'',0,'0000-00-00'),(182,873334544,0,'',0,'0000-00-00'),(183,43952593,0,'',0,'0000-00-00'),(184,437031626,0,'',0,'0000-00-00'),(185,1558455837,0,'',0,'0000-00-00'),(186,1327119677,0,'',0,'0000-00-00'),(187,94275663,0,'',0,'0000-00-00'),(188,214004515,0,'',0,'0000-00-00'),(189,1160690194,0,'',0,'0000-00-00'),(190,943718789,0,'',0,'0000-00-00'),(191,2015511062,0,'',0,'0000-00-00'),(192,737555186,0,'',0,'0000-00-00'),(193,965719461,0,'',0,'0000-00-00'),(194,1027894075,0,'',0,'0000-00-00'),(195,780928426,0,'',0,'0000-00-00'),(196,2067443896,0,'',0,'0000-00-00'),(197,1712208385,0,'',0,'0000-00-00'),(198,925159621,0,'',0,'0000-00-00'),(199,445851872,0,'',0,'0000-00-00'),(200,2109399200,0,'',0,'0000-00-00'),(201,211517432,0,'',0,'0000-00-00'),(202,1703789405,0,'',0,'0000-00-00'),(203,1089091844,0,'',0,'0000-00-00'),(204,1439689765,0,'',0,'0000-00-00'),(205,299272926,0,'',0,'0000-00-00'),(206,889274373,0,'',0,'0000-00-00'),(207,1994560503,0,'',0,'0000-00-00'),(208,1646388736,0,'',0,'0000-00-00'),(209,1143834207,0,'',0,'0000-00-00'),(210,1146177975,0,'',0,'0000-00-00'),(211,1684920705,0,'',0,'0000-00-00'),(212,1348980292,0,'',0,'0000-00-00'),(213,583644030,0,'',0,'0000-00-00'),(214,1161773238,0,'',0,'0000-00-00'),(215,1301139906,0,'',0,'0000-00-00'),(216,131754041,0,'',0,'0000-00-00'),(217,1253564737,0,'',0,'0000-00-00'),(218,30885899,0,'',0,'0000-00-00'),(219,1008670119,0,'',0,'0000-00-00'),(220,1009374931,0,'',0,'0000-00-00'),(221,1761883926,0,'',0,'0000-00-00'),(222,1718516502,0,'',0,'0000-00-00'),(223,550207659,0,'',0,'0000-00-00'),(224,1665804810,0,'',0,'0000-00-00'),(225,212420082,0,'',0,'0000-00-00'),(226,2087530425,0,'',0,'0000-00-00'),(227,790326673,0,'',0,'0000-00-00'),(228,1510164366,0,'',0,'0000-00-00'),(229,1246273361,0,'',0,'0000-00-00'),(230,1483879704,0,'',0,'0000-00-00'),(231,293810312,0,'',0,'0000-00-00'),(232,2044209544,0,'',0,'0000-00-00'),(233,20718200,0,'',0,'0000-00-00'),(234,137126430,0,'',0,'0000-00-00'),(235,686621240,0,'',0,'0000-00-00'),(236,1095498977,0,'',0,'0000-00-00'),(237,11012712,0,'',0,'0000-00-00'),(238,555294112,0,'',0,'0000-00-00'),(239,141234673,0,'',0,'0000-00-00'),(240,323940956,0,'',0,'0000-00-00'),(241,1919849735,0,'',0,'0000-00-00'),(242,943581691,0,'',0,'0000-00-00'),(243,202505335,0,'',0,'0000-00-00'),(244,629271901,0,'',0,'0000-00-00'),(245,466193763,0,'',0,'0000-00-00'),(246,315196842,0,'',0,'0000-00-00'),(247,1045262869,0,'',0,'0000-00-00'),(248,348784718,0,'',0,'0000-00-00'),(249,1840938258,0,'',0,'0000-00-00'),(250,1522086347,0,'',0,'0000-00-00'),(251,1631606503,0,'',0,'0000-00-00'),(252,105279376,0,'',0,'0000-00-00'),(253,793985015,0,'',0,'0000-00-00'),(254,668097558,0,'',0,'0000-00-00'),(255,838816622,0,'',0,'0000-00-00'),(256,1463653957,0,'',0,'0000-00-00'),(257,1184924117,0,'',0,'0000-00-00'),(258,647322930,0,'',0,'0000-00-00'),(259,176835300,0,'',0,'0000-00-00'),(260,1057781318,0,'',0,'0000-00-00'),(261,719052221,0,'',0,'0000-00-00'),(262,1681956678,0,'',0,'0000-00-00'),(263,1092492852,0,'',0,'0000-00-00'),(264,2110949245,0,'',0,'0000-00-00'),(265,735543705,0,'',0,'0000-00-00'),(266,1083476681,0,'',0,'0000-00-00'),(267,570672279,0,'',0,'0000-00-00'),(268,427398456,0,'',0,'0000-00-00'),(269,2040952684,0,'',0,'0000-00-00'),(270,957452983,0,'',0,'0000-00-00'),(271,1176383446,0,'',0,'0000-00-00'),(272,976775,0,'',0,'0000-00-00'),(273,1363941427,0,'',0,'0000-00-00'),(274,101037319,0,'',0,'0000-00-00'),(275,1434252305,0,'',0,'0000-00-00'),(276,913823663,0,'',0,'0000-00-00'),(277,302568802,0,'',0,'0000-00-00'),(278,868855320,0,'',0,'0000-00-00'),(279,66156823,0,'',0,'0000-00-00'),(280,308136237,0,'',0,'0000-00-00'),(281,1481820988,0,'',0,'0000-00-00'),(282,530947874,0,'',0,'0000-00-00'),(283,714897774,0,'',0,'0000-00-00'),(284,863048152,0,'',0,'0000-00-00'),(285,2061329301,0,'',0,'0000-00-00'),(286,1159424200,0,'',0,'0000-00-00'),(287,2027547096,0,'',0,'0000-00-00'),(288,1798696570,0,'',0,'0000-00-00'),(289,895040834,0,'',0,'0000-00-00'),(290,637821119,0,'',0,'0000-00-00'),(291,1790183298,0,'',0,'0000-00-00'),(292,247504745,0,'',0,'0000-00-00'),(293,131319030,0,'',0,'0000-00-00'),(294,903981321,0,'',0,'0000-00-00'),(295,1056149084,0,'',0,'0000-00-00'),(296,1690923042,0,'',0,'0000-00-00'),(297,1139974804,0,'',0,'0000-00-00'),(298,556719239,0,'',0,'0000-00-00'),(299,26675100,0,'',0,'0000-00-00'),(300,325946428,0,'',0,'0000-00-00'),(301,679563057,0,'',0,'0000-00-00'),(302,1978342128,0,'',0,'0000-00-00'),(303,797574379,0,'',0,'0000-00-00'),(304,972965889,0,'',0,'0000-00-00'),(305,990187315,0,'',0,'0000-00-00'),(306,621943814,0,'',0,'0000-00-00'),(307,1035812598,0,'',0,'0000-00-00'),(308,1870798131,0,'',0,'0000-00-00'),(309,1280797795,0,'',0,'0000-00-00'),(310,819719490,0,'',0,'0000-00-00'),(311,1563507513,0,'',0,'0000-00-00'),(312,475766013,0,'',0,'0000-00-00'),(313,190251699,0,'',0,'0000-00-00'),(314,1912653875,0,'',0,'0000-00-00'),(315,1330471540,0,'',0,'0000-00-00'),(316,1293319274,0,'',0,'0000-00-00'),(317,496963660,0,'',0,'0000-00-00'),(318,1379720671,0,'',0,'0000-00-00'),(319,2054847712,0,'',0,'0000-00-00'),(320,1055958015,0,'',0,'0000-00-00'),(321,1327964182,0,'',0,'0000-00-00'),(322,1577759389,0,'',0,'0000-00-00'),(323,1959619737,0,'',0,'0000-00-00'),(324,1560328377,0,'',0,'0000-00-00'),(325,1375779227,0,'',0,'0000-00-00'),(326,46724215,0,'',0,'0000-00-00'),(327,412785601,0,'',0,'0000-00-00'),(328,1226091283,0,'',0,'0000-00-00'),(329,288997048,0,'',0,'0000-00-00'),(330,1663005148,0,'',0,'0000-00-00'),(331,616274794,0,'',0,'0000-00-00'),(332,672281722,0,'',0,'0000-00-00'),(333,493392265,0,'',0,'0000-00-00'),(334,638750400,0,'',0,'0000-00-00'),(335,1986322330,0,'',0,'0000-00-00'),(336,1495321661,0,'',0,'0000-00-00'),(337,855404644,0,'',0,'0000-00-00'),(338,151934089,0,'',0,'0000-00-00'),(339,2088308717,0,'',0,'0000-00-00'),(340,529986749,0,'',0,'0000-00-00'),(341,856617046,0,'',0,'0000-00-00'),(342,1808367739,0,'',0,'0000-00-00'),(343,503011010,0,'',0,'0000-00-00'),(344,581008197,0,'',0,'0000-00-00'),(345,399966410,0,'',0,'0000-00-00'),(346,606354554,0,'',0,'0000-00-00'),(347,19291359,0,'',0,'0000-00-00'),(348,350664127,0,'',0,'0000-00-00'),(349,1487700008,0,'',0,'0000-00-00'),(350,1328967805,0,'',0,'0000-00-00'),(351,1100326254,0,'',0,'0000-00-00'),(352,696468850,0,'',0,'0000-00-00'),(353,995341971,0,'',0,'0000-00-00'),(354,1095728701,0,'',0,'0000-00-00'),(355,2074287605,0,'',0,'0000-00-00'),(356,1773496531,0,'',0,'0000-00-00'),(357,2013940092,0,'',0,'0000-00-00'),(358,65163442,0,'',0,'0000-00-00'),(359,1535243234,0,'',0,'0000-00-00'),(360,1093167809,0,'',0,'0000-00-00'),(361,1535975167,0,'',0,'0000-00-00'),(362,299174596,0,'',0,'0000-00-00'),(363,1451342991,0,'',0,'0000-00-00'),(364,857538052,0,'',0,'0000-00-00'),(365,158185064,0,'',0,'0000-00-00'),(366,393794187,0,'',0,'0000-00-00'),(367,1262866111,0,'',0,'0000-00-00'),(368,0,0,'282136700',0,'2018-09-13'),(369,0,0,'2004692895',0,'2018-09-13'),(370,0,0,'645902780',0,'2018-09-13'),(371,0,0,'286606593',0,'2018-09-13'),(372,0,0,'1492917837',0,'2018-09-13'),(373,0,0,'1476591564',0,'2018-09-13'),(374,0,0,'1409307379',0,'2018-09-13'),(375,0,0,'2106880356',0,'2018-09-13'),(376,0,0,'1468961292',0,'2018-09-13'),(377,0,0,'1188647171',0,'2018-09-13'),(378,0,0,'1299920392',0,'2018-09-13'),(379,0,0,'268278756',0,'2018-09-13'),(380,585225947,0,'',0,'2018-09-16'),(381,1379703001,0,'',0,'2018-09-16'),(382,797009417,0,'',0,'2018-09-16'),(383,1800806415,0,'',0,'2018-09-16'),(384,679840822,0,'',0,'2018-09-16'),(385,758572742,0,'',0,'2018-09-16'),(386,1336183429,0,'',0,'2018-09-16'),(387,1138736936,0,'',0,'2018-09-16'),(388,213004195,0,'',0,'2018-09-16'),(389,1359577924,0,'',0,'2018-09-16'),(390,2111444953,0,'',0,'2018-09-16'),(391,1398316287,0,'',0,'2018-09-16'),(392,1101373195,0,'',0,'2018-09-16'),(393,1149805242,0,'',0,'2018-09-16'),(394,457009898,0,'',0,'2018-09-16'),(395,1086037759,0,'',0,'2018-09-16'),(396,1518208621,0,'',0,'2018-09-18'),(397,1946585863,0,'',0,'2018-09-18'),(398,2037538692,0,'',0,'2018-09-18'),(399,1846904082,0,'',0,'2018-09-18'),(400,2050632389,0,'',0,'2018-09-18'),(401,246793072,0,'',0,'2018-09-18'),(402,1881891487,0,'',0,'2018-09-18'),(403,99383840,0,'',0,'2018-09-18'),(404,1318045837,0,'',0,'2018-09-18'),(405,1024324450,0,'',0,'2018-09-18'),(406,1446499583,0,'',0,'2018-09-18'),(407,251542631,0,'',0,'2018-09-18'),(408,835908654,0,'',0,'2018-09-18'),(409,883680271,0,'',0,'2018-09-18'),(410,1912017792,0,'',0,'2018-09-18'),(411,768124920,0,'',0,'2018-09-18'),(412,245229375,0,'',0,'2018-09-18'),(413,211915021,0,'',0,'2018-09-18'),(414,2031457649,0,'',0,'2018-09-18'),(415,505817237,0,'',0,'2018-09-18'),(416,330230789,0,'',0,'2018-09-18'),(417,1125239754,0,'',0,'2018-09-18'),(418,632245513,0,'',0,'2018-09-18'),(419,87611168,0,'',0,'2018-09-18'),(420,8798710,0,'',0,'2018-09-18'),(421,1104761742,0,'',0,'2018-09-18'),(422,340308882,0,'',0,'2018-09-18'),(423,643550294,0,'',0,'2018-09-18'),(424,43826328,0,'',0,'2018-09-18'),(425,1183292366,0,'',0,'2018-09-18'),(426,1235846506,0,'',0,'2018-09-18'),(427,2108881033,0,'',0,'2018-09-18'),(428,23259542,0,'',0,'2018-09-18'),(429,1275934299,0,'',0,'2018-09-18'),(430,1126170432,0,'',0,'2018-09-18'),(431,1354446191,0,'',0,'2018-09-18'),(432,1395798628,0,'',0,'2018-09-18'),(433,249896249,0,'',0,'2018-09-18'),(434,499704558,0,'',0,'2018-09-18'),(435,1069540767,0,'',0,'2018-09-18'),(436,847864934,0,'',0,'2018-09-18'),(437,929681700,0,'',0,'2018-09-18'),(438,852707758,0,'',0,'2018-09-18'),(439,1991955255,0,'',0,'2018-09-18'),(440,1489318125,0,'',0,'2018-09-18'),(441,1546564371,0,'',0,'2018-09-18'),(442,1910866881,0,'',0,'2018-09-18'),(443,942511930,0,'',0,'2018-09-18'),(444,1519056392,0,'',0,'2018-09-18'),(445,489847661,0,'',0,'2018-09-18'),(446,1845748722,0,'',0,'2018-09-18'),(447,580841310,0,'',0,'2018-09-18'),(448,2037767266,0,'',0,'2018-09-18'),(449,1523379657,0,'',0,'2018-09-18'),(450,504925241,0,'',0,'2018-09-18'),(451,1851070722,0,'',0,'2018-09-18'),(452,1201400363,0,'',0,'2018-09-18'),(453,2071287623,0,'',0,'2018-09-18'),(454,73559270,0,'',0,'2018-09-18'),(455,1838183890,0,'',0,'2018-09-18'),(456,113717804,0,'',0,'2018-09-18'),(457,1811684591,0,'',0,'2018-09-18'),(458,495802569,0,'',0,'2018-09-18'),(459,251418946,0,'',0,'2018-09-18'),(460,373449074,0,'',0,'2018-09-18'),(461,1976830637,0,'',0,'2018-09-18'),(462,1087785019,0,'',0,'2018-09-18'),(463,467294515,0,'',0,'2018-09-18'),(464,1823541682,0,'',0,'2018-09-18'),(465,1688860014,0,'',0,'2018-09-18'),(466,378394802,0,'',0,'2018-09-18'),(467,205824387,0,'',0,'2018-09-18'),(468,795388790,0,'',0,'2018-09-18'),(469,160690771,0,'',0,'2018-09-18'),(470,570615834,0,'',0,'2018-09-18'),(471,2072155166,0,'',0,'2018-09-18'),(472,191584205,0,'',0,'2018-09-18'),(473,870046265,0,'',0,'2018-09-18'),(474,916598157,0,'',0,'2018-09-18'),(475,968622365,0,'',0,'2018-09-18'),(476,1081352895,0,'',0,'2018-09-18'),(477,6570551,0,'',0,'2018-09-18'),(478,693365120,0,'',0,'2018-09-18'),(479,144446927,0,'',0,'2018-09-18'),(480,210475587,0,'',0,'2018-09-18'),(481,1731038374,0,'',0,'2018-09-18'),(482,560808563,0,'',0,'2018-09-18'),(483,759436862,0,'',0,'2018-09-18'),(484,1994802667,0,'',0,'2018-09-18'),(485,1215876895,0,'',0,'2018-09-18'),(486,1475249180,0,'',0,'2018-09-18'),(487,1898287382,0,'',0,'2018-09-18'),(488,1891970629,0,'',0,'2018-09-18'),(489,1083105189,0,'',0,'2018-09-18'),(490,600685761,0,'',0,'2018-09-18'),(491,908958373,0,'',0,'2018-09-18'),(492,909633738,0,'',0,'2018-09-18'),(493,942758956,0,'',0,'2018-09-18'),(494,2049279236,0,'',0,'2018-09-18'),(495,1767562764,0,'',0,'2018-09-18'),(496,488011214,0,'',0,'2018-09-18'),(497,186243578,0,'',0,'2018-09-18'),(498,35288659,0,'',0,'2018-09-18'),(499,1919938745,0,'',0,'2018-09-18'),(500,1387146192,0,'',0,'2018-09-18'),(501,496034994,0,'',0,'2018-09-18'),(502,1758602991,0,'',0,'2018-09-18'),(503,1455063554,0,'',0,'2018-09-18'),(504,2039906150,0,'',0,'2018-09-18'),(505,1569705393,0,'',0,'2018-09-18'),(506,1536897920,0,'',0,'2018-09-18'),(507,1948759617,0,'',0,'2018-09-18'),(508,1275576584,0,'',0,'2018-09-18'),(509,494335710,0,'',0,'2018-09-18'),(510,1044498244,0,'',0,'2018-09-18'),(511,2028875827,0,'',0,'2018-09-18'),(512,895609362,0,'',0,'2018-09-18'),(513,1117247850,0,'',0,'2018-09-19'),(514,626107605,0,'',0,'2018-09-19'),(515,1189504145,0,'',0,'2018-09-19'),(516,555635937,0,'',0,'2018-09-19'),(517,1715208164,0,'',0,'2018-09-19'),(518,1610169244,0,'',0,'2018-09-19'),(519,921057872,0,'',0,'2018-09-19'),(520,418418466,0,'',0,'2018-09-19'),(521,382435846,0,'',0,'2018-09-19'),(522,1508709701,0,'',0,'2018-09-19'),(523,920696161,0,'',0,'2018-09-19'),(524,400700785,0,'',0,'2018-09-19'),(525,1587583036,0,'',0,'2018-09-19'),(526,148444751,0,'',0,'2018-09-19'),(527,1660818240,0,'',0,'2018-09-19'),(528,1705145057,0,'',0,'2018-09-19'),(529,429356269,0,'',0,'2018-09-19'),(530,1156952474,0,'',0,'2018-09-19'),(531,28076318,0,'',0,'2018-09-19'),(532,827366656,0,'',0,'2018-09-19'),(533,1404964509,0,'',0,'2018-09-19'),(534,353343770,0,'',0,'2018-09-19'),(535,1573881732,0,'',0,'2018-09-19'),(536,288249535,0,'',0,'2018-09-19'),(537,1383122098,0,'',0,'2018-09-19'),(538,1410393571,0,'',0,'2018-09-19'),(539,1863696665,0,'',0,'2018-09-19'),(540,183701713,0,'',0,'2018-09-19'),(541,1295147164,0,'',0,'2018-09-19'),(542,337218093,0,'',0,'2018-09-19'),(543,1869383976,0,'',0,'2018-09-19'),(544,227215452,0,'',0,'2018-09-19'),(545,1132097688,0,'',0,'2018-09-19'),(546,1792766808,0,'',0,'2018-09-19'),(547,366684742,0,'',0,'2018-09-19'),(548,288499808,0,'',0,'2018-09-19'),(549,1272989875,0,'',0,'2018-09-19'),(550,711532673,0,'',0,'2018-09-19'),(551,181137170,0,'',0,'2018-09-19'),(552,1665410296,0,'',0,'2018-09-19'),(553,1394168476,0,'',0,'2018-09-19'),(554,1321413377,0,'',0,'2018-09-19'),(555,2071793133,0,'',0,'2018-09-19'),(556,2049540927,0,'',0,'2018-09-19'),(557,2000885889,0,'',0,'2018-09-19'),(558,1976461398,0,'',0,'2018-09-19'),(559,1394494572,0,'',0,'2018-09-19'),(560,1253647412,0,'',0,'2018-09-19'),(561,1537789439,0,'',0,'2018-09-19'),(562,1578602788,0,'',0,'2018-09-19'),(563,2077714870,0,'',0,'2018-09-19'),(564,1457769600,0,'',0,'2018-09-19'),(565,166982747,0,'',0,'2018-09-19'),(566,349675125,0,'',0,'2018-09-19'),(567,859496736,0,'',0,'2018-09-19'),(568,1361510865,0,'',0,'2018-09-19'),(569,1214540038,0,'',0,'2018-09-19'),(570,1638993924,0,'',0,'2018-09-19'),(571,848984276,0,'',0,'2018-09-19'),(572,1745571283,0,'',0,'2018-09-19'),(573,1565359585,0,'',0,'2018-09-19'),(574,1417012740,0,'',0,'2018-09-19'),(575,396760761,0,'',0,'2018-09-19'),(576,1798515906,0,'',0,'2018-09-19'),(577,269359632,0,'',0,'2018-09-19'),(578,613000379,0,'',0,'2018-09-19'),(579,1562834757,0,'',0,'2018-09-19'),(580,1912397418,0,'',0,'2018-09-19'),(581,1381118160,0,'',0,'2018-09-19'),(582,35564842,0,'',0,'2018-09-19'),(583,1006776585,0,'',0,'2018-09-19'),(584,1380329940,0,'',0,'2018-09-19'),(585,1232507148,0,'',0,'2018-09-19'),(586,1097356094,0,'',0,'2018-09-19'),(587,1189973792,0,'',0,'2018-09-19'),(588,382818085,0,'',0,'2018-09-19'),(589,613918547,0,'',0,'2018-09-19'),(590,1997625555,0,'',0,'2018-09-19'),(591,126395588,0,'',0,'2018-09-19'),(592,774381831,0,'',0,'2018-09-19'),(593,268063380,0,'',0,'2018-09-19'),(594,449121769,0,'',0,'2018-09-19'),(595,469811882,0,'',0,'2018-09-19'),(596,1881757389,0,'',0,'2018-09-19'),(597,255728677,0,'',0,'2018-09-19'),(598,642156534,0,'',0,'2018-09-19'),(599,1187177785,0,'',0,'2018-09-19'),(600,2073341370,0,'',0,'2018-09-19'),(601,620615068,0,'',0,'2018-09-20'),(602,2125157621,0,'',0,'2018-09-20'),(603,1184539032,0,'',0,'2018-09-20'),(604,300335446,0,'',0,'2018-09-20'),(605,840979568,0,'',0,'2018-09-20'),(606,1738421655,0,'',0,'2018-09-20'),(607,662731371,0,'',0,'2018-09-20'),(608,145312014,0,'',0,'2018-09-20'),(609,1539800573,0,'',0,'2018-09-20'),(610,1664679046,0,'',0,'2018-09-20'),(611,682866504,0,'',0,'2018-09-20'),(612,390707879,0,'',0,'2018-09-20'),(613,641653662,0,'',0,'2018-09-20'),(614,628747525,0,'',0,'2018-09-20'),(615,626191535,0,'',0,'2018-09-20'),(616,2069158147,0,'',0,'2018-09-20'),(617,1388893011,0,'',0,'2018-09-20'),(618,695310714,0,'',0,'2018-09-20'),(619,365414085,0,'',0,'2018-09-20'),(620,442997694,0,'',0,'2018-09-20'),(621,2076252536,0,'',0,'2018-09-20'),(622,1010423179,0,'',0,'2018-09-20'),(623,203533030,0,'',0,'2018-09-20'),(624,1603476932,0,'',0,'2018-09-20'),(625,1203989753,0,'',0,'2018-09-20'),(626,175279274,0,'',0,'2018-09-20'),(627,150104562,0,'',0,'2018-09-20'),(628,1945614214,0,'',0,'2018-09-20'),(629,1809165248,0,'',0,'2018-09-20'),(630,1479887351,0,'',0,'2018-09-20'),(631,1618740678,0,'',0,'2018-09-20'),(632,884089388,0,'',0,'2018-09-20'),(633,650224893,0,'',0,'2018-09-20'),(634,793001573,0,'',0,'2018-09-20'),(635,1329080720,0,'',0,'2018-09-20'),(636,696782329,0,'',0,'2018-09-20'),(637,1345337807,0,'',0,'2018-09-20'),(638,2133061425,0,'',0,'2018-09-20'),(639,1218648843,0,'',0,'2018-09-20'),(640,2068172144,0,'',0,'2018-09-20'),(641,1935657619,0,'',0,'2018-09-20'),(642,1223728468,0,'',0,'2018-09-20'),(643,407618471,0,'',0,'2018-09-20'),(644,1108593291,0,'',0,'2018-09-20'),(645,1051966720,0,'',0,'2018-09-20'),(646,1559974516,0,'',0,'2018-09-20'),(647,1363837613,0,'',0,'2018-09-20'),(648,1702678274,0,'',0,'2018-09-20'),(649,970389153,0,'',0,'2018-09-20'),(650,296540341,0,'',0,'2018-09-20'),(651,2048816198,0,'',0,'2018-09-20'),(652,1372231627,0,'',0,'2018-09-20'),(653,674602855,0,'',0,'2018-09-20'),(654,509206743,0,'',0,'2018-09-20'),(655,1579722400,0,'',0,'2018-09-20'),(656,912440209,0,'',0,'2018-09-20'),(657,285991070,0,'',0,'2018-09-20'),(658,1881096213,0,'',0,'2018-09-20'),(659,1662089141,0,'',0,'2018-09-20'),(660,201173529,0,'',0,'2018-09-20'),(661,802575590,0,'',0,'2018-09-20'),(662,1076347584,0,'',0,'2018-09-20'),(663,171875019,0,'',0,'2018-09-20'),(664,1034027802,0,'',0,'2018-09-20'),(665,1072256406,0,'',0,'2018-09-20'),(666,1297790667,0,'',0,'2018-09-20'),(667,635291791,0,'',0,'2018-09-20'),(668,1826451172,0,'',0,'2018-09-20'),(669,1149787352,0,'',0,'2018-09-20'),(670,140355392,0,'',0,'2018-09-20'),(671,842659531,0,'',0,'2018-09-20'),(672,1496118411,0,'',0,'2018-09-20'),(673,638101480,0,'',0,'2018-09-20'),(674,136885883,0,'',0,'2018-09-20'),(675,21128830,0,'',0,'2018-09-20'),(676,2010790235,0,'',0,'2018-09-20'),(677,667719520,0,'',0,'2018-09-20'),(678,2084990075,0,'',0,'2018-09-20'),(679,535519965,0,'',0,'2018-09-20'),(680,2137107220,0,'',0,'2018-09-20'),(681,1318212521,0,'',0,'2018-09-20'),(682,1069061990,0,'',0,'2018-09-20'),(683,772083626,0,'',0,'2018-09-20'),(684,942199800,0,'',0,'2018-09-20'),(685,1814973727,0,'',0,'2018-09-20'),(686,997437468,0,'',0,'2018-09-20'),(687,1723637709,0,'',0,'2018-09-20'),(688,710025846,0,'',0,'2018-09-20'),(689,1475400020,0,'',0,'2018-09-20'),(690,647938206,0,'',0,'2018-09-20'),(691,126300194,0,'',0,'2018-09-20'),(692,1870887904,0,'',0,'2018-09-20'),(693,678900135,0,'',0,'2018-09-20'),(694,1114813876,0,'',0,'2018-09-20'),(695,935990431,0,'',0,'2018-09-20'),(696,1368517870,0,'',0,'2018-09-20'),(697,2067109825,0,'',0,'2018-09-20'),(698,371316683,0,'',0,'2018-09-20'),(699,1238969604,0,'',0,'2018-09-20'),(700,1267779214,0,'',0,'2018-09-20'),(701,1297838128,0,'',0,'2018-09-20'),(702,782794991,0,'',0,'2018-09-20'),(703,1256889209,0,'',0,'2018-09-20'),(704,299258703,0,'',0,'2018-09-20'),(705,1696719480,0,'',0,'2018-09-20'),(706,1699101555,0,'',0,'2018-09-20'),(707,1760824429,0,'',0,'2018-09-20'),(708,1525522906,0,'',0,'2018-09-20'),(709,1881344049,0,'',0,'2018-09-20'),(710,1391899610,0,'',0,'2018-09-20'),(711,1214086159,0,'',0,'2018-09-20'),(712,2114798709,0,'',0,'2018-09-20'),(713,544006744,0,'',0,'2018-09-21'),(714,1375991965,0,'',0,'2018-09-21'),(715,1336895748,0,'',0,'2018-09-21'),(716,1788781126,0,'',0,'2018-09-21'),(717,295300670,0,'',0,'2018-09-21'),(718,772707747,0,'',0,'2018-09-21'),(719,366974234,0,'',0,'2018-09-21'),(720,2094401184,0,'',0,'2018-09-21'),(721,195371613,0,'',0,'2018-09-21'),(722,1726892821,0,'',0,'2018-09-21'),(723,1373165001,0,'',0,'2018-09-21'),(724,1336934886,0,'',0,'2018-09-21'),(725,1006313973,0,'',0,'2018-09-21'),(726,1205941727,0,'',0,'2018-09-21'),(727,229180724,0,'',0,'2018-09-21'),(728,644048944,0,'',0,'2018-09-21'),(729,1336188145,0,'',0,'2018-09-21'),(730,1352577607,0,'',0,'2018-09-21'),(731,1412351956,0,'',0,'2018-09-21'),(732,1515908490,0,'',0,'2018-09-21'),(733,1557845195,0,'',0,'2018-09-21'),(734,689197783,0,'',0,'2018-09-21'),(735,922878486,0,'',0,'2018-09-21'),(736,2092944706,0,'',0,'2018-09-21'),(737,439581802,0,'',0,'2018-09-21'),(738,239142770,0,'',0,'2018-09-21'),(739,1434512354,0,'',0,'2018-09-21'),(740,398307376,0,'',0,'2018-09-21'),(741,1614133670,0,'',0,'2018-09-21'),(742,33910267,0,'',0,'2018-09-21'),(743,1783243572,0,'',0,'2018-09-21'),(744,1246349512,0,'',0,'2018-09-21'),(745,1043325890,0,'',0,'2018-09-21'),(746,1411227223,0,'',0,'2018-09-21'),(747,1738291350,0,'',0,'2018-09-21'),(748,1558345391,0,'',0,'2018-09-21'),(749,318572934,0,'',0,'2018-09-21'),(750,54531389,0,'',0,'2018-09-21'),(751,154929753,0,'',0,'2018-09-21'),(752,1234403130,0,'',0,'2018-09-21'),(753,422556859,0,'',0,'2018-09-21'),(754,1255864983,0,'',0,'2018-09-21'),(755,836537357,0,'',0,'2018-09-21'),(756,1440291721,0,'',0,'2018-09-21'),(757,1742695952,0,'',0,'2018-09-21'),(758,1729312954,0,'',0,'2018-09-21'),(759,1431036607,0,'',0,'2018-09-21'),(760,1757920476,0,'',0,'2018-09-21'),(761,1493110358,0,'',0,'2018-09-21'),(762,1712139871,0,'',0,'2018-09-21'),(763,193615445,0,'',0,'2018-09-21'),(764,1607866721,0,'',0,'2018-09-21'),(765,1836484714,0,'',0,'2018-09-21'),(766,1051126926,0,'',0,'2018-09-21'),(767,155196701,0,'',0,'2018-09-21'),(768,1391743138,0,'',0,'2018-09-21'),(769,574231851,0,'',0,'2018-09-21'),(770,311323650,0,'',0,'2018-09-21'),(771,1429757351,0,'',0,'2018-09-21'),(772,1854370779,0,'',0,'2018-09-21'),(773,66408141,0,'',0,'2018-09-21'),(774,1524181644,0,'',0,'2018-09-21'),(775,2145131438,0,'',0,'2018-09-21'),(776,872142724,0,'',0,'2018-09-21'),(777,961437845,0,'',0,'2018-09-21'),(778,1023283262,0,'',0,'2018-09-21'),(779,1912942187,0,'',0,'2018-09-21'),(780,956173852,0,'',0,'2018-09-21'),(781,754506823,0,'',0,'2018-09-21'),(782,1749459243,0,'',0,'2018-09-21'),(783,1255418847,0,'',0,'2018-09-21'),(784,907636188,0,'',0,'2018-09-21'),(785,2117200638,0,'',0,'2018-09-21'),(786,193984795,0,'',0,'2018-09-21'),(787,244802797,0,'',0,'2018-09-21'),(788,2093945043,0,'',0,'2018-09-21'),(789,740048964,0,'',0,'2018-09-21'),(790,1039023563,0,'',0,'2018-09-21'),(791,676316304,0,'',0,'2018-09-21'),(792,209450122,0,'',0,'2018-09-21'),(793,1328528143,0,'',0,'2018-09-21'),(794,1224669005,0,'',0,'2018-09-21'),(795,353141980,0,'',0,'2018-09-21'),(796,2135533627,0,'',0,'2018-09-21'),(797,1900068519,0,'',0,'2018-09-21'),(798,1393545739,0,'',0,'2018-09-21'),(799,509237119,0,'',0,'2018-09-21'),(800,1905788734,0,'',0,'2018-09-21'),(801,158484387,0,'',0,'2018-09-21'),(802,1700060657,0,'',0,'2018-09-21'),(803,690852797,0,'',0,'2018-09-21'),(804,642914861,0,'',0,'2018-09-21'),(805,460122393,0,'',0,'2018-09-21'),(806,1599191447,0,'',0,'2018-09-21'),(807,353595821,0,'',0,'2018-09-21'),(808,695197189,0,'',0,'2018-09-21'),(809,2013572271,0,'',0,'2018-09-21'),(810,1889345345,0,'',0,'2018-09-21'),(811,1218053310,0,'',0,'2018-09-21'),(812,2037116714,0,'',0,'2018-09-21'),(813,1740099675,0,'',0,'2018-09-21'),(814,872226390,0,'',0,'2018-09-21'),(815,2093039950,0,'',0,'2018-09-21'),(816,837174085,0,'',0,'2018-09-21'),(817,11208366,0,'',0,'2018-09-21'),(818,1698977991,0,'',0,'2018-09-21'),(819,896625592,0,'',0,'2018-09-21'),(820,974016607,0,'',0,'2018-09-21'),(821,1702174215,0,'',0,'2018-09-21'),(822,853124199,0,'',0,'2018-09-21'),(823,1215701178,0,'',0,'2018-09-21'),(824,24648380,0,'',0,'2018-09-21'),(825,134659784,0,'',0,'2018-09-21'),(826,1900080342,0,'',0,'2018-09-21'),(827,249264972,0,'',0,'2018-09-21'),(828,970852600,0,'',0,'2018-09-21'),(829,1976247504,0,'',0,'2018-09-21'),(830,746175331,0,'',0,'2018-09-21'),(831,1954839961,0,'',0,'2018-09-21'),(832,1654469477,0,'',0,'2018-09-21'),(833,1953328680,0,'',0,'2018-09-21'),(834,1364710820,0,'',0,'2018-09-21'),(835,596277397,0,'',0,'2018-09-21'),(836,1428724778,0,'',0,'2018-09-21'),(837,89506417,0,'',0,'2018-09-21'),(838,293955837,0,'',0,'2018-09-21'),(839,695738578,0,'',0,'2018-09-21'),(840,1090772706,0,'',0,'2018-09-21'),(841,1869645713,0,'',0,'2018-09-21'),(842,346391938,0,'',0,'2018-09-21'),(843,1900593371,0,'',0,'2018-09-21'),(844,1494983379,0,'',0,'2018-09-21'),(845,946830241,0,'',0,'2018-09-21'),(846,690165488,0,'',0,'2018-09-21'),(847,547769946,0,'',0,'2018-09-21'),(848,1656553819,0,'',0,'2018-09-21'),(849,869668150,0,'',0,'2018-09-21'),(850,1736556743,0,'',0,'2018-09-21'),(851,1419940820,0,'',0,'2018-09-21'),(852,437790639,0,'',0,'2018-09-21'),(853,2100148551,0,'',0,'2018-09-21'),(854,1267825532,0,'',0,'2018-09-21'),(855,1483617586,0,'',0,'2018-09-21'),(856,607186419,0,'',0,'2018-09-21'),(857,15404030,0,'',0,'2018-09-21'),(858,2098907834,0,'',0,'2018-09-21'),(859,272198071,0,'',0,'2018-09-21'),(860,626111218,0,'',0,'2018-09-21'),(861,1183406540,0,'',0,'2018-09-21'),(862,763285673,0,'',0,'2018-09-21'),(863,1169909196,0,'',0,'2018-09-22'),(864,333897322,0,'',0,'2018-09-22'),(865,1223036406,0,'',0,'2018-09-22'),(866,729286019,0,'',0,'2018-09-22'),(867,1768338080,0,'',0,'2018-09-22'),(868,165982983,0,'',0,'2018-09-22'),(869,1865920567,0,'',0,'2018-09-22'),(870,1580670167,0,'',0,'2018-09-22'),(871,958589743,0,'',0,'2018-09-22'),(872,1260452664,0,'',0,'2018-09-22'),(873,667455714,1,'',0,'2018-09-22'),(874,1628371312,1,'',0,'2018-09-22'),(875,2093684738,0,'',0,'2018-09-22'),(876,930758510,0,'',0,'2018-09-22'),(877,328025252,0,'',0,'2018-09-22'),(878,1768872685,0,'',0,'2018-09-22'),(879,168341181,0,'',0,'2018-09-22'),(880,538110916,0,'',0,'2018-09-22'),(881,493985167,0,'',0,'2018-09-22'),(882,1078726401,0,'',0,'2018-09-22'),(883,936376112,0,'',0,'2018-09-22'),(884,976777741,0,'',0,'2018-09-22'),(885,1094790604,0,'',0,'2018-09-22'),(886,1667683811,0,'',0,'2018-09-22'),(887,134155859,0,'',0,'2018-09-22'),(888,1151506487,0,'',0,'2018-09-22'),(889,568317138,0,'',0,'2018-09-22'),(890,1360271930,0,'',0,'2018-09-22'),(891,1577153112,0,'',0,'2018-09-22'),(892,1641666441,0,'',0,'2018-09-22'),(893,1104180930,1,'',0,'2018-09-22'),(894,1310316605,0,'',0,'2018-09-22'),(895,1311542163,0,'',0,'2018-09-22'),(896,1660235960,0,'',0,'2018-09-22'),(897,429941691,0,'',0,'2018-09-22'),(898,232714015,0,'',0,'2018-09-22'),(899,266769704,0,'',0,'2018-09-22'),(900,592450238,0,'',0,'2018-09-22'),(901,1095739594,0,'',0,'2018-09-22'),(902,1780102144,0,'',0,'2018-09-22'),(903,1793523786,0,'',0,'2018-09-22'),(904,1304289537,0,'',0,'2018-09-22'),(905,1525552004,0,'',0,'2018-09-22'),(906,1736188587,0,'',0,'2018-09-22'),(907,661750122,0,'',0,'2018-09-22'),(908,1094677619,0,'',0,'2018-09-22'),(909,2028323722,0,'',0,'2018-09-22'),(910,1916356479,1,'',0,'2018-09-22'),(911,1021877565,0,'',0,'2018-09-22'),(912,202453307,0,'',0,'2018-09-22'),(913,1579777263,1,'',0,'2018-09-22'),(914,1990623782,1,'',0,'2018-09-22'),(915,1854110827,1,'',0,'2018-09-22'),(916,683509203,1,'',0,'2018-09-22'),(917,1263341996,1,'',0,'2018-09-22'),(918,825892759,0,'',0,'2018-09-22'),(919,500377342,0,'',0,'2018-09-22'),(920,605076003,0,'',0,'2018-09-22'),(921,696824991,1,'',0,'2018-09-22'),(922,1414050620,1,'',0,'2018-09-22'),(923,477649319,0,'',0,'2018-09-22'),(924,1192587457,1,'',0,'2018-09-22'),(925,637035505,1,'',0,'2018-09-22'),(926,350072896,1,'',0,'2018-09-22'),(927,1525981663,1,'',0,'2018-09-22'),(928,1608030490,0,'',0,'2018-09-22'),(929,136606427,0,'',0,'2018-09-22'),(930,675672574,0,'',0,'2018-09-22'),(931,104400542,1,'',0,'2018-09-22'),(932,885442059,1,'',0,'2018-09-22'),(933,164873165,0,'',0,'2018-09-22'),(934,139671385,0,'',0,'2018-09-22'),(935,575539562,0,'',0,'2018-09-22'),(936,699633430,0,'',0,'2018-09-22'),(937,515863406,1,'',0,'2018-09-22'),(938,1700339914,1,'',0,'2018-09-22'),(939,648580847,0,'',0,'2018-09-22'),(940,292583922,0,'',0,'2018-09-22'),(941,647643458,0,'',0,'2018-09-22'),(942,1445940013,1,'',0,'2018-09-26'),(943,1526668085,1,'',0,'2018-09-26'),(944,1850279295,1,'',0,'2018-09-26'),(945,209369384,1,'',0,'2018-09-26'),(946,395100461,0,'',0,'2018-09-26'),(947,640109098,0,'',0,'2018-09-26'),(948,745980214,0,'',0,'2018-09-26'),(949,1097075132,0,'',0,'2018-09-26'),(950,692747692,0,'',0,'2018-09-26'),(951,132237996,0,'',0,'2018-09-26'),(952,1310407390,0,'',0,'2018-09-26'),(953,1892228953,0,'',0,'2018-09-26'),(954,1424993350,0,'',0,'2018-09-26'),(955,476332120,1,'',0,'2018-09-26'),(956,643665604,0,'',0,'2018-09-26'),(957,1760582253,0,'',0,'2018-09-26'),(958,71175580,1,'',0,'2018-09-26'),(959,1284164284,1,'',0,'2018-09-26'),(960,1563341026,1,'',0,'2018-09-26'),(961,834693560,1,'',0,'2018-09-26'),(962,1774750674,1,'',0,'2018-09-26'),(963,510689911,0,'',0,'2018-09-26'),(964,656702620,0,'',0,'2018-09-26'),(965,919043519,1,'',0,'2018-09-26'),(966,1836459477,0,'',0,'2018-09-26'),(967,1032308259,0,'',0,'2018-09-26'),(968,1376979427,1,'',0,'2018-09-26'),(969,1596314069,0,'',0,'2018-09-26'),(970,981743875,0,'',0,'2018-09-26'),(971,159671869,0,'',0,'2018-09-26'),(972,1921280205,0,'',0,'2018-09-26'),(973,1935685173,0,'',0,'2018-09-26'),(974,1958830695,0,'',0,'2018-09-26'),(975,503683381,0,'',0,'2018-09-26'),(976,2096495258,0,'',0,'2018-09-26'),(977,1052801375,0,'',0,'2018-09-26'),(978,749232906,1,'',0,'2018-09-26'),(979,2060989130,1,'',0,'2018-09-26'),(980,1150310753,1,'',0,'2018-09-26'),(981,298492326,1,'',0,'2018-09-26'),(982,1731395106,1,'',0,'2018-09-26'),(983,613946116,1,'',0,'2018-09-26'),(984,294846763,1,'',0,'2018-09-27'),(985,1440433873,1,'',0,'2018-09-27'),(986,1022465642,1,'',0,'2018-10-01'),(987,147136836,1,'',0,'2018-10-01'),(988,2115104075,0,'',0,'2018-10-01'),(989,247549555,0,'',0,'2018-10-01'),(990,896322932,0,'',0,'2018-10-01'),(991,337662000,0,'',0,'2018-10-01'),(992,256980662,1,'',0,'2018-10-01'),(993,1838680477,1,'',0,'2018-10-01'),(994,1152509224,0,'',0,'2018-10-01'),(995,177530101,0,'',0,'2018-10-01'),(996,1704627480,1,'',0,'2018-10-01'),(997,195209229,1,'',0,'2018-10-01'),(998,1215639357,1,'',0,'2018-10-01'),(999,2004775078,0,'',0,'2018-10-01'),(1000,1286734892,1,'',0,'2018-10-01'),(1001,186590805,1,'',0,'2018-10-01'),(1002,1076914804,0,'',0,'2018-10-01'),(1003,1448402640,1,'',0,'2018-10-01'),(1004,317259176,1,'',0,'2018-10-01'),(1005,436932653,0,'',0,'2018-10-01'),(1006,1761101366,1,'',0,'2018-10-01'),(1007,1577360838,0,'',0,'2018-10-01'),(1008,194884320,1,'',0,'2018-10-06'),(1009,357061486,0,'',0,'2018-10-06'),(1010,1527200499,0,'',0,'2018-10-06'),(1011,2141824790,0,'',0,'2018-10-06'),(1012,1186156172,0,'',0,'2018-10-06'),(1013,835939460,0,'',0,'2018-10-06'),(1014,2133077746,0,'',0,'2018-10-06'),(1015,214556049,0,'',0,'2018-10-06'),(1016,1185264781,1,'',0,'2018-10-06'),(1017,1032498695,0,'',0,'2018-10-06'),(1018,952495060,0,'',0,'2018-10-06'),(1019,1853555285,0,'',0,'2018-10-06'),(1020,1892471547,0,'',0,'2018-10-06'),(1021,1498378624,0,'',0,'2018-10-06'),(1022,1945171615,0,'',0,'2018-10-06'),(1023,1489767670,0,'',0,'2018-10-06'),(1024,1913468908,1,'',0,'2018-10-06'),(1025,644067061,0,'',0,'2018-10-06'),(1026,1941256638,0,'',0,'2018-10-06'),(1027,252776978,0,'',0,'2018-10-06'),(1028,455831851,0,'',0,'2018-10-06'),(1029,530639778,0,'',0,'2018-10-06'),(1030,843991027,0,'',0,'2018-10-06'),(1031,556250194,0,'',0,'2018-10-06'),(1032,1640570027,0,'',0,'2018-10-06'),(1033,781957132,0,'',0,'2018-10-06'),(1034,902436769,0,'',0,'2018-10-06'),(1035,440450253,0,'',0,'2018-10-06'),(1036,1593409157,0,'',0,'2018-10-06'),(1037,878879468,1,'',0,'2018-10-06'),(1038,1959341903,0,'',0,'2018-10-06'),(1039,42875937,0,'',0,'2018-10-06'),(1040,705336030,0,'',0,'2018-10-06'),(1041,1582415935,0,'',0,'2018-10-06'),(1042,110930672,0,'',0,'2018-10-06'),(1043,48163774,0,'',0,'2018-10-06'),(1044,1509720171,0,'',0,'2018-10-06'),(1045,745880110,0,'',0,'2018-10-06'),(1046,171522230,0,'',0,'2018-10-06'),(1047,1904633170,0,'',0,'2018-10-06'),(1048,1626966111,0,'',0,'2018-10-06'),(1049,1404019690,0,'',0,'2018-10-06'),(1050,326316201,0,'',0,'2018-10-06'),(1051,529462614,0,'',0,'2018-10-06'),(1052,1536351896,0,'',0,'2018-10-06'),(1053,1024315141,0,'',0,'2018-10-06'),(1054,1903456227,0,'',0,'2018-10-06'),(1055,1950018989,0,'',0,'2018-10-06'),(1056,1179863929,0,'',0,'2018-10-06'),(1057,838455342,0,'',0,'2018-10-06'),(1058,1657264672,0,'',0,'2018-10-06'),(1059,1357336158,0,'',0,'2018-10-06'),(1060,766134024,0,'',0,'2018-10-06'),(1061,1229813322,0,'',0,'2018-10-06'),(1062,193473884,0,'',0,'2018-10-06'),(1063,1123195510,0,'',0,'2018-10-06'),(1064,609530173,0,'',0,'2018-10-06'),(1065,187815026,1,'',0,'2018-10-06'),(1066,161868035,0,'',0,'2018-10-06'),(1067,705647374,0,'',0,'2018-10-06'),(1068,1728112736,0,'',0,'2018-10-06'),(1069,1445469634,0,'',0,'2018-10-06'),(1070,173409125,0,'',0,'2018-10-06'),(1071,806922287,0,'',0,'2018-10-06'),(1072,2015423320,0,'',0,'2018-10-06'),(1073,1158741616,0,'',0,'2018-10-06'),(1074,96973700,0,'',0,'2018-10-06'),(1075,1190457533,0,'',0,'2018-10-06'),(1076,2086878033,0,'',0,'2018-10-06'),(1077,512006733,0,'',0,'2018-10-06'),(1078,1646289385,0,'',0,'2018-10-06'),(1079,470034164,0,'',0,'2018-10-06'),(1080,1414443502,0,'',0,'2018-10-06'),(1081,2086739638,0,'',0,'2018-10-06'),(1082,1041252043,0,'',0,'2018-10-06'),(1083,2063443321,0,'',0,'2018-10-06'),(1084,1226301757,0,'',0,'2018-10-06'),(1085,352787609,0,'',0,'2018-10-06'),(1086,2129615575,0,'',0,'2018-10-06'),(1087,296531666,1,'',0,'2018-10-06'),(1088,2111607096,0,'',0,'2018-10-06'),(1089,1255808092,0,'',0,'2018-10-06'),(1090,1538052390,0,'',0,'2018-10-06'),(1091,588538280,0,'',0,'2018-10-06'),(1092,153654157,0,'',0,'2018-10-06'),(1093,1329030361,0,'',0,'2018-10-06'),(1094,1868756618,0,'',0,'2018-10-06'),(1095,60819505,1,'',0,'2018-10-06'),(1096,888947366,1,'',0,'2018-10-06'),(1097,1644639007,0,'',0,'2018-10-06'),(1098,1494471173,0,'',0,'2018-10-06'),(1099,823772090,1,'',0,'2018-10-06'),(1100,934069355,1,'',0,'2018-10-06'),(1101,325227269,1,'',0,'2018-10-06'),(1102,153910220,1,'',0,'2018-10-06'),(1103,768893662,1,'',0,'2018-10-06'),(1104,120776306,0,'',0,'2018-10-06'),(1105,316429742,0,'',0,'2018-10-06'),(1106,1682990496,0,'',0,'2018-10-06'),(1107,668269016,0,'',0,'2018-10-06'),(1108,1494407136,0,'',0,'2018-10-06'),(1109,1961631747,1,'',0,'2018-10-06'),(1110,1695132535,1,'',0,'2018-10-06'),(1111,584898321,1,'',0,'2018-10-06'),(1112,1569126429,1,'',0,'2018-10-06'),(1113,83350885,1,'',0,'2018-10-06'),(1114,1632090853,1,'',0,'2018-10-06'),(1115,1693665607,0,'',0,'2018-10-06'),(1116,271248115,0,'',0,'2018-10-06'),(1117,1467102182,0,'',0,'2018-10-06'),(1118,241466113,0,'',0,'2018-10-06'),(1119,784564872,1,'',0,'2018-10-06'),(1120,1404751464,1,'',0,'2018-10-06'),(1121,1381249812,1,'',0,'2018-10-06'),(1122,1892518175,1,'',0,'2018-10-06'),(1123,372950616,0,'',0,'2018-10-06'),(1124,72872932,1,'',0,'2018-10-06'),(1125,1062291500,1,'',0,'2018-10-06'),(1126,1752335060,1,'',0,'2018-10-06'),(1127,876706574,0,'',0,'2018-10-06'),(1128,1532355913,0,'',0,'2018-10-06'),(1129,939609536,0,'',0,'2018-10-06'),(1130,1084076831,0,'',0,'2018-10-06'),(1131,1163819038,0,'',0,'2018-10-06'),(1132,1276400935,1,'',0,'2018-10-06'),(1133,1692966212,1,'',0,'2018-10-06'),(1134,222378423,1,'',0,'2018-10-06'),(1135,1577521059,1,'',0,'2018-10-06'),(1136,697737289,0,'',0,'2018-10-06'),(1137,576047530,0,'',0,'2018-10-06'),(1138,1568427097,0,'',0,'2018-10-06'),(1139,1620347134,0,'',0,'2018-10-06'),(1140,741037027,1,'',0,'2018-10-06'),(1141,793236137,0,'',0,'2018-10-06'),(1142,1460730099,0,'',0,'2018-10-06'),(1143,2140737402,1,'',0,'2018-10-06'),(1144,1340424117,0,'',0,'2018-10-06'),(1145,1562544426,0,'',0,'2018-10-06'),(1146,1454403405,0,'',0,'2018-10-06'),(1147,1613281868,1,'',0,'2018-10-06'),(1148,242123272,0,'',0,'2018-10-06'),(1149,2099549559,0,'',0,'2018-10-06'),(1150,125104154,0,'',0,'2018-10-06'),(1151,1572841877,0,'',0,'2018-10-06'),(1152,2002720490,0,'',0,'2018-10-06'),(1153,1594317669,1,'',0,'2018-10-06'),(1154,694792757,0,'',0,'2018-10-06'),(1155,2146479739,0,'',0,'2018-10-06'),(1156,242966794,0,'',0,'2018-10-06'),(1157,1662157201,0,'',0,'2018-10-06'),(1158,1171878369,0,'',0,'2018-10-06'),(1159,704195181,0,'',0,'2018-10-06'),(1160,1902174353,0,'',0,'2018-10-06'),(1161,2129876722,0,'',0,'2018-10-06'),(1162,301813489,0,'',0,'2018-10-06'),(1163,1163118852,0,'',0,'2018-10-06'),(1164,2023438796,0,'',0,'2018-10-06'),(1165,1699015750,0,'',0,'2018-10-06'),(1166,2138683928,0,'',0,'2018-10-06'),(1167,380949939,0,'',0,'2018-10-06'),(1168,1261045268,1,'',0,'2018-10-06'),(1169,546280327,0,'',0,'2018-10-06'),(1170,302387743,1,'',0,'2018-10-06'),(1171,634761789,0,'',0,'2018-10-06'),(1172,19625963,0,'',0,'2018-10-06'),(1173,2013963713,0,'',0,'2018-10-06'),(1174,1766961646,1,'',0,'2018-10-06'),(1175,174877931,0,'',0,'2018-10-06'),(1176,715476035,0,'',0,'2018-10-06'),(1177,1327210165,1,'',0,'2018-10-06'),(1178,1552493476,0,'',0,'2018-10-06'),(1179,1116458114,0,'',0,'2018-10-06'),(1180,313569147,0,'',0,'2018-10-06'),(1181,1516230648,0,'',0,'2018-10-06'),(1182,589413741,0,'',0,'2018-10-06'),(1183,210936419,1,'',0,'2018-10-06'),(1184,2010132228,1,'',0,'2018-10-06'),(1185,560248016,0,'',0,'2018-10-06'),(1186,1717332466,0,'',0,'2018-10-06'),(1187,1421060104,0,'',0,'2018-10-06'),(1188,700786016,0,'',0,'2018-10-06'),(1189,2080694150,0,'',0,'2018-10-06'),(1190,1410353771,1,'',0,'2018-10-06'),(1191,188036244,0,'',0,'2018-10-06'),(1192,267341321,0,'',0,'2018-10-06'),(1193,990488568,0,'',0,'2018-10-06'),(1194,716187771,1,'',0,'2018-10-06'),(1195,767549454,0,'',0,'2018-10-06'),(1196,2043797734,0,'',0,'2018-10-06'),(1197,1281269099,1,'',0,'2018-10-06'),(1198,1206262791,0,'',0,'2018-10-06'),(1199,1842340264,0,'',0,'2018-10-06'),(1200,357539398,1,'',0,'2018-10-07'),(1201,1653271616,0,'',0,'2018-10-07'),(1202,211217269,0,'',0,'2018-10-07'),(1203,501817006,0,'',0,'2018-10-07'),(1204,1410606946,0,'',0,'2018-10-07'),(1205,1119466656,0,'',0,'2018-10-07'),(1206,675962550,0,'',0,'2018-10-07'),(1207,1197268691,0,'',0,'2018-10-07'),(1208,114045499,0,'',0,'2018-10-07'),(1209,1096010161,0,'',0,'2018-10-07'),(1210,329968858,0,'',0,'2018-10-07'),(1211,939715112,1,'',0,'2018-10-07'),(1212,1794343127,0,'',0,'2018-10-07'),(1213,1717369617,0,'',0,'2018-10-07'),(1214,2022435930,0,'',0,'2018-10-07'),(1215,347464005,0,'',0,'2018-10-07'),(1216,506292494,0,'',0,'2018-10-07'),(1217,1312987545,0,'',0,'2018-10-07'),(1218,87160554,0,'',0,'2018-10-07'),(1219,124134049,0,'',0,'2018-10-07'),(1220,2088362199,0,'',0,'2018-10-07'),(1221,1118935251,0,'',0,'2018-10-07'),(1222,2069115774,0,'',0,'2018-10-07'),(1223,1511260933,0,'',0,'2018-10-07'),(1224,260837438,0,'',0,'2018-10-07'),(1225,806174423,0,'',0,'2018-10-07'),(1226,259960688,0,'',0,'2018-10-07'),(1227,1701461374,0,'',0,'2018-10-07'),(1228,1987645709,0,'',0,'2018-10-07'),(1229,222045880,0,'',0,'2018-10-07'),(1230,944273931,0,'',0,'2018-10-07'),(1231,392525443,0,'',0,'2018-10-07'),(1232,1352563695,0,'',0,'2018-10-07'),(1233,683347107,1,'',0,'2018-10-07'),(1234,556419526,0,'',0,'2018-10-08'),(1235,613929041,1,'',0,'2018-10-08'),(1236,1252929521,0,'',0,'2018-10-08'),(1237,1496403800,0,'',0,'2018-10-08'),(1238,186710220,0,'',0,'2018-10-08'),(1239,1713541818,0,'',0,'2018-10-08'),(1240,2079723186,1,'',0,'2018-10-08'),(1241,788481343,0,'',0,'2018-10-08'),(1242,379045172,0,'',0,'2018-10-08'),(1243,2087047746,1,'',0,'2018-10-08'),(1244,1414320980,0,'',0,'2018-10-08'),(1245,2073139225,0,'',0,'2018-10-08'),(1246,1383033207,0,'',0,'2018-10-08'),(1247,1322698495,1,'',0,'2018-10-08'),(1248,739214663,0,'',0,'2018-10-08'),(1249,421948388,1,'',0,'2018-10-08'),(1250,1307529156,0,'',0,'2018-10-08'),(1251,1614991449,0,'',0,'2018-10-08'),(1252,1547386271,0,'',0,'2018-10-08'),(1253,152498285,1,'',0,'2018-10-08'),(1254,1998256220,0,'',0,'2018-10-08'),(1255,2092426686,0,'',0,'2018-10-08'),(1256,1340842655,0,'',0,'2018-10-08'),(1257,1187940909,0,'',0,'2018-10-08'),(1258,379115965,0,'',0,'2018-10-08'),(1259,1431750401,0,'',0,'2018-10-08'),(1260,524384034,0,'',0,'2018-10-08'),(1261,191368478,0,'',0,'2018-10-08'),(1262,283979541,0,'',0,'2018-10-08'),(1263,2084477581,0,'',0,'2018-10-08'),(1264,1605068815,1,'',0,'2018-10-08'),(1265,2106278067,0,'',0,'2018-10-08'),(1266,2137737719,0,'',0,'2018-10-08'),(1267,1434533526,0,'',0,'2018-10-08'),(1268,1918355837,0,'',0,'2018-10-08'),(1269,1288069003,0,'',0,'2018-10-08'),(1270,1877183589,0,'',0,'2018-10-08'),(1271,899292063,0,'',0,'2018-10-08'),(1272,1546707286,0,'',0,'2018-10-08'),(1273,854469797,0,'',0,'2018-10-08'),(1274,134703464,0,'',0,'2018-10-08'),(1275,1021319002,0,'',0,'2018-10-08'),(1276,403855785,1,'',0,'2018-10-08'),(1277,1019284982,1,'',0,'2018-10-08'),(1278,1070359745,0,'',0,'2018-10-08'),(1279,1940921972,0,'',0,'2018-10-08'),(1280,254667776,0,'',0,'2018-10-08'),(1281,1109369336,0,'',0,'2018-10-08'),(1282,22693223,0,'',0,'2018-10-08'),(1283,1451936711,0,'',0,'2018-10-08'),(1284,2119379283,0,'',0,'2018-10-08'),(1285,1423674742,0,'',0,'2018-10-08'),(1286,445907576,0,'',0,'2018-10-08'),(1287,1382114664,0,'',0,'2018-10-09'),(1288,1493173594,1,'',0,'2018-10-09'),(1289,935080324,1,'',0,'2018-10-10'),(1290,1772235055,1,'',0,'2018-10-10'),(1291,1982260093,0,'',0,'2018-10-10'),(1292,924537762,1,'',0,'2018-10-10'),(1293,214680615,1,'',0,'2018-10-10'),(1294,25649758,0,'',0,'2018-10-10'),(1295,1832238824,0,'',0,'2018-10-10'),(1296,1985839201,1,'',0,'2018-10-10'),(1297,1490891046,0,'',0,'2018-10-10'),(1298,13668698,1,'',0,'2018-10-10'),(1299,161722135,0,'',0,'2018-10-10'),(1300,662317246,0,'',0,'2018-10-10'),(1301,354893606,0,'',0,'2018-10-10'),(1302,1684145550,1,'',0,'2018-10-10'),(1303,1240179902,1,'',0,'2018-10-10'),(1304,180850968,0,'',0,'2018-10-10'),(1305,1780505243,1,'',0,'2018-10-10'),(1306,354478157,0,'',0,'2018-10-10'),(1307,1996191263,0,'',0,'2018-10-10'),(1308,1622512519,0,'',0,'2018-10-10'),(1309,1265596023,0,'',0,'2018-10-10'),(1310,2036666683,0,'',0,'2018-10-10'),(1311,1182731345,0,'',0,'2018-10-10'),(1312,1918275469,0,'',0,'2018-10-10'),(1313,772548067,1,'',0,'2018-10-10'),(1314,555018176,0,'',0,'2018-10-10'),(1315,1487330137,0,'',0,'2018-10-10'),(1316,1620431638,0,'',0,'2018-10-10'),(1317,2100827805,1,'',0,'2018-10-10'),(1318,461202432,0,'',0,'2018-10-10'),(1319,1848561257,0,'',0,'2018-10-10'),(1320,1631378880,0,'',0,'2018-10-10'),(1321,533903740,1,'',0,'2018-10-10'),(1322,479962517,0,'',0,'2018-10-10'),(1323,1600963731,0,'',0,'2018-10-10'),(1324,1084835419,0,'',0,'2018-10-10'),(1325,1488383204,0,'',0,'2018-10-10'),(1326,65054852,0,'',0,'2018-10-10'),(1327,144192232,0,'',0,'2018-10-10'),(1328,158915031,0,'',0,'2018-10-10'),(1329,1690600634,1,'',0,'2018-10-10'),(1330,1128724869,0,'',0,'2018-10-10'),(1331,1448414238,0,'',0,'2018-10-10'),(1332,974214404,0,'',0,'2018-10-10'),(1333,1870721864,0,'',0,'2018-10-10'),(1334,660569044,0,'',0,'2018-10-10'),(1335,1552336018,0,'',0,'2018-10-10'),(1336,1318846487,0,'',0,'2018-10-10'),(1337,1678471363,1,'',0,'2018-10-10'),(1338,711407118,0,'',0,'2018-10-10'),(1339,1540328239,0,'',0,'2018-10-10'),(1340,325774924,0,'',0,'2018-10-10'),(1341,1611793526,0,'',0,'2018-10-10'),(1342,293164058,1,'',0,'2018-10-10'),(1343,1979926519,0,'',0,'2018-10-10'),(1344,938885720,0,'',0,'2018-10-10'),(1345,765347703,0,'',0,'2018-10-10'),(1346,1380510803,0,'',0,'2018-10-11'),(1347,2014327098,0,'',0,'2018-10-11'),(1348,1235581670,0,'',0,'2018-10-11'),(1349,508469124,0,'',0,'2018-10-11'),(1350,1900381070,0,'',0,'2018-10-11'),(1351,48772458,0,'',0,'2018-10-11'),(1352,1377374149,0,'',0,'2018-10-11'),(1353,1808125292,0,'',0,'2018-10-11'),(1354,1266485420,0,'',0,'2018-10-11'),(1355,44609950,0,'',0,'2018-10-11'),(1356,1635461711,1,'',0,'2018-10-11'),(1357,1087374484,1,'',0,'2018-10-11'),(1358,1489702125,1,'',0,'2018-10-11'),(1359,957502748,1,'',0,'2018-10-11'),(1360,1854749399,1,'',0,'2018-10-11'),(1361,474871160,1,'',0,'2018-10-11'),(1362,1310744348,0,'',0,'2018-10-11'),(1363,2108374381,0,'',0,'2018-10-11'),(1364,216307250,0,'',0,'2018-10-11'),(1365,895529454,0,'',0,'2018-10-11'),(1366,1576323406,0,'',0,'2018-10-11'),(1367,441768346,0,'',0,'2018-10-11'),(1368,508842531,0,'',0,'2018-10-11'),(1369,348351657,0,'',0,'2018-10-11'),(1370,1955526845,0,'',0,'2018-10-11'),(1371,1614441913,1,'',0,'2018-10-11'),(1372,1992562224,0,'',0,'2018-10-11'),(1373,730853044,0,'',0,'2018-10-11'),(1374,1868438402,0,'',0,'2018-10-11'),(1375,1671944181,0,'',0,'2018-10-11'),(1376,1686265329,1,'',0,'2018-10-11'),(1377,1297543560,1,'',0,'2018-10-11'),(1378,1975636262,0,'',0,'2018-10-11'),(1379,503584438,0,'',0,'2018-10-11'),(1380,1043067561,0,'',0,'2018-10-11'),(1381,704603454,0,'',0,'2018-10-11'),(1382,839465720,0,'',0,'2018-10-11'),(1383,1959676197,0,'',0,'2018-10-11'),(1384,481803336,0,'',0,'2018-10-11'),(1385,99269775,1,'',0,'2018-10-11'),(1386,1200543927,0,'',0,'2018-10-11'),(1387,360801219,0,'',0,'2018-10-11'),(1388,675515118,0,'',0,'2018-10-11'),(1389,1285818925,0,'',0,'2018-10-11'),(1390,1004203925,0,'',0,'2018-10-11'),(1391,1108852264,0,'',0,'2018-10-11'),(1392,1644247620,0,'',0,'2018-10-11'),(1393,1575995628,0,'',0,'2018-10-11'),(1394,1228034323,0,'',0,'2018-10-11'),(1395,1222071400,0,'',0,'2018-10-11'),(1396,933747266,0,'',0,'2018-10-11'),(1397,607072353,0,'',0,'2018-10-11'),(1398,1310705927,0,'',0,'2018-10-11'),(1399,246653115,0,'',0,'2018-10-11'),(1400,898405854,0,'',0,'2018-10-11'),(1401,49763479,0,'',0,'2018-10-11'),(1402,430305682,0,'',0,'2018-10-11'),(1403,1080059026,0,'',0,'2018-10-11'),(1404,34329677,0,'',0,'2018-10-11'),(1405,1711646188,0,'',0,'2018-10-11'),(1406,77118644,0,'',0,'2018-10-11'),(1407,547298381,0,'',0,'2018-10-11'),(1408,278825364,0,'',0,'2018-10-11'),(1409,434222422,0,'',0,'2018-10-11'),(1410,2090929746,1,'',0,'2018-10-11'),(1411,1387862992,0,'',0,'2018-10-11'),(1412,508189114,0,'',0,'2018-10-11'),(1413,159753348,0,'',0,'2018-10-11'),(1414,135908798,0,'',0,'2018-10-11'),(1415,1877098848,0,'',0,'2018-10-11'),(1416,2084512521,0,'',0,'2018-10-11'),(1417,1918116361,0,'',0,'2018-10-11'),(1418,1681189617,0,'',0,'2018-10-11'),(1419,2137121655,0,'',0,'2018-10-11'),(1420,522844792,0,'',0,'2018-10-11'),(1421,407000113,0,'',0,'2018-10-11'),(1422,1070989363,1,'',0,'2018-10-11'),(1423,633890085,0,'',0,'2018-10-11'),(1424,825113670,1,'',0,'2018-10-11'),(1425,1184881387,0,'',0,'2018-10-11'),(1426,973654446,0,'',0,'2018-10-11'),(1427,1382747975,0,'',0,'2018-10-11'),(1428,513708775,0,'',0,'2018-10-11'),(1429,1303570710,0,'',0,'2018-10-11'),(1430,1088496780,0,'',0,'2018-10-11'),(1431,548651878,1,'',0,'2018-10-11'),(1432,926775901,0,'',0,'2018-10-11'),(1433,1983060856,0,'',0,'2018-10-11'),(1434,1100224705,1,'',0,'2018-10-11'),(1435,617023418,1,'',0,'2018-10-11'),(1436,597904529,0,'',0,'2018-10-11'),(1437,1447981593,0,'',0,'2018-10-11'),(1438,409462920,1,'',0,'2018-10-11'),(1439,689393838,1,'',0,'2018-10-11'),(1440,723937889,1,'',0,'2018-10-11'),(1441,2061669968,0,'',0,'2018-10-11'),(1442,1696906224,1,'',0,'2018-10-11'),(1443,575202419,0,'',0,'2018-10-11'),(1444,1775308665,1,'',0,'2018-10-11'),(1445,2024702699,1,'',0,'2018-10-11'),(1446,980865270,0,'',0,'2018-10-11'),(1447,1657445742,0,'',0,'2018-10-11'),(1448,2082435117,0,'',0,'2018-10-11'),(1449,477022542,0,'',0,'2018-10-11'),(1450,1277043378,0,'',0,'2018-10-11'),(1451,308159984,0,'',0,'2018-10-11'),(1452,1665014742,0,'',0,'2018-10-11'),(1453,1114782906,0,'',0,'2018-10-11'),(1454,1965122823,0,'',0,'2018-10-11'),(1455,960448253,0,'',0,'2018-10-11'),(1456,1123094423,0,'',0,'2018-10-11'),(1457,911691486,0,'',0,'2018-10-11'),(1458,1056571701,0,'',0,'2018-10-11'),(1459,1885158071,0,'',0,'2018-10-11'),(1460,1217362651,0,'',0,'2018-10-11'),(1461,1873826443,0,'',0,'2018-10-11'),(1462,756916524,0,'',0,'2018-10-11'),(1463,1309350427,0,'',0,'2018-10-11'),(1464,38939390,1,'',0,'2018-10-11'),(1465,1868584258,0,'',0,'2018-10-11'),(1466,1932686155,0,'',0,'2018-10-11'),(1467,1343739855,0,'',0,'2018-10-11'),(1468,742210925,0,'',0,'2018-10-11'),(1469,679090772,0,'',0,'2018-10-11'),(1470,428825499,0,'',0,'2018-10-11'),(1471,908154516,0,'',0,'2018-10-11'),(1472,1063235795,0,'',0,'2018-10-11'),(1473,1352860628,0,'',0,'2018-10-11'),(1474,1272356593,0,'',0,'2018-10-11'),(1475,1113823760,0,'',0,'2018-10-11'),(1476,898380531,0,'',0,'2018-10-11'),(1477,1284374797,1,'',0,'2018-10-11'),(1478,218335275,0,'',0,'2018-10-11'),(1479,1778303565,0,'',0,'2018-10-11'),(1480,1588811906,0,'',0,'2018-10-11'),(1481,1065865921,1,'',0,'2018-10-11'),(1482,712709218,0,'',0,'2018-10-11'),(1483,593615149,0,'',0,'2018-10-11'),(1484,1946819318,1,'',0,'2018-10-11'),(1485,1712445953,1,'',0,'2018-10-11'),(1486,1326638557,0,'',0,'2018-10-11'),(1487,2009299402,0,'',0,'2018-10-11'),(1488,1676963275,0,'',0,'2018-10-11'),(1489,533723782,0,'',0,'2018-10-11'),(1490,1283994278,0,'',0,'2018-10-11'),(1491,244303387,1,'',0,'2018-10-11'),(1492,88015425,0,'',0,'2018-10-11'),(1493,836148179,0,'',0,'2018-10-11'),(1494,1310962989,0,'',0,'2018-10-11'),(1495,1714096840,0,'',0,'2018-10-11'),(1496,1354023790,0,'',0,'2018-10-11'),(1497,1066266819,0,'',0,'2018-10-11'),(1498,613268581,0,'',0,'2018-10-11'),(1499,1506785351,0,'',0,'2018-10-11'),(1500,507189316,1,'',0,'2018-10-11'),(1501,1175079706,0,'',0,'2018-10-12'),(1502,1105422178,0,'',0,'2018-10-12'),(1503,1896532701,0,'',0,'2018-10-12'),(1504,762363375,0,'',0,'2018-10-12'),(1505,1123227444,0,'',0,'2018-10-12'),(1506,1316161073,1,'',0,'2018-10-12'),(1507,948492354,0,'',0,'2018-10-12'),(1508,1351132157,0,'',0,'2018-10-12'),(1509,561899486,0,'',0,'2018-10-12'),(1510,66546739,0,'',0,'2018-10-12'),(1511,6404611,0,'',0,'2018-10-12'),(1512,1886210503,0,'',0,'2018-10-12'),(1513,861262421,0,'',0,'2018-10-12'),(1514,969921525,0,'',0,'2018-10-12'),(1515,830977047,0,'',0,'2018-10-12'),(1516,2065414710,0,'',0,'2018-10-12'),(1517,1028505299,0,'',0,'2018-10-12'),(1518,366847255,0,'',0,'2018-10-12'),(1519,1374269644,0,'',0,'2018-10-12'),(1520,350016818,0,'',0,'2018-10-12'),(1521,1756511905,0,'',0,'2018-10-12'),(1522,1582450424,0,'',0,'2018-10-12'),(1523,92594448,0,'',0,'2018-10-12'),(1524,1920325806,0,'',0,'2018-10-12'),(1525,1357427664,0,'',0,'2018-10-12'),(1526,1966369273,0,'',0,'2018-10-12'),(1527,1227777969,0,'',0,'2018-10-12'),(1528,815268616,0,'',0,'2018-10-12'),(1529,1243964663,0,'',0,'2018-10-12'),(1530,1224257823,0,'',0,'2018-10-12'),(1531,257062998,0,'',0,'2018-10-12'),(1532,1022486148,0,'',0,'2018-10-12'),(1533,67123934,0,'',0,'2018-10-12'),(1534,1576886512,0,'',0,'2018-10-12'),(1535,831069633,1,'',0,'2018-10-12'),(1536,1761394605,0,'',0,'2018-10-12'),(1537,1883988403,0,'',0,'2018-10-12'),(1538,1070414927,0,'',0,'2018-10-12'),(1539,1290246172,1,'',0,'2018-10-12'),(1540,1761309142,0,'',0,'2018-10-12'),(1541,679055009,0,'',0,'2018-10-12'),(1542,379429366,0,'',0,'2018-10-12'),(1543,172061393,0,'',0,'2018-10-12'),(1544,1008498319,1,'',0,'2018-10-12'),(1545,923407033,0,'',0,'2018-10-12'),(1546,905976072,0,'',0,'2018-10-12'),(1547,1359466729,0,'',0,'2018-10-12'),(1548,175694340,0,'',0,'2018-10-12'),(1549,21487941,0,'',0,'2018-10-12'),(1550,1823870757,0,'',0,'2018-10-12'),(1551,474656005,0,'',0,'2018-10-12'),(1552,783200027,0,'',0,'2018-10-12'),(1553,1215825312,0,'',0,'2018-10-12'),(1554,2068408765,0,'',0,'2018-10-12'),(1555,727023787,0,'',0,'2018-10-12'),(1556,1573856519,0,'',0,'2018-10-12'),(1557,1117355874,1,'',0,'2018-10-12'),(1558,580404856,0,'',0,'2018-10-12'),(1559,833798044,0,'',0,'2018-10-12'),(1560,636111031,0,'',0,'2018-10-12'),(1561,296079745,0,'',0,'2018-10-12'),(1562,1787919821,0,'',0,'2018-10-12'),(1563,2075624608,0,'',0,'2018-10-12'),(1564,2052692594,0,'',0,'2018-10-12'),(1565,405398733,0,'',0,'2018-10-12'),(1566,1267343283,0,'',0,'2018-10-12'),(1567,366626325,0,'',0,'2018-10-12'),(1568,2040090851,0,'',0,'2018-10-12'),(1569,2056808981,0,'',0,'2018-10-13'),(1570,98273734,0,'',0,'2018-10-13'),(1571,1710188274,0,'',0,'2018-10-13'),(1572,1464354208,0,'',0,'2018-10-13'),(1573,1217312358,0,'',0,'2018-10-13'),(1574,338894159,1,'',0,'2018-10-13'),(1575,562612912,0,'',0,'2018-10-13'),(1576,1215476284,0,'',0,'2018-10-13'),(1577,1052367116,1,'',0,'2018-10-13'),(1578,1791721999,0,'',0,'2018-10-13'),(1579,1415564203,0,'',0,'2018-10-13'),(1580,380852203,0,'',0,'2018-10-13'),(1581,343875709,1,'',0,'2018-10-13'),(1582,256205094,1,'',0,'2018-10-13'),(1583,1339195380,1,'',0,'2018-10-13'),(1584,54764331,1,'',0,'2018-10-13'),(1585,2017514236,0,'',0,'2018-10-13'),(1586,1491997915,0,'',0,'2018-10-13'),(1587,34171989,0,'',0,'2018-10-13'),(1588,1919628939,0,'',0,'2018-10-13'),(1589,1393794950,0,'',0,'2018-10-13'),(1590,1066005612,0,'',0,'2018-10-13'),(1591,2008139076,0,'',0,'2018-10-13'),(1592,668337349,0,'',0,'2018-10-13'),(1593,1975285615,0,'',0,'2018-10-13'),(1594,800921019,0,'',0,'2018-10-13'),(1595,837009832,0,'',0,'2018-10-13'),(1596,1889485302,0,'',0,'2018-10-13'),(1597,355617858,0,'',0,'2018-10-13'),(1598,1552207593,0,'',0,'2018-10-13'),(1599,1652493860,0,'',0,'2018-10-13'),(1600,405534269,1,'',0,'2018-10-13'),(1601,700911249,1,'',0,'2018-10-13'),(1602,2066558333,0,'',0,'2018-10-13'),(1603,691053848,1,'',0,'2018-10-13'),(1604,2049026437,1,'',0,'2018-10-13'),(1605,1098478277,0,'',0,'2018-10-13'),(1606,2091413858,0,'',0,'2018-10-13'),(1607,525839710,0,'',0,'2018-10-13'),(1608,1276073407,0,'',0,'2018-10-13'),(1609,1417530190,1,'',0,'2018-10-13'),(1610,1383313147,0,'',0,'2018-10-13'),(1611,985160538,0,'',0,'2018-10-13'),(1612,105738957,0,'',0,'2018-10-13'),(1613,422624214,1,'',0,'2018-10-13'),(1614,302485448,1,'',0,'2018-10-13'),(1615,1950429014,1,'',0,'2018-10-13'),(1616,1545172180,1,'',0,'2018-10-13'),(1617,1737384959,1,'',0,'2018-10-13'),(1618,959112726,0,'',0,'2018-10-13'),(1619,671453014,0,'',0,'2018-10-13'),(1620,1113543060,0,'',0,'2018-10-13'),(1621,1514053339,1,'',0,'2018-10-13'),(1622,373168684,0,'',0,'2018-10-13'),(1623,735511668,0,'',0,'2018-10-13'),(1624,1748638367,0,'',0,'2018-10-13'),(1625,327172137,0,'',0,'2018-10-13'),(1626,1509332853,1,'',0,'2018-10-13'),(1627,872802317,0,'',0,'2018-10-13'),(1628,192870524,1,'',0,'2018-10-14'),(1629,199822337,1,'',0,'2018-10-14'),(1630,1949063174,0,'',0,'2018-10-14'),(1631,2081170246,1,'',0,'2018-10-14'),(1632,1832318182,0,'',0,'2018-10-14'),(1633,839044387,1,'',0,'2018-10-14'),(1634,989691571,1,'',0,'2018-10-14'),(1635,1418329308,1,'',0,'2018-10-14'),(1636,137468893,1,'',0,'2018-10-14'),(1637,1664689365,0,'',0,'2018-10-14'),(1638,1651507258,0,'',0,'2018-10-15'),(1639,295456261,0,'',0,'2018-10-15'),(1640,376875721,0,'',0,'2018-10-16'),(1641,343625230,0,'',0,'2018-10-19'),(1642,1482678951,1,'',0,'2018-10-19'),(1643,1984197971,1,'',0,'2018-10-19'),(1644,877683334,1,'',0,'2018-10-19'),(1645,741610371,1,'',0,'2018-10-19'),(1646,1341827599,0,'',0,'2018-10-19'),(1647,1659787239,1,'',0,'2018-10-19'),(1648,963911151,1,'',0,'2018-10-19'),(1649,1613139063,0,'',0,'2018-10-19'),(1650,2065309222,0,'',0,'2018-10-19'),(1651,621458316,0,'',0,'2018-10-19'),(1652,1585281842,1,'',0,'2018-10-20'),(1653,600842684,0,'',0,'2018-10-20'),(1654,327749091,0,'',0,'2018-10-20'),(1655,906531938,0,'',0,'2018-10-20'),(1656,1606831202,0,'',0,'2018-10-20'),(1657,705647795,0,'',0,'2018-10-20'),(1658,1521169400,1,'',0,'2018-10-20'),(1659,11372959,1,'',0,'2018-10-20'),(1660,1055689800,1,'',0,'2018-10-20'),(1661,219716958,1,'',0,'2018-10-20'),(1662,1192021453,0,'',0,'2018-10-20'),(1663,311315368,1,'',0,'2018-10-20'),(1664,914713107,1,'',0,'2018-10-20'),(1665,556422277,1,'',0,'2018-10-20'),(1666,1796024178,1,'',0,'2018-10-20'),(1667,734834134,1,'',0,'2018-10-20'),(1668,1567655579,1,'',0,'2018-10-20'),(1669,1327734870,1,'',0,'2018-10-20'),(1670,1689353604,1,'',0,'2018-10-20'),(1671,177867733,1,'',0,'2018-10-20'),(1672,1579030781,1,'',0,'2018-10-20'),(1673,804366976,1,'',0,'2018-10-20'),(1674,2047181013,1,'',0,'2018-10-20'),(1675,2049007052,1,'',0,'2018-10-20'),(1676,904397256,0,'',0,'2018-10-21'),(1677,228194075,0,'',0,'2018-10-21'),(1678,1282391671,0,'',0,'2018-10-21'),(1679,561552363,1,'',0,'2018-10-21'),(1680,439648140,0,'',0,'2018-10-21'),(1681,138293427,0,'',0,'2018-10-21'),(1682,1268401018,0,'',0,'2018-10-21'),(1683,859594708,0,'',0,'2018-10-21'),(1684,89034325,0,'',0,'2018-10-21'),(1685,1695643465,0,'',0,'2018-10-21'),(1686,512610207,1,'',0,'2018-10-21'),(1687,1482569316,0,'',0,'2018-10-21'),(1688,140092448,0,'',0,'2018-10-21'),(1689,1269735996,0,'',0,'2018-10-21'),(1690,1216373061,0,'',0,'2018-10-21'),(1691,1898042267,0,'',0,'2018-10-21'),(1692,193925646,0,'',0,'2018-10-21'),(1693,616863540,0,'',0,'2018-10-21'),(1694,1727836025,0,'',0,'2018-10-21'),(1695,1484259675,0,'',0,'2018-10-21'),(1696,498476076,0,'',0,'2018-10-21'),(1697,1856987777,0,'',0,'2018-10-21'),(1698,1829671162,0,'',0,'2018-10-21'),(1699,2061413790,0,'',0,'2018-10-21'),(1700,1924338573,0,'',0,'2018-10-21'),(1701,130955500,0,'',0,'2018-10-21'),(1702,261639739,0,'',0,'2018-10-21'),(1703,1381101578,0,'',0,'2018-10-21'),(1704,854277672,0,'',0,'2018-10-21'),(1705,381688629,0,'',0,'2018-10-21'),(1706,155814800,0,'',0,'2018-10-21'),(1707,2086400460,0,'',0,'2018-10-21'),(1708,1570080435,0,'',0,'2018-10-21'),(1709,1128596973,0,'',0,'2018-10-21'),(1710,752209138,0,'',0,'2018-10-21'),(1711,1752556033,0,'',0,'2018-10-21'),(1712,151118398,1,'',0,'2018-10-21'),(1713,446763242,1,'',0,'2018-10-21'),(1714,753090055,1,'',0,'2018-10-21'),(1715,981873191,0,'',0,'2018-10-21'),(1716,1121911077,0,'',0,'2018-10-21'),(1717,737117380,0,'',0,'2018-10-21'),(1718,1891497199,0,'',0,'2018-10-21'),(1719,836714953,0,'',0,'2018-10-22'),(1720,2067298511,1,'',0,'2018-10-22'),(1721,1515350642,0,'',0,'2018-10-22'),(1722,1844873959,0,'',0,'2018-10-22'),(1723,650069021,0,'',0,'2018-10-22'),(1724,1938917360,0,'',0,'2018-10-22'),(1725,1491809007,0,'',0,'2018-10-22'),(1726,1660230178,0,'',0,'2018-10-22'),(1727,1832160159,0,'',0,'2018-10-22'),(1728,588382148,0,'',0,'2018-10-22'),(1729,808248833,0,'',0,'2018-10-22'),(1730,2087943312,0,'',0,'2018-10-22'),(1731,1415452301,0,'',0,'2018-10-22'),(1732,1781399978,0,'',0,'2018-10-22'),(1733,716325274,1,'',0,'2018-10-22'),(1734,1211816925,0,'',0,'2018-10-22'),(1735,1382746142,0,'',0,'2018-10-22'),(1736,740004021,0,'',0,'2018-10-22'),(1737,815244246,0,'',0,'2018-10-22'),(1738,474076006,1,'',0,'2018-10-22'),(1739,456444252,1,'',0,'2018-10-22'),(1740,958943601,1,'',0,'2018-10-22'),(1741,1801138563,0,'',0,'2018-10-22'),(1742,1742008741,0,'',0,'2018-10-22'),(1743,2116040864,0,'',0,'2018-10-22'),(1744,1994688356,1,'',0,'2018-10-22'),(1745,1266943494,1,'',0,'2018-10-22'),(1746,1505515954,1,'',0,'2018-10-22'),(1747,254207685,0,'',0,'2018-10-22'),(1748,1191662556,0,'',0,'2018-10-22'),(1749,704231200,1,'',0,'2018-10-22'),(1750,1183754529,0,'',0,'2018-10-22'),(1751,915532364,1,'',0,'2018-10-22'),(1752,1289990895,1,'',0,'2018-10-22'),(1753,1618504158,0,'',0,'2018-10-22'),(1754,1532956901,0,'',0,'2018-10-22'),(1755,1613582232,0,'',0,'2018-10-22'),(1756,179916950,0,'',0,'2018-10-22'),(1757,1768520152,0,'',0,'2018-10-26'),(1758,1544450619,1,'',0,'2018-10-30'),(1759,709169619,1,'',0,'2018-10-30'),(1760,1188690577,1,'',0,'2018-10-30'),(1761,1946529218,1,'',0,'2018-10-30'),(1762,1152934057,1,'',0,'2018-11-23'),(1763,646001097,1,'',0,'2018-11-23'),(1764,631036308,1,'',0,'2018-11-23'),(1765,1788513987,1,'',0,'2018-11-23'),(1766,1782266133,1,'',0,'2018-11-23'),(1767,1440521478,1,'',0,'2018-11-23'),(1768,851668341,1,'',0,'2018-11-23'),(1769,2116139589,1,'',0,'2018-11-23'),(1770,1164798280,1,'',0,'2018-11-23'),(1771,889115376,0,'',0,'2018-11-27'),(1772,519032267,0,'',0,'2018-11-27'),(1773,296105425,1,'',0,'2018-11-27'),(1774,101265664,1,'',0,'2018-11-30'),(1775,736944848,1,'',0,'2018-12-01'),(1776,1160541006,0,'',0,'2018-12-01'),(1777,1572494652,0,'',0,'2018-12-01'),(1778,2106143103,1,'',0,'2018-12-01'),(1779,154000041,1,'',0,'2018-12-01'),(1780,2087812862,1,'',0,'2018-12-01'),(1781,709981350,0,'',0,'2018-12-01'),(1782,561100154,0,'',0,'2018-12-01'),(1783,1228567260,0,'',0,'2018-12-01'),(1784,1442955171,0,'',0,'2018-12-01'),(1785,2068100247,1,'',0,'2018-12-01'),(1786,972641314,0,'',0,'2018-12-01'),(1787,178463485,0,'',0,'2018-12-01'),(1788,801086748,0,'',0,'2018-12-01'),(1789,1064922192,0,'',0,'2018-12-01'),(1790,974146109,1,'',0,'2018-12-01'),(1791,739688861,0,'',0,'2018-12-01'),(1792,953457681,0,'',0,'2018-12-01'),(1793,69618816,0,'',0,'2018-12-01'),(1794,2115696858,0,'',0,'2018-12-01'),(1795,281209132,0,'',0,'2018-12-01'),(1796,1485610678,0,'',0,'2018-12-01'),(1797,1261762444,0,'',0,'2018-12-01'),(1798,1869065420,0,'',0,'2018-12-01'),(1799,1894898887,1,'',0,'2018-12-01'),(1800,321084468,0,'',0,'2018-12-01'),(1801,499832646,1,'',0,'2018-12-31'),(1802,1165233503,1,'',0,'2018-12-31'),(1803,725855667,1,'',0,'2018-12-31'),(1804,1162432915,0,'',0,'2018-12-31'),(1805,47941098,0,'',0,'2018-12-31'),(1806,1540164152,0,'',0,'2019-01-03'),(1807,117910617,0,'',0,'2019-01-03'),(1808,1922898997,0,'',0,'2019-01-03'),(1809,739726037,0,'',0,'2019-01-03'),(1810,863880152,1,'',0,'2019-01-03'),(1811,233659074,0,'',0,'2019-01-03'),(1812,1063690922,1,'',0,'2019-01-03'),(1813,72204627,0,'',0,'2019-01-03'),(1814,1388366760,0,'',0,'2019-01-03'),(1815,1588457429,0,'',0,'2019-01-03'),(1816,856979340,1,'',0,'2019-01-03'),(1817,1746107031,1,'',0,'2019-01-05'),(1818,70703482,0,'',0,'2019-01-05'),(1819,268023810,0,'',0,'2019-01-05'),(1820,91336040,0,'',0,'2019-01-05'),(1821,1550194532,0,'',0,'2019-01-05'),(1822,429657033,0,'',0,'2019-01-05'),(1823,1088111019,0,'',0,'2019-01-05'),(1824,1691121062,0,'',0,'2019-01-05'),(1825,37025442,0,'',0,'2019-01-05'),(1826,1751651165,1,'',0,'2019-01-05'),(1827,692552789,0,'',0,'2019-01-06'),(1828,85787873,0,'',0,'2019-01-06'),(1829,883566253,0,'',0,'2019-01-06'),(1830,567568779,0,'',0,'2019-01-06'),(1831,783610696,0,'',0,'2019-01-06'),(1832,1431425599,0,'',0,'2019-01-06'),(1833,538231618,0,'',0,'2019-01-06'),(1834,569470180,0,'',0,'2019-01-06'),(1835,1984656997,1,'',0,'2019-01-06'),(1836,1840254414,0,'',0,'2019-01-06'),(1837,964175378,1,'',0,'2019-01-06'),(1838,605456335,1,'',0,'2019-01-06'),(1839,440789394,0,'',0,'2019-01-06'),(1840,1975201477,0,'',0,'2019-01-06'),(1841,808862778,0,'',0,'2019-01-06'),(1842,2069445455,0,'',0,'2019-01-06'),(1843,1011879861,1,'',0,'2019-01-06'),(1844,259177947,0,'',0,'2019-01-06'),(1845,1615745547,1,'',0,'2019-01-06'),(1846,1590301527,0,'',0,'2019-01-06'),(1847,537737279,0,'',0,'2019-01-06'),(1848,1690745515,0,'',0,'2019-01-06'),(1849,32001389,0,'',0,'2019-01-06'),(1850,1603892568,0,'',0,'2019-01-06'),(1851,1696694730,0,'',0,'2019-01-06'),(1852,1681844913,0,'',0,'2019-01-06'),(1853,1694281458,0,'',0,'2019-01-06'),(1854,136919377,0,'',0,'2019-01-06'),(1855,576996923,0,'',0,'2019-01-06'),(1856,77124903,0,'',0,'2019-01-06'),(1857,1572917137,0,'',0,'2019-01-06'),(1858,140542257,0,'',0,'2019-01-06'),(1859,1541891773,0,'',0,'2019-01-06'),(1860,1460833767,0,'',0,'2019-01-06'),(1861,608860131,0,'',0,'2019-01-06'),(1862,1599113628,0,'',0,'2019-01-06'),(1863,1282650027,0,'',0,'2019-01-06'),(1864,1942662954,0,'',0,'2019-01-06'),(1865,228116624,0,'',0,'2019-01-06'),(1866,1178734043,0,'',0,'2019-01-06'),(1867,1562643293,0,'',0,'2019-01-06'),(1868,662080131,0,'',0,'2019-01-06'),(1869,514854070,0,'',0,'2019-01-06'),(1870,2062428184,0,'',0,'2019-01-06'),(1871,1657961439,0,'',0,'2019-01-06'),(1872,369096336,0,'',0,'2019-01-06'),(1873,358388247,0,'',0,'2019-01-06'),(1874,228696143,0,'',0,'2019-01-06'),(1875,2094716468,0,'',0,'2019-01-06'),(1876,1145275062,0,'',0,'2019-01-06'),(1877,1773201135,0,'',0,'2019-01-06'),(1878,2073168416,0,'',0,'2019-01-06'),(1879,429138222,0,'',0,'2019-01-06'),(1880,1123557253,0,'',0,'2019-01-06'),(1881,523116052,0,'',0,'2019-01-06'),(1882,627159754,0,'',0,'2019-01-06'),(1883,1651763849,0,'',0,'2019-01-06'),(1884,1067022888,0,'',0,'2019-01-06'),(1885,683016379,0,'',0,'2019-01-06'),(1886,1593610420,0,'',0,'2019-01-06'),(1887,878065429,0,'',0,'2019-01-06'),(1888,1716920203,0,'',0,'2019-01-06'),(1889,1402720765,0,'',0,'2019-01-06'),(1890,1106996138,0,'',0,'2019-01-06'),(1891,930523723,0,'',0,'2019-01-06'),(1892,1140408230,0,'',0,'2019-01-06'),(1893,1594617038,0,'',0,'2019-01-06'),(1894,1944022266,0,'',0,'2019-01-06'),(1895,1014984807,1,'',0,'2019-01-06'),(1896,1212959809,1,'',0,'2019-01-06'),(1897,1507520646,0,'',0,'2019-01-06'),(1898,1217533133,1,'',0,'2019-01-06'),(1899,440418296,0,'',0,'2019-01-06'),(1900,849303655,0,'',0,'2019-01-06'),(1901,408922399,0,'',0,'2019-01-06'),(1902,1648062903,0,'',0,'2019-01-06'),(1903,1857830912,0,'',0,'2019-01-06'),(1904,611941258,0,'',0,'2019-01-06'),(1905,982978162,0,'',0,'2019-01-06'),(1906,1901252063,0,'',0,'2019-01-06'),(1907,232651382,1,'',0,'2019-01-06'),(1908,41497079,1,'',0,'2019-01-10'),(1909,1206922824,1,'',0,'2019-01-10'),(1910,1846109223,0,'',0,'2019-01-10'),(1911,1417465607,1,'',0,'2019-01-10'),(1912,1025439354,0,'',0,'2019-01-10'),(1913,845966004,0,'',0,'2019-01-10'),(1914,725074717,1,'',0,'2019-01-10'),(1915,1922642836,0,'',0,'2019-01-10'),(1916,572344369,0,'',0,'2019-01-10'),(1917,0,0,'601021313',1,'2019-01-10'),(1918,102432382,1,'',0,'2019-01-11'),(1919,1333247607,0,'',0,'2019-01-11'),(1920,1763147639,1,'',0,'2019-04-05'),(1921,1168907076,0,'',0,'2019-04-17'),(1922,382572039,0,'',0,'2019-04-17'),(1923,459348411,0,'',0,'2019-04-17'),(1924,1601784798,0,'',0,'2019-04-17'),(1925,414081398,1,'',0,'2019-06-15'),(1926,1892605042,0,'',0,'2019-06-15'),(1927,1392214495,0,'',0,'2019-06-15'),(1928,526349802,1,'',0,'2019-06-15'),(1929,1768122193,0,'',0,'2019-06-15'),(1930,2104753281,0,'',0,'2019-06-15'),(1931,1045272779,0,'',0,'2019-06-15'),(1932,965606925,0,'',0,'2019-06-15'),(1933,673055411,0,'',0,'2019-06-15'),(1934,124130198,0,'',0,'2019-06-15'),(1935,78324075,0,'',0,'2019-06-15'),(1936,1511052999,0,'',0,'2019-06-15'),(1937,422437333,0,'',0,'2019-06-15'),(1938,370465530,0,'',0,'2019-06-15'),(1939,1438079750,1,'',0,'2019-06-15'),(1940,685840622,0,'',0,'2019-06-15'),(1941,1301393432,0,'',0,'2019-06-15'),(1942,284853418,0,'',0,'2019-06-15'),(1943,493711495,0,'',0,'2019-06-15'),(1944,976566100,0,'',0,'2019-06-15'),(1945,1215449115,0,'',0,'2019-06-15'),(1946,503973183,0,'',0,'2019-06-15'),(1947,1256003730,0,'',0,'2019-06-15'),(1948,184718213,0,'',0,'2019-06-15'),(1949,820358370,0,'',0,'2019-06-15'),(1950,877601246,0,'',0,'2019-06-15'),(1951,1322010215,0,'',0,'2019-06-15'),(1952,2073302275,0,'',0,'2019-06-15'),(1953,1580200268,0,'',0,'2019-06-15'),(1954,1969847858,0,'',0,'2019-06-15'),(1955,414135343,0,'',0,'2019-06-15'),(1956,1546733580,0,'',0,'2019-06-15'),(1957,1455406183,0,'',0,'2019-06-15'),(1958,754032488,0,'',0,'2019-06-15'),(1959,1772183569,0,'',0,'2019-06-15'),(1960,1386146227,0,'',0,'2019-06-15'),(1961,335902371,0,'',0,'2019-06-15'),(1962,311673190,0,'',0,'2019-06-15'),(1963,26288671,0,'',0,'2019-06-15'),(1964,1962467017,0,'',0,'2019-06-15'),(1965,717850840,0,'',0,'2019-06-15'),(1966,43172333,0,'',0,'2019-06-15'),(1967,302744459,0,'',0,'2019-06-15'),(1968,1100800914,0,'',0,'2019-06-15'),(1969,1151600354,0,'',0,'2019-06-15'),(1970,1123029843,0,'',0,'2019-06-15'),(1971,1407129846,0,'',0,'2019-06-15'),(1972,1462202960,0,'',0,'2019-06-15'),(1973,796906057,0,'',0,'2019-06-15'),(1974,797325576,0,'',0,'2019-06-15'),(1975,1131932238,0,'',0,'2019-06-15'),(1976,1267990825,0,'',0,'2019-06-15'),(1977,373565139,0,'',0,'2019-06-15'),(1978,826261164,0,'',0,'2019-06-15'),(1979,868151237,0,'',0,'2019-06-15'),(1980,982422385,0,'',0,'2019-06-15'),(1981,41636904,0,'',0,'2019-06-15'),(1982,844992359,0,'',0,'2019-06-15'),(1983,1658282041,0,'',0,'2019-06-15'),(1984,429410148,1,'',0,'2019-07-01'),(1985,1694505778,0,'',0,'2019-07-01'),(1986,969015517,0,'',0,'2019-07-05'),(1987,1277136556,0,'',0,'2019-07-05'),(1988,2125257246,0,'',0,'2019-07-05'),(1989,526844396,1,'',0,'2019-08-23'),(1990,1564442271,0,'',0,'2019-08-24'),(1991,706452368,0,'',0,'2019-08-24'),(1992,270727065,0,'',0,'2019-08-24'),(1993,927112908,1,'',0,'2019-08-24'),(1994,1379915758,0,'',0,'2019-08-24'),(1995,492087335,1,'',0,'2019-08-24'),(1996,1571907042,0,'',0,'2019-08-24'),(1997,1245198603,0,'',0,'2019-08-24'),(1998,1233936066,0,'',0,'2019-08-24'),(1999,1489358495,0,'',0,'2019-08-24'),(2000,1137487633,0,'',0,'2019-08-24'),(2001,1572407843,0,'',0,'2019-08-24'),(2002,1176472011,0,'',0,'2019-08-24'),(2003,1924773337,1,'',0,'2019-08-24'),(2004,1630333273,0,'',0,'2019-08-24'),(2005,1120275618,0,'',0,'2019-08-24'),(2006,485502495,0,'',0,'2019-08-24'),(2007,1736390920,0,'',0,'2019-08-24'),(2008,995618325,1,'',0,'2019-08-24'),(2009,1602739991,0,'',0,'2019-08-24'),(2010,1967475999,0,'',0,'2019-08-24'),(2011,415285886,0,'',0,'2019-08-24'),(2012,966574921,1,'',0,'2019-08-24'),(2013,1618224051,1,'',0,'2019-08-24'),(2014,662458014,1,'',0,'2019-08-24'),(2015,1056504304,1,'',0,'2019-08-24'),(2016,1565316708,1,'',0,'2019-08-24'),(2017,1125717609,0,'',0,'2019-08-24'),(2018,217178137,1,'',0,'2019-08-24'),(2019,982275331,0,'',0,'2019-08-24'),(2020,1832169978,0,'',0,'2019-08-24'),(2021,487905202,1,'',0,'2019-08-24'),(2022,1909388239,1,'',0,'2019-08-24'),(2023,1064602088,0,'',0,'2019-08-24'),(2024,979992537,0,'',0,'2019-08-24'),(2025,1333811633,0,'',0,'2019-08-24'),(2026,162317043,0,'',0,'2019-08-24'),(2027,66444955,0,'',0,'2019-08-24'),(2028,675686480,0,'',0,'2019-08-24'),(2029,1299804676,0,'',0,'2019-08-24'),(2030,1638852798,0,'',0,'2019-08-24'),(2031,1852158492,1,'',0,'2019-08-24'),(2032,1077094366,0,'',0,'2019-08-24'),(2033,1121702424,0,'',0,'2019-08-24'),(2034,824950462,0,'',0,'2019-08-24'),(2035,1562596861,0,'',0,'2019-08-24'),(2036,710609696,1,'',0,'2019-08-24'),(2037,1820568787,0,'',0,'2019-08-24'),(2038,1017853205,0,'',0,'2019-08-24'),(2039,234814621,0,'',0,'2019-08-24'),(2040,245920881,0,'',0,'2019-08-24'),(2041,530602048,1,'',0,'2019-08-24'),(2042,88371025,0,'',0,'2019-08-24'),(2043,1836375496,0,'',0,'2019-08-24'),(2044,1766977612,0,'',0,'2019-08-24'),(2045,1717337655,0,'',0,'2019-08-24'),(2046,197854420,1,'',0,'2019-08-26'),(2047,973793640,0,'',0,'2019-08-26'),(2048,199395441,0,'',0,'2019-08-26'),(2049,862570590,1,'',0,'2019-08-26'),(2050,87524189,1,'',0,'2019-08-26'),(2051,614000835,0,'',0,'2019-08-26'),(2052,1296378364,0,'',0,'2019-08-26'),(2053,485698316,0,'',0,'2019-08-26'),(2054,31030263,0,'',0,'2019-10-14'),(2055,149244723,0,'',0,'2019-10-14'),(2056,746874219,1,'',0,'2019-10-14'),(2057,997066446,1,'',0,'2019-10-14'),(2058,1884001314,0,'',0,'2019-10-14'),(2059,1624623815,1,'',0,'2019-10-14');
/*!40000 ALTER TABLE `security` ENABLE KEYS */;
UNLOCK TABLES;

--
-- Table structure for table `settings`
--

DROP TABLE IF EXISTS `settings`;
/*!40101 SET @saved_cs_client     = @@character_set_client */;
/*!40101 SET character_set_client = utf8 */;
CREATE TABLE `settings` (
  `id` int(11) NOT NULL AUTO_INCREMENT,
  `username` varchar(100) NOT NULL,
  `password` varchar(100) NOT NULL,
  `company_name` varchar(100) NOT NULL,
  `company_email` varchar(100) NOT NULL,
  `company_mobile` varchar(100) NOT NULL,
  `company_address` varchar(100) NOT NULL,
  PRIMARY KEY (`id`)
) ENGINE=InnoDB AUTO_INCREMENT=2 DEFAULT CHARSET=latin1;
/*!40101 SET character_set_client = @saved_cs_client */;

--
-- Dumping data for table `settings`
--

LOCK TABLES `settings` WRITE;
/*!40000 ALTER TABLE `settings` DISABLE KEYS */;
INSERT INTO `settings` VALUES (1,'harun','4e25effbd2ca094cbef7c3333f9bfabc087148b3','hansharo reantal cars','test@test.com','0722744444','p.o.box 16314 00610 nairobi kenya');
/*!40000 ALTER TABLE `settings` ENABLE KEYS */;
UNLOCK TABLES;
/*!40103 SET TIME_ZONE=@OLD_TIME_ZONE */;

/*!40101 SET SQL_MODE=@OLD_SQL_MODE */;
/*!40014 SET FOREIGN_KEY_CHECKS=@OLD_FOREIGN_KEY_CHECKS */;
/*!40014 SET UNIQUE_CHECKS=@OLD_UNIQUE_CHECKS */;
/*!40101 SET CHARACTER_SET_CLIENT=@OLD_CHARACTER_SET_CLIENT */;
/*!40101 SET CHARACTER_SET_RESULTS=@OLD_CHARACTER_SET_RESULTS */;
/*!40101 SET COLLATION_CONNECTION=@OLD_COLLATION_CONNECTION */;
/*!40111 SET SQL_NOTES=@OLD_SQL_NOTES */;

-- Dump completed on 2019-12-05  2:30:03
