-- MySQL dump 10.13  Distrib 5.7.29, for Linux (x86_64)
--
-- Host: localhost    Database: som_school
-- ------------------------------------------------------
-- Server version	5.7.29-0ubuntu0.18.04.1

/*!40101 SET @OLD_CHARACTER_SET_CLIENT=@@CHARACTER_SET_CLIENT */;
/*!40101 SET @OLD_CHARACTER_SET_RESULTS=@@CHARACTER_SET_RESULTS */;
/*!40101 SET @OLD_COLLATION_CONNECTION=@@COLLATION_CONNECTION */;
/*!40101 SET NAMES utf8 */;
/*!40103 SET @OLD_TIME_ZONE=@@TIME_ZONE */;
/*!40103 SET TIME_ZONE='+00:00' */;
/*!40014 SET @OLD_UNIQUE_CHECKS=@@UNIQUE_CHECKS, UNIQUE_CHECKS=0 */;
/*!40014 SET @OLD_FOREIGN_KEY_CHECKS=@@FOREIGN_KEY_CHECKS, FOREIGN_KEY_CHECKS=0 */;
/*!40101 SET @OLD_SQL_MODE=@@SQL_MODE, SQL_MODE='NO_AUTO_VALUE_ON_ZERO' */;
/*!40111 SET @OLD_SQL_NOTES=@@SQL_NOTES, SQL_NOTES=0 */;

--
-- Table structure for table `crf`
--

DROP TABLE IF EXISTS `crf`;
/*!40101 SET @saved_cs_client     = @@character_set_client */;
/*!40101 SET character_set_client = utf8 */;
CREATE TABLE `crf` (
  `id` int(11) NOT NULL,
  `crf_token` int(11) NOT NULL,
  `crf_token_status` int(11) NOT NULL,
  `expiration_date` date NOT NULL,
  `user_id` int(11) NOT NULL
) ENGINE=InnoDB DEFAULT CHARSET=latin1;
/*!40101 SET character_set_client = @saved_cs_client */;

--
-- Dumping data for table `crf`
--

LOCK TABLES `crf` WRITE;
/*!40000 ALTER TABLE `crf` DISABLE KEYS */;
INSERT INTO `crf` VALUES (0,1420996716,1,'2020-01-29',0),(0,1438259055,1,'2020-01-29',0),(0,762375638,1,'2020-01-29',0),(0,889258510,1,'2020-01-29',0),(0,1902584841,1,'2020-01-29',0),(0,2017077523,1,'2020-01-29',0),(0,1614028030,1,'2020-01-29',0),(0,1583903756,1,'2020-01-29',0),(0,2059827795,1,'2020-01-29',0),(0,1775218510,1,'2020-01-29',0),(0,870763402,1,'2020-01-29',0),(0,676139422,1,'2020-01-29',0),(0,1064829426,1,'2020-01-29',0),(0,1903198151,1,'2020-01-29',0),(0,801615649,1,'2020-01-29',0),(0,657232706,1,'2020-01-29',0),(0,29235376,1,'2020-01-29',0),(0,341961711,1,'2020-01-29',0),(0,1718477030,1,'2020-01-29',0),(0,1742946384,1,'2020-01-29',0),(0,1213430167,1,'2020-01-29',0),(0,1196945103,1,'2020-01-29',0),(0,881560143,1,'2020-01-29',0),(0,2070061297,1,'2020-01-29',0),(0,1864272313,1,'2020-01-29',0),(0,563944060,1,'2020-01-29',0),(0,595702712,1,'2020-01-29',0),(0,1586673057,1,'2020-01-29',0),(0,1392478391,0,'2020-01-29',0),(0,280770783,1,'2020-01-29',0),(0,73810242,1,'2020-01-29',0),(0,1848139384,1,'2020-01-29',0),(0,1627995765,1,'2020-01-29',0),(0,451064225,1,'2020-01-29',0),(0,1598165811,1,'2020-01-29',0),(0,557769211,1,'2020-01-29',0),(0,1296093464,1,'2020-01-29',0),(0,165301333,0,'2020-01-29',0),(0,2014211899,1,'2020-01-29',0),(0,1274671995,1,'2020-01-29',0),(0,1264749508,1,'2020-01-29',0),(0,1473303740,1,'2020-01-29',0),(0,67080766,1,'2020-01-29',0),(0,1722875193,1,'2020-01-29',0),(0,118894902,1,'2020-01-29',0),(0,465399480,1,'2020-01-29',0),(0,2111784299,0,'2020-01-29',0),(0,1836326601,0,'2020-01-29',0),(0,41058628,0,'2020-01-29',0),(0,2025796951,1,'2020-01-29',0),(0,172779040,0,'2020-01-29',0),(0,319497043,1,'2020-01-29',0),(0,1150591056,0,'2020-01-29',0),(0,1751094287,0,'2020-01-29',0),(0,540028757,0,'2020-01-29',0),(0,771852832,1,'2020-01-29',0),(0,1797351007,1,'2020-01-29',0),(0,355892416,1,'2020-01-29',0),(0,1245506185,0,'2020-01-29',0),(0,1166141309,0,'2020-01-29',0),(0,1799272486,1,'2020-01-29',0),(0,1768400862,1,'2020-01-29',0),(0,1475940148,1,'2020-01-29',0),(0,83744963,0,'2020-01-29',0),(0,609301669,0,'2020-01-29',0),(0,405629016,1,'2020-01-29',0),(0,75815494,0,'2020-01-29',0),(0,1505416465,0,'2020-01-29',0),(0,2032558194,0,'2020-01-29',0),(0,660954449,1,'2020-01-29',0),(0,1592164349,1,'2020-01-29',0),(0,2119107684,1,'2020-01-29',0),(0,936547467,1,'2020-01-29',0),(0,1689046903,1,'2020-01-29',0),(0,1508394468,1,'2020-01-29',0),(0,641489729,0,'2020-01-29',0),(0,2023347236,0,'2020-01-29',0),(0,2040806557,0,'2020-01-29',0),(0,1759781900,1,'2020-01-29',0),(0,1424941051,1,'2020-01-29',0),(0,1792703755,1,'2020-01-29',0),(0,1208136678,0,'2020-01-29',0),(0,594702716,1,'2020-01-29',0),(0,1231026390,0,'2020-01-29',0),(0,324427676,1,'2020-01-29',0),(0,1530132073,0,'2020-01-29',0),(0,209073439,1,'2020-01-29',0),(0,1234512534,0,'2020-01-29',0),(0,1384300886,0,'2020-01-29',0),(0,574307706,1,'2020-01-29',0),(0,264661795,0,'2020-01-29',0),(0,1879635394,0,'2020-01-29',0),(0,1194404891,0,'2020-01-29',0),(0,1239901043,0,'2020-01-29',0),(0,229037760,0,'2020-01-29',0),(0,368535864,0,'2020-01-29',0),(0,1172316993,1,'2020-01-29',0),(0,1904840541,1,'2020-01-29',0),(0,1898351063,1,'2020-01-29',0),(0,1606094097,1,'2020-01-29',0),(0,1821389649,0,'2020-01-29',0),(0,666583315,0,'2020-01-29',0),(0,1112458940,0,'2020-01-29',0),(0,1372892462,1,'2020-01-29',0),(0,281126124,1,'2020-01-30',0),(0,2035306334,1,'2020-01-30',0),(0,1520630658,1,'2020-01-30',0),(0,291048692,1,'2020-01-30',0),(0,1014947856,1,'2020-01-30',0),(0,918193341,1,'2020-01-30',0),(0,414486593,1,'2020-01-30',0),(0,165325426,1,'2020-01-30',0),(0,2088851522,1,'2020-01-30',0),(0,868645298,1,'2020-01-30',0),(0,1651203558,1,'2020-01-30',0),(0,1819499499,1,'2020-01-30',0),(0,1230276591,0,'2020-01-30',0),(0,545351925,1,'2020-01-30',0),(0,829721943,0,'2020-01-30',0),(0,1297922159,1,'2020-01-30',0),(0,306453979,1,'2020-01-30',0),(0,1963097858,1,'2020-01-30',0),(0,561717760,1,'2020-01-30',0),(0,1982318355,1,'2020-01-30',0),(0,1780064133,0,'2020-01-30',0),(0,723834957,0,'2020-01-30',0),(0,1504539222,0,'2020-01-30',0),(0,30475787,0,'2020-01-30',0),(0,312333769,1,'2020-01-30',0),(0,2141186442,0,'2020-01-30',0),(0,1688939667,1,'2020-01-30',0),(0,112634992,1,'2020-01-30',0),(0,786353348,0,'2020-01-30',0),(0,321833116,0,'2020-01-30',0),(0,1527541488,0,'2020-01-30',0),(0,1109602060,0,'2020-01-30',0),(0,1833590920,0,'2020-01-30',0),(0,1212021854,1,'2020-01-30',0),(0,775823669,1,'2020-01-30',0),(0,1506002574,1,'2020-01-30',0),(0,1742132458,0,'2020-01-30',0),(0,885947123,1,'2020-01-30',0),(0,2039848569,1,'2020-01-30',0),(0,1430765238,0,'2020-01-30',0),(0,613595790,1,'2020-01-30',0),(0,1873336036,1,'2020-01-30',0),(0,502035815,1,'2020-01-30',0),(0,1900367904,1,'2020-01-30',0),(0,1228332546,1,'2020-01-30',0),(0,1715720830,1,'2020-01-30',0),(0,460513267,1,'2020-01-30',0),(0,8628988,1,'2020-01-30',0),(0,1271706497,1,'2020-01-30',0),(0,357816182,0,'2020-01-30',0),(0,530182728,0,'2020-01-30',0),(0,771569194,0,'2020-01-30',0),(0,1725848809,0,'2020-01-30',0),(0,2104498264,0,'2020-01-30',0),(0,831928135,0,'2020-01-30',0),(0,1694792244,0,'2020-01-30',0),(0,276823672,1,'2020-01-30',0),(0,319263531,0,'2020-01-30',0),(0,788263973,0,'2020-01-30',0),(0,1711081406,0,'2020-01-30',0),(0,2015850427,1,'2020-01-30',0),(0,1269259682,0,'2020-01-30',0),(0,2077929804,0,'2020-01-30',0),(0,882447868,0,'2020-01-30',0),(0,123743789,0,'2020-01-30',0),(0,2052395806,0,'2020-01-30',0),(0,398233019,0,'2020-01-30',0),(0,498032175,0,'2020-01-30',0),(0,836817224,0,'2020-01-30',0),(0,1270881990,0,'2020-01-30',0),(0,862882389,1,'2020-01-30',0),(0,651827540,0,'2020-01-30',0),(0,653328669,1,'2020-01-30',0),(0,1005847172,0,'2020-01-30',0),(0,1062859024,0,'2020-01-30',0),(0,16250881,1,'2020-01-30',0),(0,978774119,0,'2020-01-30',0),(0,562282295,0,'2020-01-30',0),(0,359818542,1,'2020-01-30',0),(0,345187018,0,'2020-01-30',0),(0,765042202,0,'2020-01-30',0),(0,1506216989,1,'2020-01-30',0),(0,1560659264,1,'2020-02-01',0),(0,575255646,0,'2020-02-01',0),(0,497572839,1,'2020-02-02',0),(0,741996939,0,'2020-02-02',0),(0,623738155,0,'2020-02-02',0),(0,2062919348,1,'2020-02-02',0),(0,1463608076,1,'2020-02-02',0),(0,436888493,1,'2020-02-02',0),(0,1642574266,1,'2020-02-02',0),(0,1349373776,1,'2020-02-02',0),(0,1380819561,1,'2020-02-02',0),(0,919958466,0,'2020-02-02',0),(0,766495041,1,'2020-02-02',0),(0,538369628,1,'2020-02-02',0),(0,732672851,0,'2020-02-02',0),(0,518901035,0,'2020-02-02',0),(0,35093938,0,'2020-02-02',0),(0,1749102191,0,'2020-02-02',0),(0,137803407,0,'2020-02-02',0),(0,610925582,0,'2020-02-02',0),(0,1837690532,0,'2020-02-02',0),(0,2034721109,0,'2020-02-02',0),(0,1533937277,0,'2020-02-02',0),(0,906845295,0,'2020-02-02',0),(0,1669039862,1,'2020-02-02',0),(0,581549353,1,'2020-02-02',0),(0,393657019,1,'2020-02-02',0),(0,1128920837,0,'2020-02-02',0),(0,594444404,1,'2020-02-03',0),(0,520141954,1,'2020-02-03',0),(0,500648954,1,'2020-02-03',0),(0,2060925012,0,'2020-02-03',0),(0,1162735744,0,'2020-02-03',0),(0,1700054796,1,'2020-02-03',0),(0,1357665740,1,'2020-02-03',0),(0,1649801809,1,'2020-02-03',0),(0,2088201054,1,'2020-02-03',0),(0,878414601,0,'2020-02-03',0),(0,1583455055,1,'2020-02-03',0),(0,1884178502,0,'2020-02-03',0),(0,1464212277,1,'2020-02-03',0),(0,2140237362,1,'2020-02-03',0),(0,1630590776,1,'2020-02-03',0),(0,656381473,1,'2020-02-03',0),(0,23282709,0,'2020-02-03',0),(0,194038535,0,'2020-02-03',0),(0,1682513245,0,'2020-02-03',0),(0,1705243825,1,'2020-02-03',0),(0,1822263847,1,'2020-02-03',0),(0,442529153,1,'2020-02-03',0),(0,62215536,1,'2020-02-03',0),(0,328606641,1,'2020-02-03',0),(0,194404869,1,'2020-02-03',0),(0,2092265612,1,'2020-02-03',0),(0,909902447,1,'2020-02-03',0),(0,1028789302,0,'2020-02-03',0),(0,1097900468,1,'2020-02-03',0),(0,1704101432,1,'2020-02-03',0),(0,1201401304,0,'2020-02-03',0),(0,808054820,1,'2020-02-03',0),(0,988001764,1,'2020-02-03',0),(0,1454654863,1,'2020-02-03',0),(0,907232026,1,'2020-02-03',0),(0,1556553586,0,'2020-02-03',0),(0,1606271564,0,'2020-02-03',0),(0,855293316,0,'2020-02-03',0),(0,328431767,0,'2020-02-03',0),(0,614613213,1,'2020-02-03',0),(0,782666850,0,'2020-02-03',0),(0,1785901328,0,'2020-02-03',0),(0,464854440,0,'2020-02-03',0),(0,790943887,1,'2020-02-03',0),(0,1940459633,1,'2020-02-03',0),(0,1769065284,0,'2020-02-03',0),(0,1584656906,0,'2020-02-03',0),(0,1895943206,0,'2020-02-03',0),(0,604281492,1,'2020-02-03',0),(0,1386162411,0,'2020-02-03',0),(0,239413115,0,'2020-02-03',0),(0,564906481,1,'2020-02-03',0),(0,1172091124,1,'2020-02-03',0),(0,1448640745,1,'2020-02-03',0),(0,1210249692,1,'2020-02-03',0),(0,672186410,1,'2020-02-03',0),(0,1970596496,1,'2020-02-03',0),(0,1316668251,1,'2020-02-03',0),(0,959511723,1,'2020-02-03',0),(0,1383697175,1,'2020-02-03',0),(0,455504121,1,'2020-02-03',0),(0,1090434687,0,'2020-02-03',0),(0,572669821,1,'2020-02-03',0),(0,1081134043,1,'2020-02-03',0),(0,1738705250,0,'2020-02-03',0),(0,1942366898,1,'2020-02-03',0),(0,1072371243,1,'2020-02-03',0),(0,1593059247,0,'2020-02-03',0),(0,376556506,1,'2020-02-03',0),(0,317970261,1,'2020-02-03',0),(0,1182876639,1,'2020-02-03',0),(0,834520289,0,'2020-02-03',0),(0,1951329536,1,'2020-02-03',0),(0,364856567,1,'2020-02-04',0),(0,725201307,0,'2020-02-04',0),(0,851207466,1,'2020-02-04',0),(0,790831381,1,'2020-02-04',0),(0,614619516,1,'2020-02-04',0),(0,1427719531,1,'2020-02-04',0),(0,1055776388,1,'2020-02-04',0),(0,989951217,1,'2020-02-04',0),(0,1298628270,1,'2020-02-05',0),(0,940733747,1,'2020-02-05',0),(0,557848008,1,'2020-02-05',0),(0,854126025,1,'2020-02-05',0),(0,97105479,1,'2020-02-05',0),(0,1384494742,1,'2020-02-05',0),(0,1817446148,1,'2020-02-05',0),(0,1705164473,1,'2020-02-05',0),(0,809473318,0,'2020-02-05',0),(0,1021708922,0,'2020-02-05',0),(0,809574794,1,'2020-02-05',0),(0,620346491,1,'2020-02-05',0),(0,113302463,0,'2020-02-05',0),(0,2051172359,0,'2020-02-05',0),(0,1419114503,0,'2020-02-05',0),(0,2039422421,0,'2020-02-05',0),(0,1274850490,0,'2020-02-05',0),(0,1634819619,0,'2020-02-05',0),(0,67375419,0,'2020-02-05',0),(0,1642680689,1,'2020-02-05',0),(0,1512965047,1,'2020-02-05',0),(0,1474266628,1,'2020-02-05',0),(0,2138304128,1,'2020-02-05',0),(0,537383409,1,'2020-02-05',0),(0,1944464376,1,'2020-02-05',0),(0,633970060,0,'2020-02-05',0),(0,899566577,0,'2020-02-05',0),(0,718495218,1,'2020-02-05',0),(0,1358286962,1,'2020-02-05',0),(0,744825562,0,'2020-02-05',0),(0,1007560099,1,'2020-02-05',0),(0,384710407,1,'2020-02-05',0),(0,121221075,1,'2020-02-05',0),(0,1368860396,1,'2020-02-05',0),(0,183117544,1,'2020-02-05',0),(0,561188368,0,'2020-02-05',0),(0,1296339545,0,'2020-02-05',0),(0,610981428,0,'2020-02-05',0),(0,992432480,0,'2020-02-05',0),(0,2085503368,0,'2020-02-05',0),(0,721931930,0,'2020-02-05',0),(0,364784819,0,'2020-02-05',0),(0,1603131638,0,'2020-02-05',0),(0,2013089220,0,'2020-02-05',0),(0,1452517346,0,'2020-02-05',0),(0,1000483604,0,'2020-02-05',0),(0,1636838832,0,'2020-02-05',0),(0,1786782245,0,'2020-02-05',0),(0,1148392167,0,'2020-02-05',0),(0,1297457081,0,'2020-02-05',0),(0,1934364906,0,'2020-02-05',0),(0,196083641,1,'2020-02-05',0),(0,833058685,0,'2020-02-05',0),(0,1973098795,1,'2020-02-05',0),(0,351562052,0,'2020-02-05',0),(0,571927212,0,'2020-02-05',0),(0,1715808033,0,'2020-02-05',0),(0,254200034,0,'2020-02-05',0),(0,1452989418,0,'2020-02-05',0),(0,1748359072,0,'2020-02-05',0),(0,2091606539,1,'2020-02-05',0),(0,882115344,1,'2020-02-05',0),(0,963672730,0,'2020-02-05',0),(0,173201383,0,'2020-02-05',0),(0,431326161,1,'2020-02-05',0),(0,2119902882,0,'2020-02-05',0),(0,1659956124,1,'2020-02-05',0),(0,1240721242,0,'2020-02-05',0),(0,1605509321,0,'2020-02-05',0),(0,2017252846,0,'2020-02-05',0),(0,1374439380,0,'2020-02-05',0),(0,161810109,0,'2020-02-05',0),(0,361200274,0,'2020-02-05',0),(0,629284070,0,'2020-02-05',0),(0,1778087252,1,'2020-02-05',0),(0,822208345,0,'2020-02-05',0),(0,1057917855,0,'2020-02-05',0),(0,1430106629,0,'2020-02-05',0),(0,1491943626,0,'2020-02-05',0),(0,902857806,0,'2020-02-05',0),(0,1977912837,1,'2020-02-05',0),(0,462402130,0,'2020-02-05',0),(0,77351625,0,'2020-02-05',0),(0,2069771220,0,'2020-02-05',0),(0,221817324,0,'2020-02-05',0),(0,1440542853,0,'2020-02-05',0),(0,1461083632,0,'2020-02-05',0),(0,1399040400,0,'2020-02-05',0),(0,492206586,0,'2020-02-05',0),(0,23535145,0,'2020-02-05',0),(0,2073727633,0,'2020-02-05',0),(0,164680064,0,'2020-02-05',0),(0,1632051671,0,'2020-02-05',0),(0,1097208751,0,'2020-02-05',0),(0,291917038,0,'2020-02-05',0),(0,1440291185,0,'2020-02-05',0),(0,567559810,0,'2020-02-05',0),(0,1874838310,0,'2020-02-05',0),(0,770159582,0,'2020-02-05',0),(0,1984333564,0,'2020-02-05',0),(0,1520381521,0,'2020-02-05',0),(0,1277113118,0,'2020-02-05',0),(0,617898727,0,'2020-02-05',0),(0,1596490203,0,'2020-02-05',0),(0,1920315732,0,'2020-02-05',0),(0,1621714971,0,'2020-02-05',0),(0,736037733,0,'2020-02-05',0),(0,2113092396,0,'2020-02-05',0),(0,747353247,0,'2020-02-05',0),(0,808651009,1,'2020-02-05',0),(0,544867991,1,'2020-02-05',0),(0,980314653,1,'2020-02-05',0),(0,1003258618,1,'2020-02-05',0),(0,1302862952,1,'2020-02-05',0),(0,1919790793,0,'2020-02-05',0),(0,500971678,1,'2020-02-05',0),(0,481658834,0,'2020-02-05',0),(0,390806670,0,'2020-02-05',0),(0,43510124,1,'2020-02-05',0),(0,971451143,1,'2020-02-05',0),(0,1746360235,1,'2020-02-05',0),(0,1310843182,1,'2020-02-05',0),(0,1962414147,1,'2020-02-05',0),(0,965854901,1,'2020-02-05',0),(0,1641059575,1,'2020-02-05',0),(0,287977287,1,'2020-02-05',0),(0,864758232,1,'2020-02-05',0),(0,1372587485,1,'2020-02-05',0),(0,437540695,1,'2020-02-05',0),(0,1114900384,1,'2020-02-05',0),(0,495372947,1,'2020-02-05',0),(0,1378698405,1,'2020-02-05',0),(0,481310074,1,'2020-02-05',0),(0,1593354605,1,'2020-02-05',0),(0,451606412,0,'2020-02-05',0),(0,128775893,0,'2020-02-05',0),(0,697060098,0,'2020-02-05',0),(0,536772160,0,'2020-02-05',0),(0,1783599641,0,'2020-02-05',0),(0,1229778582,0,'2020-02-05',0),(0,1571939967,0,'2020-02-05',0),(0,1801547831,0,'2020-02-05',0),(0,982688259,0,'2020-02-05',0),(0,601620576,0,'2020-02-05',0),(0,725540890,0,'2020-02-05',0),(0,1710372545,0,'2020-02-05',0),(0,631392542,0,'2020-02-05',0),(0,1487093333,0,'2020-02-05',0),(0,53031606,0,'2020-02-05',0),(0,1974997527,0,'2020-02-05',0),(0,1120650208,0,'2020-02-05',0),(0,539371304,1,'2020-02-05',0),(0,645963123,1,'2020-02-05',0),(0,994601526,0,'2020-02-05',0),(0,770365969,0,'2020-02-05',0),(0,1850328046,0,'2020-02-05',0),(0,1183337947,0,'2020-02-05',0),(0,681866665,0,'2020-02-05',0),(0,1225695496,0,'2020-02-05',0),(0,1517534153,0,'2020-02-05',0),(0,1425249415,0,'2020-02-05',0),(0,479710525,0,'2020-02-05',0),(0,1584327974,0,'2020-02-05',0),(0,977895806,1,'2020-02-05',0),(0,895130384,1,'2020-02-05',0),(0,1948034520,0,'2020-02-05',0),(0,199392462,1,'2020-02-05',0),(0,1851942515,1,'2020-02-05',0),(0,1003584143,1,'2020-02-05',0),(0,691381732,1,'2020-02-05',0),(0,1016578816,1,'2020-02-05',0),(0,1818986609,1,'2020-02-05',0),(0,1071661767,1,'2020-02-05',0),(0,1947607349,1,'2020-02-05',0),(0,841285087,1,'2020-02-06',0),(0,1069085381,1,'2020-02-06',0),(0,350963723,1,'2020-02-06',0),(0,954673070,1,'2020-02-06',0),(0,2141865545,0,'2020-02-06',0),(0,359969561,0,'2020-02-06',0),(0,2080199346,0,'2020-02-06',0),(0,584005306,0,'2020-02-06',0),(0,358655874,0,'2020-02-06',0),(0,1691902639,0,'2020-02-06',0),(0,1450623450,0,'2020-02-06',0),(0,455144125,0,'2020-02-06',0),(0,539403460,0,'2020-02-06',0),(0,1909877078,0,'2020-02-06',0),(0,940090811,1,'2020-02-06',0),(0,860219178,0,'2020-02-06',0),(0,720758253,0,'2020-02-06',0),(0,1271538861,0,'2020-02-06',0),(0,2021347897,0,'2020-02-06',0),(0,1185517715,0,'2020-02-06',0),(0,1521268804,0,'2020-02-06',0),(0,771175881,1,'2020-02-06',0),(0,1484494256,0,'2020-02-06',0),(0,22759530,0,'2020-02-06',0),(0,938254201,0,'2020-02-06',0),(0,1259739359,1,'2020-02-06',0),(0,1073729335,1,'2020-02-06',0),(0,774328415,1,'2020-02-06',0),(0,2076228124,1,'2020-02-06',0),(0,70320612,1,'2020-02-06',0),(0,802053543,0,'2020-02-06',0),(0,1725997004,0,'2020-02-06',0),(0,1230882756,0,'2020-02-06',0),(0,344700182,1,'2020-02-06',0),(0,1616058352,0,'2020-02-06',0),(0,872044050,0,'2020-02-06',0),(0,2054709549,0,'2020-02-06',0),(0,1047294931,0,'2020-02-06',0),(0,1173126146,0,'2020-02-06',0),(0,2117243443,0,'2020-02-06',0),(0,762407086,0,'2020-02-06',0),(0,893868775,0,'2020-02-06',0),(0,1415330764,0,'2020-02-06',0),(0,1815946811,0,'2020-02-06',0),(0,1783777698,0,'2020-02-06',0),(0,1196023363,0,'2020-02-06',0),(0,1055489355,0,'2020-02-06',0),(0,614288066,0,'2020-02-06',0),(0,1164920976,0,'2020-02-06',0),(0,1000795113,0,'2020-02-06',0),(0,1313534705,1,'2020-02-06',0),(0,171511073,1,'2020-02-06',0),(0,1113964608,1,'2020-02-06',0),(0,423964576,0,'2020-02-06',0),(0,600423723,0,'2020-02-06',0),(0,1392668431,0,'2020-02-06',0),(0,1032184929,0,'2020-02-06',0),(0,1135851283,0,'2020-02-06',0),(0,1675559845,0,'2020-02-06',0),(0,190955239,0,'2020-02-06',0),(0,1618315986,1,'2020-02-06',0),(0,412401445,0,'2020-02-06',0),(0,1419187706,0,'2020-02-06',0),(0,258079049,0,'2020-02-06',0),(0,1345650488,0,'2020-02-06',0),(0,1995926684,0,'2020-02-06',0),(0,2095324029,1,'2020-02-06',0),(0,1127190581,0,'2020-02-06',0),(0,1015872186,0,'2020-02-06',0),(0,498721303,1,'2020-02-06',0),(0,1125645206,0,'2020-02-06',0),(0,1459888202,1,'2020-02-06',0),(0,1507236861,0,'2020-02-06',0),(0,911740849,0,'2020-02-06',0),(0,604551362,0,'2020-02-06',0),(0,793223266,1,'2020-02-06',0),(0,649124926,1,'2020-02-06',0),(0,1379948638,1,'2020-02-06',0),(0,130896050,0,'2020-02-06',0),(0,310269740,1,'2020-02-06',0),(0,158398226,1,'2020-02-06',0),(0,4390437,1,'2020-02-06',0),(0,723045772,1,'2020-02-06',0),(0,1281363193,1,'2020-02-06',0),(0,1185653246,1,'2020-02-06',0),(0,1819251949,1,'2020-02-06',0),(0,1010354609,0,'2020-02-06',0),(0,255599410,1,'2020-02-06',0),(0,1515371923,1,'2020-02-06',0),(0,2104097838,1,'2020-02-06',0),(0,1361979332,1,'2020-02-06',0),(0,1553119190,1,'2020-02-06',0),(0,1536201496,1,'2020-02-06',0),(0,1217720691,0,'2020-02-06',0),(0,997040931,1,'2020-02-06',0),(0,1202514420,1,'2020-02-06',0),(0,652782808,1,'2020-02-06',0),(0,121648319,0,'2020-02-06',0),(0,1507643869,0,'2020-02-06',0),(0,1386086853,0,'2020-02-06',0),(0,52659613,1,'2020-02-06',0),(0,2068719417,1,'2020-02-06',0),(0,952523328,1,'2020-02-06',0),(0,162386600,1,'2020-02-06',0),(0,829278981,0,'2020-02-06',0),(0,1128805413,1,'2020-02-06',0),(0,437096423,1,'2020-02-06',0),(0,72593707,1,'2020-02-06',0),(0,1753001208,1,'2020-02-06',0),(0,1561746768,1,'2020-02-06',0),(0,37059411,1,'2020-02-06',0),(0,2092881470,1,'2020-02-06',0),(0,1760855371,1,'2020-02-06',0),(0,1068902424,1,'2020-02-06',0),(0,1286403801,1,'2020-02-06',0),(0,2065390555,1,'2020-02-06',0),(0,1801196404,1,'2020-02-06',0),(0,185005224,1,'2020-02-06',0),(0,1373655935,1,'2020-02-06',0),(0,272483846,1,'2020-02-06',0),(0,2037074881,1,'2020-02-06',0),(0,269998991,0,'2020-02-06',0),(0,278101031,1,'2020-02-06',0),(0,1709062576,1,'2020-02-06',0),(0,418859685,1,'2020-02-06',0),(0,466679485,0,'2020-02-06',0),(0,746673699,1,'2020-02-06',0),(0,1396235156,1,'2020-02-06',0),(0,341906597,1,'2020-02-06',0),(0,693417844,1,'2020-02-06',0),(0,1554513557,1,'2020-02-06',0),(0,1454322777,1,'2020-02-06',0),(0,1233515701,1,'2020-02-06',0),(0,1669043922,1,'2020-02-06',0),(0,599459498,1,'2020-02-06',0),(0,1139263717,1,'2020-02-06',0),(0,2068008990,1,'2020-02-06',0),(0,1703922060,1,'2020-02-06',0),(0,622909849,1,'2020-02-06',0),(0,1202440767,0,'2020-02-06',0),(0,1111509862,0,'2020-02-06',0),(0,1818880366,0,'2020-02-06',0),(0,415918976,1,'2020-02-06',0),(0,128995592,1,'2020-02-06',0),(0,1666156415,1,'2020-02-06',0),(0,586707630,1,'2020-02-06',0),(0,1194908737,1,'2020-02-06',0),(0,177552119,1,'2020-02-06',0),(0,734147340,1,'2020-02-06',0),(0,701174033,1,'2020-02-06',0),(0,1345770782,1,'2020-02-06',0),(0,107545168,1,'2020-02-06',0),(0,1469376452,1,'2020-02-06',0),(0,805680823,0,'2020-02-06',0),(0,842328196,0,'2020-02-06',0),(0,1717428883,0,'2020-02-06',0),(0,1205458812,0,'2020-02-06',0),(0,36252694,0,'2020-02-06',0),(0,414738494,0,'2020-02-06',0),(0,2137552876,1,'2020-02-06',0),(0,1764761952,0,'2020-02-06',0),(0,856737675,0,'2020-02-06',0),(0,1903544960,0,'2020-02-06',0),(0,1979695166,0,'2020-02-06',0),(0,1893111185,0,'2020-02-06',0),(0,1101535846,1,'2020-02-06',0),(0,1162222709,1,'2020-02-06',0),(0,1369282318,0,'2020-02-06',0),(0,1649965469,1,'2020-02-06',0),(0,1155821272,1,'2020-02-06',0),(0,999859224,1,'2020-02-06',0),(0,14149309,1,'2020-02-06',0),(0,1189795164,0,'2020-02-06',0),(0,341793376,0,'2020-02-06',0),(0,2102717918,1,'2020-02-06',0),(0,1046725718,1,'2020-02-06',0),(0,31828365,1,'2020-02-06',0),(0,1596986693,1,'2020-02-06',0),(0,820169246,1,'2020-02-06',0),(0,334164454,1,'2020-02-06',0),(0,1222023578,1,'2020-02-06',0),(0,1595089654,1,'2020-02-06',0),(0,2052962473,1,'2020-02-06',0),(0,1347144748,0,'2020-02-06',0),(0,1494919551,1,'2020-02-06',0),(0,2026350055,1,'2020-02-06',0),(0,424094518,0,'2020-02-06',0),(0,1041297726,0,'2020-02-06',0),(0,362014060,0,'2020-02-06',0),(0,1892452182,0,'2020-02-06',0),(0,114841797,0,'2020-02-06',0),(0,640998139,1,'2020-02-06',0),(0,1340108898,0,'2020-02-06',0),(0,2055246068,0,'2020-02-06',0),(0,1072679032,0,'2020-02-06',0),(0,68092715,1,'2020-02-06',0),(0,94574254,0,'2020-02-06',0),(0,744578364,0,'2020-02-06',0),(0,519093865,0,'2020-02-06',0),(0,1458695961,0,'2020-02-06',0),(0,461820403,1,'2020-02-06',0),(0,431516054,1,'2020-02-06',0),(0,365616965,1,'2020-02-06',0),(0,1207447459,0,'2020-02-06',0),(0,1305757805,1,'2020-02-06',0),(0,1144668398,1,'2020-02-06',0),(0,1610646917,1,'2020-02-06',0),(0,1994254125,0,'2020-02-06',0),(0,1607796598,1,'2020-02-06',0),(0,301293519,1,'2020-02-06',0),(0,838216473,1,'2020-02-06',0),(0,682908767,1,'2020-02-06',0),(0,561899658,1,'2020-02-06',0),(0,1797130859,0,'2020-02-06',0),(0,506861957,1,'2020-02-06',0),(0,1642430230,0,'2020-02-06',0),(0,597354014,0,'2020-02-06',0),(0,1356749735,1,'2020-02-06',0),(0,1532732127,0,'2020-02-06',0),(0,1861687164,1,'2020-02-06',0),(0,861088087,1,'2020-02-06',0),(0,790053524,0,'2020-02-06',0),(0,1323376630,1,'2020-02-06',0),(0,1958874001,1,'2020-02-06',0),(0,885766509,1,'2020-02-06',0),(0,966696645,1,'2020-02-06',0),(0,1201365225,1,'2020-02-06',0),(0,2043162269,1,'2020-02-06',0),(0,616343856,1,'2020-02-06',0),(0,344433688,0,'2020-02-06',0),(0,1062114502,1,'2020-02-06',0),(0,217309807,1,'2020-02-06',0),(0,1674494387,1,'2020-02-06',0),(0,2144667529,1,'2020-02-06',0),(0,1172438354,0,'2020-02-06',0),(0,1838721757,1,'2020-02-06',0),(0,1584785662,1,'2020-02-06',0),(0,503321018,1,'2020-02-06',0),(0,1559898447,0,'2020-02-06',0),(0,576397059,1,'2020-02-06',0),(0,1945919265,1,'2020-02-06',0),(0,1628128453,1,'2020-02-06',0),(0,353184408,1,'2020-02-06',0),(0,1878126231,1,'2020-02-06',0),(0,2143009092,1,'2020-02-06',0),(0,713711827,1,'2020-02-06',0),(0,12428810,1,'2020-02-06',0),(0,562875825,1,'2020-02-06',0),(0,1530939556,0,'2020-02-06',0),(0,2055987545,0,'2020-02-06',0),(0,1908396638,0,'2020-02-06',0),(0,1866045795,1,'2020-02-06',0),(0,251218266,1,'2020-02-06',0),(0,1687864380,1,'2020-02-06',0),(0,2084159782,0,'2020-02-06',0),(0,1645417689,1,'2020-02-06',0),(0,1657955439,1,'2020-02-06',0),(0,1792059830,1,'2020-02-06',0),(0,776820237,0,'2020-02-06',0),(0,2143139657,1,'2020-02-06',0),(0,1950932700,1,'2020-02-06',0),(0,1272803021,1,'2020-02-06',0),(0,2005184889,1,'2020-02-06',0),(0,1137593895,0,'2020-02-06',0),(0,1639810792,1,'2020-02-06',0),(0,1366021004,1,'2020-02-06',0),(0,1353039303,1,'2020-02-06',0),(0,1133567225,1,'2020-02-07',0),(0,1568348305,1,'2020-02-07',0),(0,2001424775,0,'2020-02-07',0),(0,1792322449,1,'2020-02-07',0),(0,399073544,1,'2020-02-07',0),(0,1824109596,0,'2020-02-07',0),(0,1180589927,1,'2020-02-07',0),(0,1202714521,1,'2020-02-07',0),(0,485206922,1,'2020-02-07',0),(0,561239866,1,'2020-02-07',0),(0,773417582,1,'2020-02-07',0),(0,909599435,1,'2020-02-07',0),(0,19743690,1,'2020-02-07',0),(0,3474782,1,'2020-02-07',0),(0,406965516,0,'2020-02-07',0),(0,74196242,0,'2020-02-07',0),(0,257321335,0,'2020-02-07',0),(0,1959696698,0,'2020-02-07',0),(0,2130277900,0,'2020-02-07',0),(0,1178635552,1,'2020-02-07',0),(0,1803100774,0,'2020-02-07',0),(0,1943515127,1,'2020-02-07',0),(0,1989053288,1,'2020-02-07',0),(0,1690605434,1,'2020-02-07',0),(0,1283300422,1,'2020-02-07',0),(0,2071999649,1,'2020-02-07',0),(0,933762974,1,'2020-02-07',0),(0,989498978,0,'2020-02-07',0),(0,606351144,0,'2020-02-07',0),(0,675182596,0,'2020-02-07',0),(0,1528458835,1,'2020-02-07',0),(0,487522798,1,'2020-02-07',0),(0,232789437,0,'2020-02-07',0),(0,540373323,0,'2020-02-07',0),(0,334451850,0,'2020-02-07',0),(0,1267771155,0,'2020-02-07',0),(0,1588055903,0,'2020-02-07',0),(0,729946958,0,'2020-02-07',0),(0,411759873,0,'2020-02-07',0),(0,1198046528,0,'2020-02-07',0),(0,155304889,0,'2020-02-07',0),(0,584526681,0,'2020-02-07',0),(0,1409234134,0,'2020-02-07',0),(0,888170476,0,'2020-02-07',0),(0,1896799053,0,'2020-02-07',0),(0,1487493650,0,'2020-02-07',0),(0,1747798663,0,'2020-02-07',0),(0,1280990854,0,'2020-02-07',0),(0,919696854,0,'2020-02-07',0),(0,1124897132,0,'2020-02-07',0),(0,1457955094,0,'2020-02-07',0),(0,104761564,1,'2020-02-07',0),(0,1565596183,0,'2020-02-07',0),(0,1611717066,0,'2020-02-07',0),(0,802303835,0,'2020-02-07',0),(0,220092125,1,'2020-02-07',0),(0,1843833014,1,'2020-02-07',0),(0,1347246779,0,'2020-02-07',0),(0,1601108383,0,'2020-02-07',0),(0,1554053903,1,'2020-02-07',0),(0,353356024,1,'2020-02-07',0),(0,29743419,0,'2020-02-07',0),(0,1518587629,1,'2020-02-07',0),(0,1917821405,1,'2020-02-07',0),(0,944485013,1,'2020-02-07',0),(0,920953644,1,'2020-02-07',0),(0,669319996,1,'2020-02-07',0),(0,533805633,1,'2020-02-07',0),(0,1585552339,1,'2020-02-07',0),(0,1736905333,1,'2020-02-07',0),(0,1343587367,1,'2020-02-07',0),(0,567341949,1,'2020-02-07',0),(0,1446807801,1,'2020-02-07',0),(0,1337696044,0,'2020-02-07',0),(0,523186853,1,'2020-02-07',0),(0,629831087,0,'2020-02-07',0),(0,1690766488,0,'2020-02-07',0),(0,768586576,0,'2020-02-07',0),(0,750359522,1,'2020-02-07',0),(0,1478988178,1,'2020-02-07',0),(0,1759491296,1,'2020-02-07',0),(0,1990490531,0,'2020-02-07',0),(0,1294160252,0,'2020-02-07',0),(0,284871020,0,'2020-02-07',0),(0,884776761,0,'2020-02-07',0),(0,1561718360,1,'2020-02-07',0),(0,143314508,1,'2020-02-07',0),(0,1954646977,1,'2020-02-07',0),(0,1203058876,1,'2020-02-07',0),(0,818449496,1,'2020-02-07',0),(0,966393020,1,'2020-02-07',0),(0,466083045,1,'2020-02-07',0),(0,887049379,0,'2020-02-07',0),(0,1064464199,1,'2020-02-07',0),(0,1286979744,0,'2020-02-07',0),(0,1570734284,0,'2020-02-07',0),(0,727861017,1,'2020-02-07',0),(0,1108766813,1,'2020-02-07',0),(0,1016653466,1,'2020-02-07',0),(0,131249060,1,'2020-02-07',0),(0,410588422,1,'2020-02-07',0),(0,1973778557,0,'2020-02-07',0),(0,1906133627,1,'2020-02-07',0),(0,1194425245,1,'2020-02-07',0),(0,1641845296,1,'2020-02-07',0),(0,316085213,1,'2020-02-07',0),(0,1669365426,1,'2020-02-07',0),(0,435351363,1,'2020-02-07',0),(0,515607118,0,'2020-02-07',0),(0,728238563,0,'2020-02-07',0),(0,807396579,0,'2020-02-07',0),(0,887244651,0,'2020-02-07',0),(0,1595486095,1,'2020-02-07',0),(0,1071423120,1,'2020-02-07',0),(0,1638065466,1,'2020-02-07',0),(0,1577289493,1,'2020-02-07',0),(0,705805837,0,'2020-02-07',0),(0,1586318383,1,'2020-02-07',0),(0,1833301042,1,'2020-02-07',0),(0,916523346,1,'2020-02-07',0),(0,1935044744,1,'2020-02-07',0),(0,798051667,0,'2020-02-07',0),(0,1089560428,0,'2020-02-07',0),(0,714702298,0,'2020-02-07',0),(0,1206823516,0,'2020-02-07',0),(0,931805927,0,'2020-02-07',0),(0,79872551,0,'2020-02-07',0),(0,116878413,0,'2020-02-07',0),(0,1464575275,0,'2020-02-07',0),(0,1126445489,0,'2020-02-07',0),(0,1033264706,0,'2020-02-07',0),(0,1793380685,0,'2020-02-07',0),(0,220145010,0,'2020-02-07',0),(0,795014941,0,'2020-02-07',0),(0,1233661309,0,'2020-02-07',0),(0,1293917960,0,'2020-02-07',0),(0,1011562902,0,'2020-02-07',0),(0,1063862886,0,'2020-02-07',0),(0,2031926519,0,'2020-02-07',0),(0,1725012477,0,'2020-02-07',0),(0,1824246691,0,'2020-02-07',0),(0,289145384,1,'2020-02-07',0),(0,1899312760,0,'2020-02-07',0),(0,1395867663,0,'2020-02-07',0),(0,1707508198,0,'2020-02-07',0),(0,1870306559,1,'2020-02-07',0),(0,494297573,1,'2020-02-07',0),(0,1491703037,1,'2020-02-07',0),(0,1973140506,0,'2020-02-07',0),(0,1952227893,0,'2020-02-07',0),(0,2030834959,1,'2020-02-07',0),(0,552822868,1,'2020-02-08',0),(0,224966063,0,'2020-02-08',0),(0,1636920815,1,'2020-02-08',0),(0,1179638253,1,'2020-02-08',0),(0,1514164721,1,'2020-02-08',0),(0,1050287278,1,'2020-02-08',0),(0,1912492310,1,'2020-02-08',0),(0,2100632866,1,'2020-02-08',0),(0,962825016,1,'2020-02-08',0),(0,927879322,1,'2020-02-08',0),(0,1665059044,1,'2020-02-08',0),(0,438068085,1,'2020-02-08',0),(0,499827869,1,'2020-02-08',0),(0,1578288600,1,'2020-02-08',0),(0,608366017,1,'2020-02-08',0),(0,829800232,1,'2020-02-08',0),(0,1309696559,1,'2020-02-08',0),(0,1589096704,1,'2020-02-08',0),(0,821073172,1,'2020-02-08',0),(0,184551440,1,'2020-02-09',0),(0,373326721,1,'2020-02-09',0),(0,1959952701,1,'2020-02-10',0),(0,958651755,1,'2020-02-10',0),(0,485810354,1,'2020-02-10',0),(0,475330066,1,'2020-02-10',0),(0,1298641300,1,'2020-02-10',0),(0,445854121,1,'2020-02-10',0),(0,775650192,0,'2020-02-10',0),(0,611209721,0,'2020-02-10',0),(0,1167118230,0,'2020-02-10',0),(0,1424300083,1,'2020-02-10',0),(0,118300205,1,'2020-02-10',0),(0,1186779452,1,'2020-02-10',0),(0,1555184048,1,'2020-02-10',0),(0,644491562,1,'2020-02-10',0),(0,1263725615,1,'2020-02-10',0),(0,1955758563,1,'2020-02-10',0),(0,1299873524,0,'2020-02-10',0),(0,1638940593,1,'2020-02-10',0),(0,730055472,0,'2020-02-10',0),(0,1635258063,0,'2020-02-10',0),(0,1097833442,1,'2020-02-10',0),(0,285815112,1,'2020-02-10',0),(0,1687405611,0,'2020-02-10',0),(0,1689163440,1,'2020-02-10',0),(0,1860355249,0,'2020-02-10',0),(0,1134626027,0,'2020-02-10',0),(0,1765634143,1,'2020-02-10',0),(0,2127849214,1,'2020-02-10',0),(0,984107158,0,'2020-02-10',0),(0,764472909,0,'2020-02-10',0),(0,1297776097,1,'2020-02-10',0),(0,642369833,0,'2020-02-10',0),(0,896364802,0,'2020-02-10',0),(0,1868085735,0,'2020-02-10',0),(0,1320387219,1,'2020-02-10',0),(0,2118468036,0,'2020-02-10',0),(0,585227115,0,'2020-02-10',0),(0,893427895,0,'2020-02-10',0),(0,1329376127,0,'2020-02-10',0),(0,150552964,0,'2020-02-10',0),(0,1138898696,1,'2020-02-10',0),(0,121912436,1,'2020-02-10',0),(0,1320743392,1,'2020-02-10',0),(0,1630068609,0,'2020-02-10',0),(0,1862497237,0,'2020-02-10',0),(0,441695475,0,'2020-02-10',0),(0,1883984730,0,'2020-02-10',0),(0,1971916241,0,'2020-02-10',0),(0,335732131,0,'2020-02-10',0),(0,550228505,1,'2020-02-10',0),(0,107560466,1,'2020-02-10',0),(0,2093931175,1,'2020-02-10',0),(0,315969224,0,'2020-02-10',0),(0,1562216807,0,'2020-02-10',0),(0,845224074,0,'2020-02-10',0),(0,1700038747,0,'2020-02-10',0),(0,1366882720,0,'2020-02-10',0),(0,1018149398,0,'2020-02-10',0),(0,1615087092,0,'2020-02-10',0),(0,1629752329,0,'2020-02-10',0),(0,350485466,0,'2020-02-10',0),(0,442484819,0,'2020-02-10',0),(0,1256285307,0,'2020-02-10',0),(0,1219465264,1,'2020-02-10',0),(0,1095704418,1,'2020-02-10',0),(0,682245910,0,'2020-02-10',0),(0,337862881,0,'2020-02-10',0),(0,1306670146,0,'2020-02-10',0),(0,303011794,0,'2020-02-10',0),(0,528941130,0,'2020-02-10',0),(0,568336009,0,'2020-02-10',0),(0,2102260042,0,'2020-02-10',0),(0,2134722508,0,'2020-02-10',0),(0,801777351,1,'2020-02-10',0),(0,240296404,0,'2020-02-10',0),(0,277856206,0,'2020-02-10',0),(0,1327066282,0,'2020-02-10',0),(0,1325960665,0,'2020-02-10',0),(0,642859103,0,'2020-02-10',0),(0,1570602118,0,'2020-02-10',0),(0,1178197579,0,'2020-02-10',0),(0,79003276,0,'2020-02-10',0),(0,1948702867,0,'2020-02-10',0),(0,812347423,0,'2020-02-10',0),(0,1371759068,0,'2020-02-10',0),(0,658389921,1,'2020-02-10',0),(0,1720960403,0,'2020-02-10',0),(0,1491473002,0,'2020-02-10',0),(0,1014652852,0,'2020-02-10',0),(0,2097004317,0,'2020-02-10',0),(0,1404971231,0,'2020-02-10',0),(0,1452749493,0,'2020-02-10',0),(0,1601575573,0,'2020-02-10',0),(0,389529864,0,'2020-02-10',0),(0,781103921,0,'2020-02-10',0),(0,536018964,1,'2020-02-10',0),(0,1886557593,0,'2020-02-10',0),(0,791160089,0,'2020-02-10',0),(0,1823804591,1,'2020-02-10',0),(0,1834973544,1,'2020-02-10',0),(0,1346544856,0,'2020-02-10',0),(0,1872150642,0,'2020-02-10',0),(0,1777370032,0,'2020-02-10',0),(0,1987214241,1,'2020-02-10',0),(0,536035401,1,'2020-02-10',0),(0,1992839186,1,'2020-02-11',0),(0,1024552235,1,'2020-02-11',0),(0,499865763,1,'2020-02-11',0),(0,1553858324,1,'2020-02-11',0),(0,1744963672,1,'2020-02-11',0),(0,1310096412,1,'2020-02-11',0),(0,1405016254,1,'2020-02-11',0),(0,1147998722,1,'2020-02-11',0),(0,1022274035,1,'2020-02-11',0),(0,1109593083,1,'2020-02-11',0),(0,1418422153,1,'2020-02-11',0),(0,1484527576,1,'2020-02-11',0),(0,1802581189,0,'2020-02-11',0),(0,1312374255,0,'2020-02-11',0),(0,1916780767,1,'2020-02-11',0),(0,1426773073,1,'2020-02-11',0),(0,610349492,1,'2020-02-11',0),(0,290027758,1,'2020-02-11',0),(0,1688711047,0,'2020-02-11',0),(0,365240043,1,'2020-02-11',0),(0,1827616184,0,'2020-02-11',0),(0,1027258883,1,'2020-02-11',0),(0,1386129750,0,'2020-02-11',0),(0,1450839683,1,'2020-02-11',0),(0,1343143779,1,'2020-02-11',0),(0,778159710,0,'2020-02-11',0),(0,951487715,1,'2020-02-11',0),(0,1884172157,1,'2020-02-11',0),(0,154195837,0,'2020-02-11',0),(0,863235288,0,'2020-02-11',0),(0,1575264911,0,'2020-02-11',0),(0,164737718,0,'2020-02-11',0),(0,1904309925,0,'2020-02-11',0),(0,1685744948,0,'2020-02-11',0),(0,275922983,1,'2020-02-11',0),(0,1663221071,0,'2020-02-11',0),(0,1788051244,0,'2020-02-11',0),(0,1262174494,1,'2020-02-11',0),(0,169185393,1,'2020-02-11',0),(0,1679236297,0,'2020-02-11',0),(0,2132638432,0,'2020-02-11',0),(0,1622043756,0,'2020-02-11',0),(0,2054550457,1,'2020-02-11',0),(0,802866025,0,'2020-02-11',0),(0,330706311,0,'2020-02-11',0),(0,1130699251,0,'2020-02-11',0),(0,1457521630,0,'2020-02-11',0),(0,526980727,0,'2020-02-11',0),(0,1761378523,0,'2020-02-11',0),(0,1919233804,0,'2020-02-11',0),(0,1513400822,1,'2020-02-11',0),(0,1017675522,0,'2020-02-11',0),(0,1409808797,0,'2020-02-11',0),(0,494386205,0,'2020-02-11',0),(0,43429880,1,'2020-02-11',0),(0,253503815,1,'2020-02-11',0),(0,139787689,0,'2020-02-11',0),(0,1210332535,0,'2020-02-11',0),(0,1639781014,1,'2020-02-11',0),(0,161712373,1,'2020-02-11',0),(0,2127135112,1,'2020-02-11',0);
/*!40000 ALTER TABLE `crf` ENABLE KEYS */;
UNLOCK TABLES;

--
-- Table structure for table `expenses`
--

DROP TABLE IF EXISTS `expenses`;
/*!40101 SET @saved_cs_client     = @@character_set_client */;
/*!40101 SET character_set_client = utf8 */;
CREATE TABLE `expenses` (
  `id` int(11) NOT NULL AUTO_INCREMENT,
  `name` varchar(100) NOT NULL,
  `type` varchar(100) NOT NULL,
  `quantity` double NOT NULL,
  `cost` double NOT NULL,
  `description` varchar(100) NOT NULL,
  `date` date NOT NULL,
  `delete_status` int(1) NOT NULL,
  PRIMARY KEY (`id`)
) ENGINE=InnoDB AUTO_INCREMENT=9 DEFAULT CHARSET=latin1;
/*!40101 SET character_set_client = @saved_cs_client */;

--
-- Dumping data for table `expenses`
--

LOCK TABLES `expenses` WRITE;
/*!40000 ALTER TABLE `expenses` DISABLE KEYS */;
INSERT INTO `expenses` VALUES (4,'kiro xaruunra 1aad','billiing',1,600,'','2020-02-01',1),(5,'biyo','billiing',1,20,'','2020-02-01',1),(6,'Geesi','salary',1,100,'','2020-02-01',1),(7,'lacag masjid loo aruurinayay','sadaqo',0,10,'','2020-02-05',1),(8,'te','sadaqo',1,10,'','2020-02-05',1);
/*!40000 ALTER TABLE `expenses` ENABLE KEYS */;
UNLOCK TABLES;

--
-- Table structure for table `invoices`
--

DROP TABLE IF EXISTS `invoices`;
/*!40101 SET @saved_cs_client     = @@character_set_client */;
/*!40101 SET character_set_client = utf8 */;
CREATE TABLE `invoices` (
  `id` int(11) NOT NULL AUTO_INCREMENT,
  `student_id` int(11) NOT NULL,
  `date_range` varchar(100) NOT NULL,
  `subject_id` int(11) NOT NULL,
  `balance` double NOT NULL,
  `status` int(1) NOT NULL,
  `delete_status` int(1) NOT NULL,
  PRIMARY KEY (`id`)
) ENGINE=InnoDB AUTO_INCREMENT=474 DEFAULT CHARSET=latin1;
/*!40101 SET character_set_client = @saved_cs_client */;

--
-- Dumping data for table `invoices`
--

LOCK TABLES `invoices` WRITE;
/*!40000 ALTER TABLE `invoices` DISABLE KEYS */;
INSERT INTO `invoices` VALUES (119,30,'Scientific, (2pm) (Alas), from 2020-Feb-01 to 2020-Mar-01',0,889,0,1),(120,31,'Scientific, (3:00 pm) (Alas), from 2020-Feb-01 to 2020-Mar-01',0,-111,0,1),(121,30,'Scientific, (2pm) (Alas), from 2020-Feb-01 to 2020-Mar-01',0,-101,0,1),(122,31,'Scientific, (3:00 pm) (Alas), from 2020-Feb-01 to 2020-Mar-01',0,-103,0,1),(123,32,'Scientific, (4:00pm) (Alas), from 2020-Feb-01 to 2020-Mar-01',0,-101,0,1),(124,33,'Scientific, (2pm) (Alas), from 2020-Feb-01 to 2020-Mar-01',0,-111,0,1),(125,34,'Scientific, (4:00pm) (Alas), from 2020-Feb-01 to 2020-Mar-01',0,-111,0,1),(126,33,'Scientific, (2pm) (Alas), from 2020-Feb-01 to 2020-Mar-01',0,-101,0,1),(127,34,'Scientific, (4:00pm) (Alas), from 2020-Feb-01 to 2020-Mar-01',0,-101,0,1),(128,35,'Scientific, (2pm) (Alas), from 2020-Feb-01 to 2020-Mar-01',0,-111,0,1),(129,35,'Scientific, (3:00 pm) (Alas), from 2020-Feb-01 to 2020-Mar-01',0,-111,0,1),(130,35,'Scientific, (2pm) (Alas), from 2020-Feb-01 to 2020-Mar-01',0,-101,0,1),(131,35,'Scientific, (3:00 pm) (Alas), from 2020-Feb-01 to 2020-Mar-01',0,-101,0,1),(132,36,'Scientific, (4:00pm) (Alas), from 2020-Feb-01 to 2020-Mar-01',0,-111,0,1),(133,36,'Scientific, (4:00pm) (Alas), from 2020-Feb-01 to 2020-Mar-01',0,-111,0,1),(134,36,'Scientific, (3:00 pm) (Alas), from 2020-Feb-01 to 2020-Mar-01',0,-111,0,1),(135,36,'Scientific, (4:00pm) (Alas), from 2020-Feb-01 to 2020-Mar-01',0,-101,0,1),(136,36,'Scientific, (3:00 pm) (Alas), from 2020-Feb-01 to 2020-Mar-01',0,-101,0,1),(137,37,'Scientific, (3:00 pm) (Alas), from 2020-Feb-01 to 2020-Mar-01',0,-111,0,1),(138,38,'Scientific, (2pm) (Alas), from 2020-Feb-01 to 2020-Mar-01',0,-102,0,1),(139,39,'Scientific, (2pm) (Alas), from 2020-Feb-02 to 2020-Mar-02',0,-111,0,1),(140,39,'Scientific, (3:00 pm) (Alas), from 2020-Feb-02 to 2020-Mar-02',0,-111,0,1),(141,40,'Scientific, (2pm) (Alas), from 2020-Feb-03 to 2020-Mar-03',0,-101,0,1),(142,41,'Scientific, (4:00pm) (Alas), from 2020-Feb-03 to 2020-Mar-03',0,-101,0,1),(143,42,'Intermediate English, (8:30Am) (Alas), from 2020-Feb-03 to 2020-Mar-03',0,-111,0,1),(144,42,'Scientific, (10:30Am) (Alas), from 2020-Feb-03 to 2020-Mar-03',0,-111,0,1),(145,43,'Intermediate English, (8:30Am) (Alas), from 2020-Feb-03 to 2020-Mar-03',0,-111,0,1),(146,43,'Scientific, (10:30Am) (Alas), from 2020-Feb-03 to 2020-Mar-03',0,-106,0,1),(147,44,'Scientific, (10:30Am) (Alas), from 2020-Feb-03 to 2020-Mar-03',0,-111,0,1),(148,44,'Intermediate English, (8:30Am) (Alas), from 2020-Feb-03 to 2020-Mar-03',0,-106,0,1),(149,45,'Scientific, (2:00pm) (Alas), from 2020-Feb-03 to 2020-Mar-03',0,-111,0,0),(150,46,'Primary Math, (2:00pm) (Geesi), from 2020-Feb-03 to 2020-Mar-03',0,-111,0,1),(151,47,'Primary Math, (2:00pm) (Geesi), from 2020-Feb-03 to 2020-Mar-03',0,-111,0,0),(152,48,'Primary Math, (2:00pm) (Geesi), from 2020-Feb-03 to 2020-Mar-03',0,-111,0,1),(153,49,'Intermediate English, (2:00pm) (Ibrahim), from 2020-Feb-03 to 2020-Mar-03',0,-111,0,0),(154,50,'Intermediate English, (2:00pm) (Ibrahim), from 2020-Feb-03 to 2020-Mar-03',0,-111,0,0),(155,51,'Intermediate English, (2:00pm) (Ibrahim), from 2020-Feb-03 to 2020-Mar-03',0,-111,0,0),(156,52,'Scientific, (2:00Pm) (Husni), from 2020-Feb-03 to 2020-Mar-03',0,-111,0,0),(157,53,'Scientific, (2:00Pm) (Husni), from 2020-Feb-03 to 2020-Mar-03',0,-111,0,0),(158,54,'Scientific, (2:00Pm) (Husni), from 2020-Feb-03 to 2020-Mar-03',0,-111,0,0),(159,55,'Scientific, (2:00Pm) (Husni), from 2020-Feb-03 to 2020-Mar-03',0,-111,0,1),(160,56,'Scientific, (2:00Pm) (Husni), from 2020-Feb-03 to 2020-Mar-03',0,-111,0,0),(161,57,'Scientific, (2:00Pm) (Husni), from 2020-Feb-03 to 2020-Mar-03',0,-111,0,0),(162,58,'Primary Math, (2:00pm) (Ismaciil), from 2020-Feb-03 to 2020-Mar-03',0,-111,0,0),(163,59,'Primary Math, (2:00pm) (Ismaciil), from 2020-Feb-03 to 2020-Mar-03',0,-111,0,0),(164,60,'Primary Math, (2:00pm) (Ismaciil), from 2020-Feb-03 to 2020-Mar-03',0,-111,0,1),(165,61,'Primary Math, (2:00pm) (Ismaciil), from 2020-Feb-03 to 2020-Mar-03',0,-111,0,1),(166,62,'Normal English, (3:00pm) (Geesi), from 2020-Feb-03 to 2020-Mar-03',0,-111,0,1),(167,63,'Normal English, (3:00pm) (Geesi), from 2020-Feb-03 to 2020-Mar-03',0,-111,0,0),(168,64,'Normal English, (3:00pm) (Geesi), from 2020-Feb-03 to 2020-Mar-03',0,-111,0,0),(169,65,'Beginner English, (3:00pm) (Ismaciil), from 2020-Feb-03 to 2020-Mar-03',0,-111,0,1),(170,66,'Beginner English, (3:00pm) (Ismaciil), from 2020-Feb-03 to 2020-Mar-03',0,-111,0,1),(171,67,'Beginner English, (3:00pm) (Ismaciil), from 2020-Feb-03 to 2020-Mar-03',0,-111,0,1),(172,68,'Beginner English, (3:00pm) (Ismaciil), from 2020-Feb-03 to 2020-Mar-03',0,-111,0,0),(173,69,'Beginner English, (3:00pm) (Ismaciil), from 2020-Feb-03 to 2020-Mar-03',0,-111,0,0),(174,70,'Beginner English, (3:00pm) (Ismaciil), from 2020-Feb-03 to 2020-Mar-03',0,-111,0,1),(175,71,'Beginner English, (3:00pm) (Ismaciil), from 2020-Feb-03 to 2020-Mar-03',0,-111,0,1),(176,72,'Beginner English, (3:00pm) (Ismaciil), from 2020-Feb-03 to 2020-Mar-03',0,-111,0,1),(177,73,'Beginner English, (3:00pm) (Ismaciil), from 2020-Feb-03 to 2020-Mar-03',0,-111,0,1),(178,74,'computer, (3:00pm) (omar), from 2020-Feb-03 to 2020-Mar-03',0,-111,0,0),(179,75,'Intermediate English, (4:00pm) (Ibrahim), from 2020-Feb-03 to 2020-Mar-03',0,-111,0,0),(180,75,'Intermediate English, (4:00pm) (Ibrahim), from 2020-Feb-03 to 2020-Mar-03',0,-111,0,0),(181,76,'Intermediate English, (4:00pm) (Ibrahim), from 2020-Feb-03 to 2020-Mar-03',0,-111,0,0),(182,77,'computer, (4:00pm) (omar), from 2020-Feb-03 to 2020-Mar-03',0,-111,0,1),(183,78,'Primary Math, (4:00pm) (Ismaciil), from 2020-Feb-03 to 2020-Mar-03',0,-111,0,1),(184,79,'Primary Math, (4:00pm) (Ismaciil), from 2020-Feb-03 to 2020-Mar-03',0,-111,0,1),(185,80,'Scientific, (4:00pm) (Geesi), from 2020-Feb-03 to 2020-Mar-03',0,-111,0,0),(186,81,'Scientific, (4:00pm) (Geesi), from 2020-Feb-03 to 2020-Mar-03',0,-111,0,0),(187,82,'Scientific, (4:00pm) (Geesi), from 2020-Feb-03 to 2020-Mar-03',0,-111,0,0),(188,83,'computer, (5:00pm) (omar), from 2020-Feb-03 to 2020-Mar-03',0,-111,0,0),(189,84,'Scientific, (2:00pm) (Alas), from 2020-Feb-03 to 2020-Mar-03',0,-111,0,0),(190,84,'Scientific, (2:00pm) (Alas), from 2020-Feb-03 to 2020-Mar-03',0,-111,0,0),(191,85,'Scientific, (3:00 pm) (Alas), from 2020-Feb-03 to 2020-Mar-03',0,-111,0,0),(192,86,'Scientific, (3:00 pm) (Alas), from 2020-Feb-03 to 2020-Mar-03',0,-111,0,1),(193,87,'Scientific, (3:00 pm) (Alas), from 2020-Feb-03 to 2020-Mar-03',0,-111,0,0),(194,88,'Scientific, (3:00 pm) (Alas), from 2020-Feb-03 to 2020-Mar-03',0,-111,0,0),(195,89,'Scientific, (3:00Pm) (Husni), from 2020-Feb-03 to 2020-Mar-03',0,-111,0,0),(196,90,'Scientific, (3:00Pm) (Husni), from 2020-Feb-03 to 2020-Mar-03',0,-111,0,0),(197,91,'Scientific, (3:00Pm) (Husni), from 2020-Feb-03 to 2020-Mar-03',0,-111,0,0),(198,92,'Scientific, (3:00Pm) (Husni), from 2020-Feb-03 to 2020-Mar-03',0,-111,0,0),(199,93,'Scientific, (4:00pm) (Alas), from 2020-Feb-03 to 2020-Mar-03',0,-111,0,0),(200,94,'Primary Math, (2:00pm) (Ismaciil), from 2020-Feb-03 to 2020-Mar-03',0,-111,0,1),(201,95,'Beginner English, (3:00pm) (Ismaciil), from 2020-Feb-03 to 2020-Mar-03',0,-111,0,1),(202,96,'Intermediate English, (4:00pm) (Ibrahim), from 2020-Feb-03 to 2020-Mar-03',0,-111,0,0),(203,97,'Scientific, (4:00pm) (Husni), from 2020-Feb-03 to 2020-Mar-03',0,-111,0,1),(204,98,'Scientific, (4:00pm) (Husni), from 2020-Feb-03 to 2020-Mar-03',0,-111,0,0),(205,99,'Scientific, (4:00pm) (Husni), from 2020-Feb-03 to 2020-Mar-03',0,-111,0,0),(206,100,'Scientific, (4:00pm) (Husni), from 2020-Feb-03 to 2020-Mar-03',0,-111,0,0),(207,101,'Scientific, (4:00pm) (Husni), from 2020-Feb-03 to 2020-Mar-03',0,-111,0,0),(208,102,'Scientific, (4:00pm) (Husni), from 2020-Feb-03 to 2020-Mar-03',0,-111,0,0),(209,103,'Scientific, (3:00 pm) (Alas), from 2020-Feb-03 to 2020-Mar-03',0,-111,0,0),(210,104,'Primary Math, (2:00pm) (Geesi), from 2020-Feb-03 to 2020-Mar-03',0,-111,0,0),(211,105,'Scientific, (3:00Pm) (Husni), from 2020-Feb-03 to 2020-Mar-03',0,-111,0,0),(212,106,'Scientific, (3:00Pm) (Husni), from 2020-Feb-03 to 2020-Mar-03',0,-111,0,0),(213,107,'Scientific, (2:00Pm) (Husni), from 2020-Feb-03 to 2020-Mar-03',0,-111,0,0),(214,107,'Beginner English, (3:00pm) (Ismaciil), from 2020-Feb-03 to 2020-Mar-03',0,-111,0,0),(215,108,'Scientific, (4:00pm) (Geesi), from 2020-Feb-03 to 2020-Mar-03',0,-111,0,0),(216,109,'Scientific, (4:00pm) (Husni), from 2020-Feb-03 to 2020-Mar-03',0,-111,0,0),(217,110,'computer, (2:00pm) (omar), from 2020-Feb-03 to 2020-Mar-03',0,-111,0,0),(218,110,'Beginner English, (3:00pm) (Ismaciil), from 2020-Feb-03 to 2020-Mar-03',0,-111,0,0),(219,111,'Scientific, (4:00pm) (Husni), from 2020-Feb-03 to 2020-Mar-03',0,-111,0,0),(220,112,'Scientific, (4:00pm) (Alas), from 2020-Feb-03 to 2020-Mar-03',0,-111,0,0),(221,113,'computer, (8:00Am) (omar), from 2020-Feb-04 to 2020-Mar-04',0,-111,0,0),(222,114,'Primary Math, (8:30Am) (Taakow), from 2020-Feb-04 to 2020-Mar-04',0,-111,0,0),(223,114,'Primary Math, (8:30Am) (Taakow), from 2020-Feb-04 to 2020-Mar-04',0,-111,0,0),(224,115,'Primary Math, (8:30Am) (Taakow), from 2020-Feb-04 to 2020-Mar-04',0,-111,0,0),(225,115,'Beginner English, (9:30Am) (Taakow), from 2020-Feb-04 to 2020-Mar-04',0,-111,0,0),(226,116,'Beginner English, (9:30Am) (Taakow), from 2020-Feb-04 to 2020-Mar-04',0,-111,0,1),(227,117,'Beginner English, (9:30Am) (Taakow), from 2020-Feb-04 to 2020-Mar-04',0,-111,0,0),(228,118,'computer, (8:00Am) (omar), from 2020-Feb-04 to 2020-Mar-04',0,-111,0,0),(229,119,'computer, (8:00Am) (omar), from 2020-Feb-04 to 2020-Mar-04',0,-111,0,0),(230,120,'computer, (8:00Am) (omar), from 2020-Feb-04 to 2020-Mar-04',0,-111,0,0),(231,121,'computer, (8:00Am) (omar), from 2020-Feb-04 to 2020-Mar-04',0,-111,0,0),(232,122,'computer, (8:00Am) (omar), from 2020-Feb-04 to 2020-Mar-04',0,-111,0,0),(233,123,'Intermediate English, (8:30Am) (Alas), from 2020-Feb-04 to 2020-Mar-04',0,-111,0,1),(234,124,'Scientific, (8:30Am) (Husni), from 2020-Feb-04 to 2020-Mar-04',0,-111,0,0),(235,125,'Scientific, (8:30Am) (Husni), from 2020-Feb-04 to 2020-Mar-04',0,-111,0,0),(236,126,'Scientific, (8:30Am) (Husni), from 2020-Feb-04 to 2020-Mar-04',0,-111,0,0),(237,127,'Scientific, (8:30Am) (Husni), from 2020-Feb-04 to 2020-Mar-04',0,-111,0,0),(238,128,'Scientific, (8:30Am) (Husni), from 2020-Feb-04 to 2020-Mar-04',0,-111,0,0),(239,129,'Intermediate English, (8:30Am) (Alas), from 2020-Feb-04 to 2020-Mar-04',0,-111,0,1),(240,130,'Intermediate English, (8:30Am) (Alas), from 2020-Feb-04 to 2020-Mar-04',0,-111,0,0),(241,131,'Scientific, (09:30Am) (Alas), from 2020-Feb-04 to 2020-Mar-04',0,-111,0,1),(242,132,'computer, (10:00Am) (omar), from 2020-Feb-04 to 2020-Mar-04',0,-111,0,0),(243,133,'Scientific, (3:00 pm) (Alas), from 2020-Feb-04 to 2020-Mar-04',0,-111,0,0),(244,133,'Intermediate English, (4:00pm) (Ibrahim), from 2020-Feb-04 to 2020-Mar-04',0,-111,0,0),(245,134,'Scientific, (3:00 pm) (Alas), from 2020-Feb-04 to 2020-Mar-04',0,-111,0,0),(246,134,'Intermediate English, (4:00pm) (Ibrahim), from 2020-Feb-04 to 2020-Mar-04',0,-111,0,0),(247,135,'Primary Math, (8:30Am) (Taakow), from 2020-Feb-04 to 2020-Mar-04',0,-111,0,0),(248,135,'Beginner English, (9:30Am) (Taakow), from 2020-Feb-04 to 2020-Mar-04',0,-111,0,0),(249,136,'Primary Math, (8:30Am) (Taakow), from 2020-Feb-04 to 2020-Mar-04',0,-111,0,0),(250,136,'Beginner English, (9:30Am) (Taakow), from 2020-Feb-04 to 2020-Mar-04',0,-111,0,0),(251,137,'Primary Math, (8:30Am) (Taakow), from 2020-Feb-04 to 2020-Mar-04',0,-111,0,0),(252,137,'Beginner English, (9:30Am) (Taakow), from 2020-Feb-04 to 2020-Mar-04',0,-111,0,0),(253,138,'Primary Math, (2:00pm) (Ismaciil), from 2020-Feb-04 to 2020-Mar-04',0,-111,0,0),(254,138,'Beginner English, (3:00pm) (Ismaciil), from 2020-Feb-04 to 2020-Mar-04',0,-111,0,0),(255,139,'Beginner English, (3:00pm) (Ismaciil), from 2020-Feb-04 to 2020-Mar-04',0,-111,0,0),(256,139,'Primary Math, (4:00pm) (Ismaciil), from 2020-Feb-04 to 2020-Mar-04',0,-111,0,0),(257,140,'Scientific, (3:00Pm) (Husni), from 2020-Feb-04 to 2020-Mar-04',0,-111,0,0),(258,141,'Scientific, (2:00Pm) (Husni), from 2020-Feb-04 to 2020-Mar-04',0,-111,0,0),(259,141,'Beginner English, (3:00pm) (Ismaciil), from 2020-Feb-04 to 2020-Mar-04',0,-111,0,0),(260,142,'Beginner English, (3:00pm) (Ismaciil), from 2020-Feb-04 to 2020-Mar-04',0,-111,0,0),(261,143,'Scientific, (2:00Pm) (Husni), from 2020-Feb-04 to 2020-Mar-04',0,-111,0,1),(262,144,'Scientific, (3:00 pm) (Alas), from 2020-Feb-04 to 2020-Mar-04',0,-111,0,0),(263,145,'Beginner English, (3:00pm) (Ismaciil), from 2020-Feb-04 to 2020-Mar-04',0,-111,0,0),(264,146,'Intermediate English, (3:00pm) (Ibrahim), from 2020-Feb-04 to 2020-Mar-04',0,-111,0,1),(265,147,'Intermediate English, (3:00pm) (Ibrahim), from 2020-Feb-04 to 2020-Mar-04',0,-111,0,1),(266,148,'Intermediate English, (3:00pm) (Ibrahim), from 2020-Feb-04 to 2020-Mar-04',0,-111,0,1),(267,149,'Intermediate English, (3:00pm) (Ibrahim), from 2020-Feb-04 to 2020-Mar-04',0,-111,0,0),(268,149,'computer, (4:00pm) (omar), from 2020-Feb-04 to 2020-Mar-04',0,-111,0,0),(269,150,'Intermediate English, (3:00pm) (Ibrahim), from 2020-Feb-04 to 2020-Mar-04',0,-111,0,0),(270,150,'computer, (4:00pm) (omar), from 2020-Feb-04 to 2020-Mar-04',0,-111,0,0),(271,151,'Intermediate English, (3:00pm) (Ibrahim), from 2020-Feb-04 to 2020-Mar-04',0,-111,0,0),(272,151,'computer, (4:00pm) (omar), from 2020-Feb-04 to 2020-Mar-04',0,-111,0,0),(273,152,'Beginner English, (3:00pm) (Ismaciil), from 2020-Feb-04 to 2020-Mar-04',0,-111,0,0),(274,152,'Scientific, (2:00Pm) (Husni), from 2020-Feb-04 to 2020-Mar-04',0,-111,0,0),(275,153,'Scientific, (4:00pm) (Husni), from 2020-Feb-04 to 2020-Mar-04',0,-111,0,0),(276,154,'Primary Math, (2:00pm) (Ismaciil), from 2020-Feb-04 to 2020-Mar-04',0,-111,0,0),(277,154,'Beginner English, (3:00pm) (Ismaciil), from 2020-Feb-04 to 2020-Mar-04',0,-111,0,0),(278,154,'computer, (4:00pm) (omar), from 2020-Feb-04 to 2020-Mar-04',0,-111,0,0),(279,155,'Scientific, (4:00pm) (Geesi), from 2020-Feb-04 to 2020-Mar-04',0,-111,0,0),(280,156,'Intermediate English, (3:00pm) (Ibrahim), from 2020-Feb-04 to 2020-Mar-04',0,-111,0,0),(281,157,'somaali, (4:00pm) (Ismaciil), from 2020-Feb-04 to 2020-Mar-04',0,-111,0,0),(282,158,'Scientific, (4:00pm) (Husni), from 2020-Feb-04 to 2020-Mar-04',0,-111,0,0),(283,159,'Scientific, (4:00pm) (Husni), from 2020-Feb-04 to 2020-Mar-04',0,-111,0,0),(284,160,'Intermediate English, (3:00pm) (Ibrahim), from 2020-Feb-04 to 2020-Mar-04',0,-111,0,0),(285,161,'Beginner English, (3:00pm) (Ismaciil), from 2020-Feb-04 to 2020-Mar-04',0,-111,0,0),(286,161,'Primary Math, (4:00pm) (Ismaciil), from 2020-Feb-04 to 2020-Mar-04',0,-111,0,0),(287,162,'Scientific, (4:00pm) (Alas), from 2020-Feb-04 to 2020-Mar-04',0,-111,0,0),(288,163,'Intermediate English, (4:00pm) (Ibrahim), from 2020-Feb-04 to 2020-Mar-04',0,-111,0,0),(289,164,'Primary Math, (2:00pm) (Ismaciil), from 2020-Feb-04 to 2020-Mar-04',0,-111,0,0),(290,164,'Beginner English, (3:00pm) (Ismaciil), from 2020-Feb-04 to 2020-Mar-04',0,-111,0,0),(291,165,'Primary Math, (2:00pm) (Geesi), from 2020-Feb-04 to 2020-Mar-04',0,-111,0,0),(292,165,'Normal English, (3:00pm) (Geesi), from 2020-Feb-04 to 2020-Mar-04',0,-111,0,0),(293,166,'Intermediate English, (8:30Am) (Alas), from 2020-Feb-04 to 2020-Mar-04',0,-111,0,0),(294,166,'Scientific, (09:30Am) (Alas), from 2020-Feb-04 to 2020-Mar-04',0,-111,0,0),(295,167,'Intermediate English, (4:00pm) (Ibrahim), from 2020-Feb-04 to 2020-Mar-04',0,-111,0,0),(296,168,'Scientific, (4:00pm) (Geesi), from 2020-Feb-04 to 2020-Mar-04',0,-111,0,0),(297,169,'Intermediate English, (4:00pm) (Ibrahim), from 2020-Feb-04 to 2020-Mar-04',0,-111,0,0),(298,170,'Scientific, (4:00pm) (Alas), from 2020-Feb-04 to 2020-Mar-04',0,-111,0,0),(299,171,'Beginner English, (9:30Am) (Taakow), from 2020-Feb-04 to 2020-Mar-04',0,-111,0,0),(300,171,'Primary Math, (8:30Am) (Taakow), from 2020-Feb-04 to 2020-Mar-04',0,-111,0,0),(301,172,'Primary Math, (8:30Am) (Taakow), from 2020-Feb-05 to 2020-Mar-05',43,-111,0,0),(302,172,'Beginner English, (9:30Am) (Taakow), from 2020-Feb-05 to 2020-Mar-05',44,-111,0,0),(303,173,'Primary Math, (8:30Am) (Taakow), from 2020-Feb-05 to 2020-Mar-05',43,-111,0,0),(304,173,'Beginner English, (9:30Am) (Taakow), from 2020-Feb-05 to 2020-Mar-05',44,-111,0,0),(305,174,'Primary Math, (8:30Am) (Taakow), from 2020-Feb-05 to 2020-Mar-05',43,-111,0,0),(306,174,'Beginner English, (9:30Am) (Taakow), from 2020-Feb-05 to 2020-Mar-05',44,-111,0,0),(307,175,'Primary Math, (8:30Am) (Taakow), from 2020-Feb-05 to 2020-Mar-05',43,-111,0,0),(308,176,'Scientific, (8:00pm) (Geesi), from 2020-Feb-05 to 2020-Mar-05',32,-111,0,0),(309,177,'Scientific, (8:00pm) (Geesi), from 2020-Feb-05 to 2020-Mar-05',32,-111,0,0),(310,178,'Scientific, (8:00pm) (Geesi), from 2020-Feb-05 to 2020-Mar-05',32,-111,0,0),(311,179,'Scientific, (8:00pm) (Geesi), from 2020-Feb-05 to 2020-Mar-05',32,-111,0,0),(312,180,'Scientific, (8:00pm) (Geesi), from 2020-Feb-05 to 2020-Mar-05',32,-111,0,1),(313,181,'Scientific, (8:00pm) (Geesi), from 2020-Feb-05 to 2020-Mar-05',32,-111,0,0),(314,182,'Scientific, (8:00pm) (Geesi), from 2020-Feb-05 to 2020-Mar-05',32,-111,0,0),(315,183,'Scientific, (9:30Am) (Husni), from 2020-Feb-05 to 2020-Mar-05',19,-111,0,0),(316,184,'Scientific, (9:30Am) (Husni), from 2020-Feb-05 to 2020-Mar-05',19,-111,0,0),(317,185,'Scientific, (9:30Am) (Husni), from 2020-Feb-05 to 2020-Mar-05',19,-111,0,0),(318,186,'Scientific, (09:30Am) (Alas), from 2020-Feb-05 to 2020-Mar-05',45,-111,0,0),(319,186,'Intermediate English, (8:30Am) (Alas), from 2020-Feb-05 to 2020-Mar-05',17,-111,0,0),(320,187,'Scientific, (9:30Am) (Husni), from 2020-Feb-05 to 2020-Mar-05',19,-111,0,0),(321,188,'Intermediate English, (8:30Am) (Alas), from 2020-Feb-05 to 2020-Mar-05',17,-111,0,0),(322,188,'Scientific, (09:30Am) (Alas), from 2020-Feb-05 to 2020-Mar-05',45,-111,0,0),(323,189,'Scientific, (09:30Am) (Alas), from 2020-Feb-05 to 2020-Mar-05',45,-111,0,0),(324,190,'Normal English, (9:00pm) (Geesi), from 2020-Feb-05 to 2020-Mar-05',33,-111,0,0),(325,191,'Normal English, (9:00pm) (Geesi), from 2020-Feb-05 to 2020-Mar-05',33,-111,0,0),(326,192,'Normal English, (9:00pm) (Geesi), from 2020-Feb-05 to 2020-Mar-05',33,-111,0,0),(327,192,'computer, (10:00Am) (omar), from 2020-Feb-05 to 2020-Mar-05',26,-111,0,0),(328,193,'Normal English, (9:00pm) (Geesi), from 2020-Feb-05 to 2020-Mar-05',33,-111,0,0),(329,194,'Normal English, (9:00pm) (Geesi), from 2020-Feb-05 to 2020-Mar-05',33,-111,0,0),(330,195,'computer, (10:00Am) (omar), from 2020-Feb-05 to 2020-Mar-05',26,-111,0,0),(331,195,'Scientific, (8:00pm) (Geesi), from 2020-Feb-05 to 2020-Mar-05',32,-111,0,0),(332,195,'Beginner English, (9:30Am) (Taakow), from 2020-Feb-05 to 2020-Mar-05',44,-111,0,0),(333,196,'Scientific, (2:00Pm) (Husni), from 2020-Feb-05 to 2020-Mar-05',20,-111,0,0),(334,196,'Scientific, (3:00Pm) (Husni), from 2020-Feb-05 to 2020-Mar-05',21,-111,0,0),(335,197,'Scientific, (2:00Pm) (Husni), from 2020-Feb-05 to 2020-Mar-05',20,-111,0,0),(336,198,'Scientific, (3:00Pm) (Husni), from 2020-Feb-05 to 2020-Mar-05',21,-111,0,0),(337,199,'Scientific, (3:00Pm) (Husni), from 2020-Feb-05 to 2020-Mar-05',21,-111,0,0),(338,200,'Primary Math, (2:00pm) (Geesi), from 2020-Feb-05 to 2020-Mar-05',34,-111,0,0),(339,200,'Beginner English, (3:00pm) (Ismaciil), from 2020-Feb-05 to 2020-Mar-05',38,-111,0,0),(340,201,'Scientific, (3:00Pm) (Husni), from 2020-Feb-05 to 2020-Mar-05',21,-111,0,0),(341,202,'Scientific, (3:00Pm) (Husni), from 2020-Feb-05 to 2020-Mar-05',21,-111,0,0),(342,203,'Scientific, (3:00Pm) (Husni), from 2020-Feb-05 to 2020-Mar-05',21,-111,0,0),(343,204,'Scientific, (2:00Pm) (Husni), from 2020-Feb-05 to 2020-Mar-05',20,-111,0,0),(344,204,'Beginner English, (3:00pm) (Ismaciil), from 2020-Feb-05 to 2020-Mar-05',38,-111,0,0),(345,205,'Scientific, (2:00Pm) (Husni), from 2020-Feb-05 to 2020-Mar-05',20,-111,0,0),(346,205,'Beginner English, (3:00pm) (Ismaciil), from 2020-Feb-05 to 2020-Mar-05',38,-111,0,0),(347,206,'Scientific, (2:00Pm) (Husni), from 2020-Feb-05 to 2020-Mar-05',20,-111,0,0),(348,206,'Beginner English, (3:00pm) (Ismaciil), from 2020-Feb-05 to 2020-Mar-05',38,-111,0,0),(349,207,'Scientific, (3:00Pm) (Husni), from 2020-Feb-05 to 2020-Mar-05',21,-111,0,0),(350,208,'Scientific, (2:00pm) (Alas), from 2020-Feb-05 to 2020-Mar-05',13,-111,0,0),(351,208,'Beginner English, (3:00pm) (Ismaciil), from 2020-Feb-05 to 2020-Mar-05',38,-111,0,0),(352,209,'Beginner English, (3:00pm) (Ismaciil), from 2020-Feb-05 to 2020-Mar-05',38,-111,0,0),(353,210,'Scientific, (3:00Pm) (Husni), from 2020-Feb-05 to 2020-Mar-05',21,-111,0,0),(354,211,'Beginner English, (3:00pm) (Ismaciil), from 2020-Feb-05 to 2020-Mar-05',38,-111,0,0),(355,211,'Primary Math, (4:00pm) (Ismaciil), from 2020-Feb-05 to 2020-Mar-05',39,-111,0,0),(356,212,'Beginner English, (3:00pm) (Ismaciil), from 2020-Feb-05 to 2020-Mar-05',38,-111,0,0),(357,212,'Primary Math, (4:00pm) (Ismaciil), from 2020-Feb-05 to 2020-Mar-05',39,-111,0,0),(358,213,'Scientific, (4:00pm) (Husni), from 2020-Feb-05 to 2020-Mar-05',22,-111,0,0),(359,214,'Scientific, (4:00pm) (Geesi), from 2020-Feb-05 to 2020-Mar-05',36,-111,0,0),(360,215,'Intermediate English, (3:00pm) (Ibrahim), from 2020-Feb-05 to 2020-Mar-05',41,-111,0,0),(361,216,'Intermediate English, (3:00pm) (Ibrahim), from 2020-Feb-05 to 2020-Mar-05',41,-111,0,0),(362,217,'Scientific, (4:00pm) (Husni), from 2020-Feb-05 to 2020-Mar-05',22,-111,0,0),(363,218,'Scientific, (4:00pm) (Husni), from 2020-Feb-05 to 2020-Mar-05',22,-111,0,0),(364,219,'Scientific, (4:00pm) (Husni), from 2020-Feb-05 to 2020-Mar-05',22,-111,0,0),(365,220,'Scientific, (4:00pm) (Husni), from 2020-Feb-05 to 2020-Mar-05',22,-111,0,0),(366,221,'Scientific, (4:00pm) (Husni), from 2020-Feb-05 to 2020-Mar-05',22,-111,0,0),(367,222,'Scientific, (4:00pm) (Husni), from 2020-Feb-05 to 2020-Mar-05',22,-111,0,0),(368,223,'Scientific, (4:00pm) (Geesi), from 2020-Feb-05 to 2020-Mar-05',36,-111,0,0),(369,224,'Scientific, (4:00pm) (Geesi), from 2020-Feb-05 to 2020-Mar-05',36,-111,0,0),(370,225,'computer, (5:00pm) (omar), from 2020-Feb-06 to 2020-Mar-06',31,-111,0,0),(371,226,'Primary Math, (8:30Am) (Taakow), from 2020-Feb-08 to 2020-Mar-08',43,-111,0,0),(372,226,'Beginner English, (9:30Am) (Taakow), from 2020-Feb-08 to 2020-Mar-08',44,-111,0,0),(373,227,'Scientific, (8:30Am) (Husni), from 2020-Feb-08 to 2020-Mar-08',18,-111,0,0),(374,228,'computer, (8:00Am) (omar), from 2020-Feb-08 to 2020-Mar-08',24,-111,0,0),(375,229,'computer, (8:00Am) (omar), from 2020-Feb-08 to 2020-Mar-08',24,-101,0,1),(376,230,'computer, (4:00pm) (omar), from 2020-Feb-08 to 2020-Mar-08',30,-101,0,1),(377,231,'computer, (8:00Am) (omar), from 2020-Feb-08 to 2020-Mar-08',24,-111,0,0),(378,232,'Beginner English, (9:30Am) (Taakow), from 2020-Feb-08 to 2020-Mar-08',44,-111,0,0),(379,233,'computer, (1:00pm) (omar), from 2020-Feb-08 to 2020-Mar-08',27,-111,0,0),(380,234,'computer, (1:00pm) (omar), from 2020-Feb-08 to 2020-Mar-08',27,-111,0,0),(381,235,'Scientific, (2:00pm) (Alas), from 2020-Feb-08 to 2020-Mar-08',13,-111,0,0),(382,236,'Scientific, (2:00pm) (Alas), from 2020-Feb-08 to 2020-Mar-08',13,-111,0,0),(383,237,'Scientific, (2:00pm) (Alas), from 2020-Feb-08 to 2020-Mar-08',13,-111,0,0),(384,238,'Scientific, (2:00pm) (Alas), from 2020-Feb-08 to 2020-Mar-08',13,-111,0,0),(385,239,'Primary Math, (2:00pm) (Ismaciil), from 2020-Feb-08 to 2020-Mar-08',37,-111,0,0),(386,240,'Scientific, (2:00pm) (Alas), from 2020-Feb-08 to 2020-Mar-08',13,-111,0,0),(387,241,'Scientific, (2:00pm) (Alas), from 2020-Feb-08 to 2020-Mar-08',13,-111,0,0),(388,242,'Scientific, (2:00Pm) (Husni), from 2020-Feb-08 to 2020-Mar-08',20,-111,0,0),(389,242,'Intermediate English, (3:00pm) (Ibrahim), from 2020-Feb-08 to 2020-Mar-08',41,-111,0,0),(390,243,'Scientific, (3:00Pm) (Husni), from 2020-Feb-08 to 2020-Mar-08',21,-111,0,0),(391,244,'Scientific, (3:00Pm) (Husni), from 2020-Feb-08 to 2020-Mar-08',21,-111,0,0),(392,245,'Scientific, (3:00Pm) (Husni), from 2020-Feb-08 to 2020-Mar-08',21,-111,0,0),(393,246,'Scientific, (3:00Pm) (Husni), from 2020-Feb-08 to 2020-Mar-08',21,-111,0,0),(394,247,'Scientific, (3:00Pm) (Husni), from 2020-Feb-08 to 2020-Mar-08',21,-111,0,0),(395,248,'Beginner English, (3:00pm) (Ismaciil), from 2020-Feb-08 to 2020-Mar-08',38,-111,0,0),(396,249,'Beginner English, (3:00pm) (Ismaciil), from 2020-Feb-08 to 2020-Mar-08',38,-111,0,0),(397,250,'Scientific, (3:00Pm) (Husni), from 2020-Feb-08 to 2020-Mar-08',21,-111,0,0),(398,251,'Beginner English, (3:00pm) (Ismaciil), from 2020-Feb-08 to 2020-Mar-08',38,-111,0,0),(399,252,'Scientific, (3:00 pm) (Alas), from 2020-Feb-08 to 2020-Mar-08',14,-111,0,0),(400,253,'Scientific, (3:00Pm) (Husni), from 2020-Feb-08 to 2020-Mar-08',21,-111,0,0),(401,254,'Beginner English, (3:00pm) (Ismaciil), from 2020-Feb-08 to 2020-Mar-08',38,-111,0,0),(402,255,'Scientific, (3:00Pm) (Husni), from 2020-Feb-08 to 2020-Mar-08',21,-111,0,0),(403,255,'Intermediate English, (4:00pm) (Ibrahim), from 2020-Feb-08 to 2020-Mar-08',42,-111,0,0),(404,256,'Beginner English, (3:00pm) (Ismaciil), from 2020-Feb-08 to 2020-Mar-08',38,-111,0,0),(405,257,'Intermediate English, (3:00pm) (Ibrahim), from 2020-Feb-08 to 2020-Mar-08',41,-111,0,0),(406,258,'Beginner English, (3:00pm) (Ismaciil), from 2020-Feb-08 to 2020-Mar-08',38,-111,0,0),(407,259,'computer, (2:00pm) (omar), from 2020-Feb-08 to 2020-Mar-08',28,-111,0,0),(408,260,'computer, (4:00pm) (omar), from 2020-Feb-08 to 2020-Mar-08',30,-111,0,0),(409,260,'Beginner English, (3:00pm) (Ismaciil), from 2020-Feb-08 to 2020-Mar-08',38,-111,0,0),(410,261,'Primary Math, (2:00pm) (Ismaciil), from 2020-Feb-08 to 2020-Mar-08',37,-111,0,0),(411,262,'Primary Math, (2:00pm) (Ismaciil), from 2020-Feb-08 to 2020-Mar-08',37,-111,0,0),(412,262,'Beginner English, (3:00pm) (Ismaciil), from 2020-Feb-08 to 2020-Mar-08',38,-111,0,0),(413,263,'Beginner English, (3:00pm) (Ismaciil), from 2020-Feb-08 to 2020-Mar-08',38,-111,0,0),(414,264,'Scientific, (4:00pm) (Husni), from 2020-Feb-08 to 2020-Mar-08',22,-111,0,0),(415,265,'Scientific, (3:00 pm) (Alas), from 2020-Feb-08 to 2020-Mar-08',14,-111,0,0),(416,265,'computer, (4:00pm) (omar), from 2020-Feb-08 to 2020-Mar-08',30,-111,0,0),(417,266,'Beginner English, (3:00pm) (Ismaciil), from 2020-Feb-08 to 2020-Mar-08',38,-111,0,0),(418,266,'Primary Math, (4:00pm) (Ismaciil), from 2020-Feb-08 to 2020-Mar-08',39,-111,0,0),(419,267,'Scientific, (4:00pm) (Alas), from 2020-Feb-08 to 2020-Mar-08',15,-111,0,0),(420,268,'Scientific, (4:00pm) (Alas), from 2020-Feb-08 to 2020-Mar-08',15,-111,0,0),(421,269,'Scientific, (4:00pm) (Alas), from 2020-Feb-08 to 2020-Mar-08',15,-111,0,0),(422,270,'Intermediate English, (3:00pm) (Ibrahim), from 2020-Feb-08 to 2020-Mar-08',41,-111,0,0),(423,271,'Intermediate English, (3:00pm) (Ibrahim), from 2020-Feb-08 to 2020-Mar-08',41,-111,0,0),(424,272,'Intermediate English, (2:00pm) (Ibrahim), from 2020-Feb-08 to 2020-Mar-08',40,-111,0,0),(425,272,'Scientific, (3:00 pm) (Alas), from 2020-Feb-08 to 2020-Mar-08',14,-111,0,0),(426,273,'Scientific, (4:00pm) (Husni), from 2020-Feb-08 to 2020-Mar-08',22,-111,0,0),(427,274,'Scientific, (4:00pm) (Husni), from 2020-Feb-08 to 2020-Mar-08',22,-111,0,0),(428,275,'Scientific, (4:00pm) (Husni), from 2020-Feb-08 to 2020-Mar-08',22,-111,0,0),(429,276,'Scientific, (4:00pm) (Husni), from 2020-Feb-08 to 2020-Mar-08',22,-111,0,0),(430,277,'Scientific, (4:00pm) (Husni), from 2020-Feb-08 to 2020-Mar-08',22,-111,0,0),(431,278,'Scientific, (3:00 pm) (Alas), from 2020-Feb-08 to 2020-Mar-08',14,-111,0,0),(432,278,'computer, (4:00pm) (omar), from 2020-Feb-08 to 2020-Mar-08',30,-111,0,0),(433,279,'Scientific, (4:00pm) (Husni), from 2020-Feb-08 to 2020-Mar-08',22,-111,0,0),(434,280,'Scientific, (8:30Am) (Husni), from 2020-Feb-08 to 2020-Mar-08',18,-111,0,0),(435,281,'computer, (4:00pm) (omar), from 2020-Feb-08 to 2020-Mar-08',30,-111,0,0),(436,281,'Beginner English, (3:00pm) (Ismaciil), from 2020-Feb-08 to 2020-Mar-08',38,-111,0,0),(437,282,'Beginner English, (3:00pm) (Ismaciil), from 2020-Feb-08 to 2020-Mar-08',38,-111,0,0),(438,282,'Primary Math, (4:00pm) (Ismaciil), from 2020-Feb-08 to 2020-Mar-08',39,-111,0,0),(439,283,'Scientific, (2:00Pm) (Husni), from 2020-Feb-08 to 2020-Mar-08',20,-111,0,0),(440,284,'Scientific, (4:00pm) (Husni), from 2020-Feb-08 to 2020-Mar-08',22,-111,0,0),(441,285,'Scientific, (4:00pm) (Husni), from 2020-Feb-08 to 2020-Mar-08',22,-111,0,0),(442,286,'Scientific, (4:00pm) (Husni), from 2020-Feb-08 to 2020-Mar-08',22,-111,0,0),(443,287,'Scientific, (4:00pm) (Husni), from 2020-Feb-08 to 2020-Mar-08',22,-111,0,0),(444,288,'Scientific, (8:30Am) (Husni), from 2020-Feb-09 to 2020-Mar-09',18,0,0,0),(445,289,'Scientific, (8:30pm) (Geesi), from 2020-Feb-09 to 2020-Mar-09',32,0,0,0),(446,290,'Normal English, (9:30pm) (Geesi), from 2020-Feb-09 to 2020-Mar-09',33,0,0,0),(447,291,'computer, (1:00pm) (omar), from 2020-Feb-09 to 2020-Mar-09',27,0,0,0),(448,292,'Scientific, (2:00Pm) (Husni), from 2020-Feb-09 to 2020-Mar-09',20,0,0,0),(449,293,'somaali, (2:00pm) (Geesi), from 2020-Feb-09 to 2020-Mar-09',47,0,0,0),(450,293,'Primary Math, (2:00pm) (Geesi), from 2020-Feb-09 to 2020-Mar-09',34,0,0,0),(451,294,'Beginner English, (3:00pm) (Ismaciil), from 2020-Feb-09 to 2020-Mar-09',38,0,0,0),(452,294,'Primary Math, (2:00pm) (Geesi), from 2020-Feb-09 to 2020-Mar-09',34,0,0,0),(453,295,'Scientific, (2:00pm) (Alas), from 2020-Feb-09 to 2020-Mar-09',13,0,0,0),(454,296,'Scientific, (2:00Pm) (Husni), from 2020-Feb-09 to 2020-Mar-09',20,0,0,0),(455,297,'Scientific, (3:00Pm) (Husni), from 2020-Feb-09 to 2020-Mar-09',21,0,0,0),(456,298,'Scientific, (4:00pm) (Geesi), from 2020-Feb-09 to 2020-Mar-09',36,0,0,0),(457,299,'Scientific, (2:00Pm) (Husni), from 2020-Feb-09 to 2020-Mar-09',20,0,0,0),(458,300,'Scientific, (2:00Pm) (Husni), from 2020-Feb-09 to 2020-Mar-09',20,0,0,1),(459,301,'Beginner English, (3:00pm) (Ismaciil), from 2020-Feb-09 to 2020-Mar-09',38,0,0,0),(460,302,'Beginner English, (3:00pm) (Ismaciil), from 2020-Feb-09 to 2020-Mar-09',38,0,0,0),(461,302,'Primary Math, (4:00pm) (Ismaciil), from 2020-Feb-09 to 2020-Mar-09',39,0,0,0),(462,303,'Scientific, (2:00pm) (Alas), from 2020-Feb-09 to 2020-Mar-09',13,0,0,0),(463,303,'Normal English, (3:00pm) (Geesi), from 2020-Feb-09 to 2020-Mar-09',35,0,0,0),(464,304,'Scientific, (4:00pm) (Husni), from 2020-Feb-09 to 2020-Mar-09',22,0,0,0),(465,305,'Scientific, (3:00 pm) (Alas), from 2020-Feb-09 to 2020-Mar-09',14,0,0,0),(466,306,'Scientific, (4:00pm) (Husni), from 2020-Feb-09 to 2020-Mar-09',22,0,0,0),(467,307,'Scientific, (3:00 pm) (Alas), from 2020-Feb-09 to 2020-Mar-09',14,0,0,0),(468,308,'Scientific, (8:30pm) (Geesi), from 2020-Feb-09 to 2020-Mar-09',32,0,0,0),(469,309,'Scientific, (3:00Pm) (Husni), from 2020-Feb-09 to 2020-Mar-09',21,0,0,0),(470,309,'computer, (4:00pm) (omar), from 2020-Feb-09 to 2020-Mar-09',30,0,0,0),(471,310,'Primary Math, (2:00pm) (Ismaciil), from 2020-Feb-09 to 2020-Mar-09',37,0,0,0),(472,310,'Beginner English, (3:00pm) (Ismaciil), from 2020-Feb-09 to 2020-Mar-09',38,0,0,0),(473,311,'Scientific, (3:00Pm) (Husni), from 2020-Feb-09 to 2020-Mar-09',21,0,0,0);
/*!40000 ALTER TABLE `invoices` ENABLE KEYS */;
UNLOCK TABLES;

--
-- Table structure for table `payments`
--

DROP TABLE IF EXISTS `payments`;
/*!40101 SET @saved_cs_client     = @@character_set_client */;
/*!40101 SET character_set_client = utf8 */;
CREATE TABLE `payments` (
  `id` int(11) NOT NULL AUTO_INCREMENT,
  `amount` int(11) NOT NULL,
  `discount` int(11) NOT NULL,
  `taken_by` int(11) NOT NULL,
  `date` date NOT NULL,
  `description` varchar(100) NOT NULL,
  `student_id` int(11) NOT NULL,
  `delete_status` int(1) NOT NULL,
  PRIMARY KEY (`id`)
) ENGINE=InnoDB AUTO_INCREMENT=329 DEFAULT CHARSET=latin1;
/*!40101 SET character_set_client = @saved_cs_client */;

--
-- Dumping data for table `payments`
--

LOCK TABLES `payments` WRITE;
/*!40000 ALTER TABLE `payments` DISABLE KEYS */;
INSERT INTO `payments` VALUES (38,10,0,6,'2020-02-01','',30,1),(39,8,0,6,'2020-02-01','',31,1),(40,10,0,4,'2020-02-01','',33,1),(41,10,0,4,'2020-02-01','',34,1),(42,20,0,6,'2020-02-01','',35,1),(43,30,0,6,'2020-02-01','',36,1),(44,10,0,6,'2020-02-01','',37,1),(45,1,0,6,'2020-02-01','',38,1),(46,20,0,6,'2020-02-02','',39,1),(47,15,0,6,'2020-02-03','',42,1),(48,10,0,6,'2020-02-03','',43,1),(49,10,0,6,'2020-02-03','',44,1),(50,10,0,6,'2020-02-03','',45,0),(51,5,0,6,'2020-02-03','',46,1),(52,5,0,6,'2020-02-03','',47,0),(53,5,0,6,'2020-02-03','',48,1),(54,5,0,6,'2020-02-03','',49,0),(55,5,0,6,'2020-02-03','',50,0),(56,5,0,6,'2020-02-03','',51,0),(57,10,0,6,'2020-02-03','',52,0),(58,10,0,6,'2020-02-03','',53,0),(59,10,0,6,'2020-02-03','',54,0),(60,10,0,6,'2020-02-03','',55,1),(61,10,0,6,'2020-02-03','',56,0),(62,10,0,6,'2020-02-03','',57,0),(63,5,0,6,'2020-02-03','',58,0),(64,5,0,6,'2020-02-03','',59,0),(65,5,0,6,'2020-02-03','',60,1),(66,5,0,6,'2020-02-03','',61,1),(67,5,0,6,'2020-02-03','',62,1),(68,5,0,6,'2020-02-03','',63,0),(69,5,0,6,'2020-02-03','',64,0),(70,5,0,6,'2020-02-03','',65,1),(71,5,0,6,'2020-02-03','',66,1),(72,5,0,6,'2020-02-03','',67,1),(73,5,0,6,'2020-02-03','',68,0),(74,5,0,6,'2020-02-03','',69,0),(75,5,0,6,'2020-02-03','',70,1),(76,5,0,6,'2020-02-03','',71,1),(77,5,0,6,'2020-02-03','',72,1),(78,5,0,6,'2020-02-03','',73,1),(79,10,0,6,'2020-02-03','',74,0),(80,5,0,6,'2020-02-03','',75,0),(81,5,0,6,'2020-02-03','',75,0),(82,5,0,6,'2020-02-03','',76,0),(83,10,0,6,'2020-02-03','',77,1),(84,5,0,6,'2020-02-03','',78,1),(85,5,0,6,'2020-02-03','',79,1),(86,10,0,6,'2020-02-03','',80,0),(87,10,0,6,'2020-02-03','',81,0),(88,10,0,6,'2020-02-03','',82,0),(89,10,0,6,'2020-02-03','',83,0),(90,10,0,6,'2020-02-03','',84,0),(91,10,0,6,'2020-02-03','',84,0),(92,10,0,6,'2020-02-03','',85,0),(93,10,0,6,'2020-02-03','',86,1),(94,10,0,6,'2020-02-03','',87,0),(95,10,0,6,'2020-02-03','',88,0),(96,8,0,6,'2020-02-03','',89,0),(97,10,0,6,'2020-02-03','',90,0),(98,10,0,6,'2020-02-03','',91,0),(99,10,0,6,'2020-02-03','',92,0),(100,10,0,6,'2020-02-03','',93,0),(101,5,0,6,'2020-02-03','',94,1),(102,5,0,6,'2020-02-03','',95,1),(103,5,0,6,'2020-02-03','',96,0),(104,5,0,6,'2020-02-03','',97,1),(105,10,0,6,'2020-02-03','',98,0),(106,10,0,6,'2020-02-03','',99,0),(107,10,0,6,'2020-02-03','',100,0),(108,5,5,6,'2020-02-03','',101,0),(109,10,0,6,'2020-02-03','',102,0),(110,10,0,6,'2020-02-03','',103,0),(111,5,0,6,'2020-02-03','',104,0),(112,10,0,6,'2020-02-03','',105,0),(113,10,0,6,'2020-02-03','',106,0),(114,15,0,6,'2020-02-03','',107,0),(115,5,0,6,'2020-02-03','',108,0),(116,10,0,6,'2020-02-03','',109,0),(117,5,0,6,'2020-02-03','',111,0),(118,10,0,6,'2020-02-03','',112,0),(119,0,15,6,'2020-02-03','',110,0),(120,10,0,6,'2020-02-04','',113,0),(121,10,0,6,'2020-02-04','',114,0),(122,10,0,6,'2020-02-04','',115,0),(123,5,0,6,'2020-02-04','',116,1),(124,5,0,6,'2020-02-04','',117,0),(125,10,0,6,'2020-02-04','',118,0),(126,10,0,6,'2020-02-04','',119,0),(127,10,0,6,'2020-02-04','',120,0),(128,10,0,6,'2020-02-04','',121,0),(129,10,0,6,'2020-02-04','',122,0),(130,5,0,6,'2020-02-04','',123,1),(131,10,0,6,'2020-02-04','',124,0),(132,10,0,6,'2020-02-04','',125,0),(133,10,0,6,'2020-02-04','',126,0),(134,10,0,6,'2020-02-04','',127,0),(135,10,0,6,'2020-02-04','',128,0),(136,5,0,6,'2020-02-04','',129,1),(137,5,0,6,'2020-02-04','',130,0),(138,10,0,4,'2020-02-04','',131,1),(139,10,0,4,'2020-02-04','',132,0),(140,15,0,6,'2020-02-04','',133,0),(141,15,0,6,'2020-02-04','',134,0),(142,10,0,6,'2020-02-04','',135,0),(143,10,0,6,'2020-02-04','',136,0),(144,10,0,4,'2020-02-04','',138,0),(145,10,0,4,'2020-02-04','',139,0),(146,10,0,4,'2020-02-04','',140,0),(147,15,0,4,'2020-02-04','',141,0),(148,5,0,4,'2020-02-04','',142,0),(149,10,0,4,'2020-02-04','',143,1),(150,10,0,4,'2020-02-04','',144,0),(151,5,0,4,'2020-02-04','',145,0),(152,5,0,4,'2020-02-04','',146,1),(153,5,0,4,'2020-02-04','',147,1),(154,5,0,4,'2020-02-04','',148,1),(155,12,0,4,'2020-02-04','',149,0),(156,12,0,4,'2020-02-04','',150,0),(157,12,0,4,'2020-02-04','',151,0),(158,15,0,4,'2020-02-04','',152,0),(159,10,0,4,'2020-02-04','',153,0),(160,20,0,4,'2020-02-04','',154,0),(161,10,0,4,'2020-02-04','',155,0),(162,5,0,4,'2020-02-04','',156,0),(163,3,0,4,'2020-02-04','',157,0),(164,10,0,4,'2020-02-04','',158,0),(165,10,0,4,'2020-02-04','',159,0),(166,5,0,4,'2020-02-04','',160,0),(167,10,0,4,'2020-02-04','',161,0),(168,10,0,4,'2020-02-04','',162,0),(169,5,0,4,'2020-02-04','',163,0),(170,10,0,4,'2020-02-04','',164,0),(171,10,0,4,'2020-02-04','',165,0),(172,15,0,4,'2020-02-04','',166,0),(173,5,0,4,'2020-02-04','',167,0),(174,10,0,4,'2020-02-04','',168,0),(175,5,0,4,'2020-02-04','',169,0),(176,10,0,4,'2020-02-04','',170,0),(177,10,0,4,'2020-02-04','',171,0),(178,10,0,6,'2020-02-05','',172,0),(179,10,0,6,'2020-02-05','',173,0),(180,10,0,6,'2020-02-05','',174,0),(181,5,0,6,'2020-02-05','',175,0),(182,10,0,6,'2020-02-05','',176,0),(183,10,0,6,'2020-02-05','',177,0),(184,10,0,6,'2020-02-05','',178,0),(185,10,0,6,'2020-02-05','',179,0),(186,10,0,6,'2020-02-05','',180,1),(187,10,0,6,'2020-02-05','',181,0),(188,10,0,6,'2020-02-05','',182,0),(189,10,0,6,'2020-02-05','',183,0),(190,10,0,6,'2020-02-05','',184,0),(191,10,0,6,'2020-02-05','',185,0),(192,15,0,6,'2020-02-05','',186,0),(193,10,0,6,'2020-02-05','',187,0),(194,15,0,6,'2020-02-05','',188,0),(195,10,0,6,'2020-02-05','',189,0),(196,2,0,6,'2020-02-05','registration fee',189,0),(197,5,0,6,'2020-02-05','',190,0),(198,5,0,6,'2020-02-05','',191,0),(199,15,0,6,'2020-02-05','',192,0),(200,5,0,6,'2020-02-05','',193,0),(201,5,0,6,'2020-02-05','',194,0),(202,25,0,6,'2020-02-05','',195,0),(203,15,0,4,'2020-02-05','',196,0),(204,10,0,4,'2020-02-05','',197,0),(205,10,0,4,'2020-02-05','',198,0),(206,10,0,4,'2020-02-05','',199,0),(207,10,0,4,'2020-02-05','',200,0),(208,10,0,4,'2020-02-05','',201,0),(209,10,0,4,'2020-02-05','',202,0),(210,10,0,4,'2020-02-05','',203,0),(211,15,0,4,'2020-02-05','',204,0),(212,15,0,4,'2020-02-05','',205,0),(213,15,0,4,'2020-02-05','',206,0),(214,10,0,4,'2020-02-05','',207,0),(215,12,0,4,'2020-02-05','',208,0),(216,5,0,4,'2020-02-05','',209,0),(217,10,0,4,'2020-02-05','',210,0),(218,10,0,4,'2020-02-05','',211,0),(219,2,0,4,'2020-02-05','registration fee',211,0),(220,10,0,4,'2020-02-05','',212,0),(221,2,0,4,'2020-02-05','registration fee',212,0),(222,10,0,4,'2020-02-05','',213,0),(223,10,0,4,'2020-02-05','',214,0),(224,5,0,4,'2020-02-05','',215,0),(225,5,0,4,'2020-02-05','',216,0),(226,10,0,4,'2020-02-05','',217,0),(227,10,0,4,'2020-02-05','',218,0),(228,10,0,4,'2020-02-05','',219,0),(229,10,0,4,'2020-02-05','',220,0),(230,10,0,4,'2020-02-05','',221,0),(231,10,0,4,'2020-02-05','',222,0),(232,10,0,6,'2020-02-05','',223,0),(233,10,0,6,'2020-02-05','',224,0),(234,10,0,6,'2020-02-06','',225,0),(235,10,0,6,'2020-02-08','',226,0),(236,2,0,6,'2020-02-08','registration fee',226,0),(237,10,0,6,'2020-02-08','',227,0),(238,10,0,6,'2020-02-08','',228,0),(239,100,0,4,'2020-02-08','registration fee',229,1),(240,80,0,4,'2020-02-08','registration fee',230,1),(241,10,0,4,'2020-02-08','',231,0),(242,5,0,6,'2020-02-08','',232,0),(243,2,0,6,'2020-02-08','registration fee',232,0),(244,10,0,6,'2020-02-08','',233,0),(245,10,0,6,'2020-02-08','',234,0),(246,10,0,4,'2020-02-08','',235,0),(247,10,0,4,'2020-02-08','',236,0),(248,10,0,4,'2020-02-08','',237,0),(249,10,0,4,'2020-02-08','',238,0),(250,5,0,4,'2020-02-08','',239,0),(251,10,0,4,'2020-02-08','',240,0),(252,10,0,4,'2020-02-08','',241,0),(253,15,0,4,'2020-02-08','',242,0),(254,2,0,4,'2020-02-08','registration fee',242,0),(255,10,0,4,'2020-02-08','',243,0),(256,10,0,4,'2020-02-08','',244,0),(257,10,0,4,'2020-02-08','',245,0),(258,10,0,4,'2020-02-08','',246,0),(259,10,0,4,'2020-02-08','',247,0),(260,5,0,4,'2020-02-08','',248,0),(261,5,0,4,'2020-02-08','',249,0),(262,10,0,4,'2020-02-08','',250,0),(263,5,0,4,'2020-02-08','',251,0),(264,10,0,4,'2020-02-08','',252,0),(265,10,0,4,'2020-02-08','',253,0),(266,5,0,4,'2020-02-08','',254,0),(267,13,0,4,'2020-02-08','',255,0),(268,5,0,4,'2020-02-08','',256,0),(269,5,0,4,'2020-02-08','',257,0),(270,5,0,4,'2020-02-08','',258,0),(271,10,0,4,'2020-02-08','',259,0),(272,2,0,4,'2020-02-08','registration fee',259,0),(273,15,0,4,'2020-02-08','',260,0),(274,5,0,4,'2020-02-08','',261,0),(275,10,0,4,'2020-02-08','',262,0),(276,5,0,4,'2020-02-08','',263,0),(277,10,0,4,'2020-02-08','',264,0),(278,20,0,4,'2020-02-08','',265,0),(279,2,0,4,'2020-02-08','registration fee',265,0),(280,10,0,4,'2020-02-08','',266,0),(281,10,0,4,'2020-02-08','',267,0),(282,2,0,4,'2020-02-08','registration fee',267,0),(283,10,0,4,'2020-02-08','',268,0),(284,10,0,4,'2020-02-08','',269,0),(285,5,0,4,'2020-02-08','',270,0),(286,5,0,4,'2020-02-08','',271,0),(287,15,0,4,'2020-02-08','',272,0),(288,10,0,4,'2020-02-08','',273,0),(289,10,0,4,'2020-02-08','',274,0),(290,10,0,4,'2020-02-08','',275,0),(291,10,0,4,'2020-02-08','',276,0),(292,10,0,4,'2020-02-08','',277,0),(293,17,0,4,'2020-02-08','',278,0),(294,10,0,4,'2020-02-08','',279,0),(295,10,0,4,'2020-02-08','',280,0),(296,2,0,4,'2020-02-08','registration fee',280,0),(297,15,0,4,'2020-02-08','',281,0),(298,10,0,0,'2020-02-08','',282,0),(299,10,0,4,'2020-02-08','',283,0),(300,10,0,4,'2020-02-08','',284,0),(301,10,0,4,'2020-02-08','',285,0),(302,10,0,4,'2020-02-08','',286,0),(303,10,0,4,'2020-02-08','',287,0),(304,10,0,4,'2020-02-09','',288,0),(305,10,0,4,'2020-02-09','',289,0),(306,5,0,4,'2020-02-09','',290,0),(307,10,0,4,'2020-02-09','',291,0),(308,10,0,4,'2020-02-09','',292,0),(309,8,0,4,'2020-02-09','',293,0),(310,7,3,4,'2020-02-09','',294,0),(311,10,0,4,'2020-02-09','',295,0),(312,10,0,4,'2020-02-09','',296,0),(313,10,0,4,'2020-02-09','',297,0),(314,10,0,4,'2020-02-09','',298,0),(315,10,0,4,'2020-02-09','',299,0),(316,10,0,4,'2020-02-09','',300,1),(317,5,0,4,'2020-02-09','',301,0),(318,10,0,4,'2020-02-09','',302,0),(319,15,0,4,'2020-02-09','',303,0),(320,10,0,4,'2020-02-09','',304,0),(321,10,0,4,'2020-02-09','',305,0),(322,10,0,4,'2020-02-09','',306,0),(323,10,0,4,'2020-02-09','',307,0),(324,10,0,4,'2020-02-09','',308,0),(325,2,0,4,'2020-02-09','registration fee',308,0),(326,20,0,4,'2020-02-09','',309,0),(327,9,0,4,'2020-02-09','',310,0),(328,10,0,4,'2020-02-09','',311,0);
/*!40000 ALTER TABLE `payments` ENABLE KEYS */;
UNLOCK TABLES;

--
-- Table structure for table `settings`
--

DROP TABLE IF EXISTS `settings`;
/*!40101 SET @saved_cs_client     = @@character_set_client */;
/*!40101 SET character_set_client = utf8 */;
CREATE TABLE `settings` (
  `id` int(11) NOT NULL,
  `company_name` varchar(100) NOT NULL,
  `username` varchar(100) NOT NULL,
  `password` varchar(100) NOT NULL,
  `pw_last_changed` date NOT NULL,
  `address` text NOT NULL,
  `mobile` varchar(100) NOT NULL,
  `email` varchar(100) NOT NULL,
  `company_reg_session_id` varchar(200) NOT NULL,
  `current_lang` varchar(30) NOT NULL
) ENGINE=InnoDB DEFAULT CHARSET=latin1;
/*!40101 SET character_set_client = @saved_cs_client */;

--
-- Dumping data for table `settings`
--

LOCK TABLES `settings` WRITE;
/*!40000 ALTER TABLE `settings` DISABLE KEYS */;
INSERT INTO `settings` VALUES (4,'school','','','0000-00-00','','06155555555','smartcollege68@gmail.com','','');
/*!40000 ALTER TABLE `settings` ENABLE KEYS */;
UNLOCK TABLES;

--
-- Table structure for table `student_subjects`
--

DROP TABLE IF EXISTS `student_subjects`;
/*!40101 SET @saved_cs_client     = @@character_set_client */;
/*!40101 SET character_set_client = utf8 */;
CREATE TABLE `student_subjects` (
  `id` int(11) NOT NULL AUTO_INCREMENT,
  `subject` varchar(100) NOT NULL,
  `teacher` varchar(100) NOT NULL,
  `time` varchar(100) NOT NULL,
  `discount` double NOT NULL,
  `cost` double NOT NULL,
  `description` varchar(100) NOT NULL,
  `student_id` int(11) NOT NULL,
  `subject_id` int(11) NOT NULL,
  `admin_date` date NOT NULL,
  `delete_status` int(1) NOT NULL,
  PRIMARY KEY (`id`)
) ENGINE=InnoDB AUTO_INCREMENT=397 DEFAULT CHARSET=latin1;
/*!40101 SET character_set_client = @saved_cs_client */;

--
-- Dumping data for table `student_subjects`
--

LOCK TABLES `student_subjects` WRITE;
/*!40000 ALTER TABLE `student_subjects` DISABLE KEYS */;
INSERT INTO `student_subjects` VALUES (50,'Scientific, (2pm) (Alas)','','',0,10,'',30,0,'2020-02-01',0),(51,'Scientific, (3:00 pm) (Alas)','','',2,10,'',31,0,'2020-02-01',0),(52,'Scientific, (4:00pm) (Alas)','','',0,10,'',32,0,'2020-02-01',0),(53,'Scientific, (2pm) (Alas)','','',0,10,'',33,0,'2020-02-01',0),(54,'Scientific, (4:00pm) (Alas)','','',0,10,'',34,0,'2020-02-01',0),(55,'Scientific, (2pm) (Alas)','','',0,10,'',35,0,'2020-02-01',0),(56,'Scientific, (3:00 pm) (Alas)','','',0,10,'',35,0,'2020-02-01',0),(57,'Scientific, (4:00pm) (Alas)','','',0,10,'',36,0,'2020-02-01',0),(58,'Scientific, (4:00pm) (Alas)','','',0,10,'',36,0,'2020-02-01',0),(59,'Scientific, (3:00 pm) (Alas)','','',0,10,'',36,0,'2020-02-01',0),(60,'Scientific, (3:00 pm) (Alas)','','',0,10,'',37,0,'2020-02-01',0),(61,'Scientific, (2pm) (Alas)','','',0,10,'',38,0,'2020-02-01',0),(62,'Scientific, (2pm) (Alas)','','',0,10,'',39,0,'2020-02-02',0),(63,'Scientific, (3:00 pm) (Alas)','','',0,10,'',39,0,'2020-02-02',0),(64,'Scientific, (2pm) (Alas)','','',0,10,'',40,0,'2020-02-03',0),(65,'Scientific, (4:00pm) (Alas)','','',0,10,'',41,0,'2020-02-03',0),(66,'Intermediate English, (8:30Am) (Alas)','','',0,5,'',42,0,'2020-02-03',0),(67,'Scientific, (10:30Am) (Alas)','','',0,10,'',42,0,'2020-02-03',0),(68,'Intermediate English, (8:30Am) (Alas)','','',0,5,'',43,0,'2020-02-03',0),(69,'Scientific, (10:30Am) (Alas)','','',0,10,'',43,0,'2020-02-03',0),(70,'Scientific, (10:30Am) (Alas)','','',0,10,'',44,0,'2020-02-03',0),(71,'Intermediate English, (8:30Am) (Alas)','','',0,5,'',44,0,'2020-02-03',0),(72,'Scientific, (2:00pm) (Alas)','','',0,10,'',45,0,'2020-02-03',0),(73,'Primary Math, (2:00pm) (Geesi)','','',0,5,'',46,0,'2020-02-03',0),(74,'Primary Math, (2:00pm) (Geesi)','','',0,5,'',47,0,'2020-02-03',0),(75,'Primary Math, (2:00pm) (Geesi)','','',0,5,'',48,0,'2020-02-03',0),(76,'Intermediate English, (2:00pm) (Ibrahim)','','',0,5,'',49,0,'2020-02-03',0),(77,'Intermediate English, (2:00pm) (Ibrahim)','','',0,5,'',50,0,'2020-02-03',0),(78,'Intermediate English, (2:00pm) (Ibrahim)','','',0,5,'',51,0,'2020-02-03',0),(79,'Scientific, (2:00Pm) (Husni)','','',0,10,'',52,0,'2020-02-03',0),(80,'Scientific, (2:00Pm) (Husni)','','',0,10,'',53,0,'2020-02-03',0),(81,'Scientific, (2:00Pm) (Husni)','','',0,10,'',54,0,'2020-02-03',0),(82,'Scientific, (2:00Pm) (Husni)','','',0,10,'',55,0,'2020-02-03',0),(83,'Scientific, (2:00Pm) (Husni)','','',0,10,'',56,0,'2020-02-03',0),(84,'Scientific, (2:00Pm) (Husni)','','',0,10,'',57,0,'2020-02-03',0),(85,'Primary Math, (2:00pm) (Ismaciil)','','',0,5,'',58,0,'2020-02-03',0),(86,'Primary Math, (2:00pm) (Ismaciil)','','',0,5,'',59,0,'2020-02-03',0),(87,'Primary Math, (2:00pm) (Ismaciil)','','',0,5,'',60,0,'2020-02-03',0),(88,'Primary Math, (2:00pm) (Ismaciil)','','',0,5,'',61,0,'2020-02-03',0),(89,'Normal English, (3:00pm) (Geesi)','','',0,5,'',62,0,'2020-02-03',0),(90,'Normal English, (3:00pm) (Geesi)','','',0,5,'',63,0,'2020-02-03',0),(91,'Normal English, (3:00pm) (Geesi)','','',0,5,'',64,0,'2020-02-03',0),(92,'Beginner English, (3:00pm) (Ismaciil)','','',0,5,'',65,0,'2020-02-03',0),(93,'Beginner English, (3:00pm) (Ismaciil)','','',0,5,'',66,0,'2020-02-03',0),(94,'Beginner English, (3:00pm) (Ismaciil)','','',0,5,'',67,0,'2020-02-03',0),(95,'Beginner English, (3:00pm) (Ismaciil)','','',0,5,'',68,0,'2020-02-03',0),(96,'Beginner English, (3:00pm) (Ismaciil)','','',0,5,'',69,0,'2020-02-03',0),(97,'Beginner English, (3:00pm) (Ismaciil)','','',0,5,'',70,0,'2020-02-03',0),(98,'Beginner English, (3:00pm) (Ismaciil)','','',0,5,'',71,0,'2020-02-03',0),(99,'Beginner English, (3:00pm) (Ismaciil)','','',0,5,'',72,0,'2020-02-03',0),(100,'Beginner English, (3:00pm) (Ismaciil)','','',0,5,'',73,0,'2020-02-03',0),(101,'computer, (3:00pm) (omar)','','',0,10,'',74,0,'2020-02-03',0),(102,'Intermediate English, (4:00pm) (Ibrahim)','','',0,5,'',75,0,'2020-02-03',0),(103,'Intermediate English, (4:00pm) (Ibrahim)','','',0,5,'',75,0,'2020-02-03',1),(104,'Intermediate English, (4:00pm) (Ibrahim)','','',0,5,'',76,0,'2020-02-03',0),(105,'computer, (4:00pm) (omar)','','',0,10,'',77,0,'2020-02-03',0),(106,'Primary Math, (4:00pm) (Ismaciil)','','',0,5,'',78,0,'2020-02-03',0),(107,'Primary Math, (4:00pm) (Ismaciil)','','',0,5,'',79,0,'2020-02-03',0),(108,'Scientific, (4:00pm) (Geesi)','','',0,10,'',80,0,'2020-02-03',0),(109,'Scientific, (4:00pm) (Geesi)','','',0,10,'',81,0,'2020-02-03',0),(110,'Scientific, (4:00pm) (Geesi)','','',0,10,'',82,0,'2020-02-03',0),(111,'computer, (5:00pm) (omar)','','',0,10,'',83,0,'2020-02-03',0),(112,'Scientific, (2:00pm) (Alas)','','',0,10,'',84,0,'2020-02-03',0),(113,'Scientific, (2:00pm) (Alas)','','',0,10,'',84,0,'2020-02-03',0),(114,'Scientific, (3:00 pm) (Alas)','','',0,10,'',85,0,'2020-02-03',0),(115,'Scientific, (3:00 pm) (Alas)','','',0,10,'',86,0,'2020-02-03',0),(116,'Scientific, (3:00 pm) (Alas)','','',0,10,'',87,0,'2020-02-03',0),(117,'Scientific, (3:00 pm) (Alas)','','',0,10,'',88,0,'2020-02-03',0),(118,'Scientific, (3:00Pm) (Husni)','','',2,10,'',89,0,'2020-02-03',0),(119,'Scientific, (3:00Pm) (Husni)','','',0,10,'',90,0,'2020-02-03',0),(120,'Scientific, (3:00Pm) (Husni)','','',0,10,'',91,0,'2020-02-03',0),(121,'Scientific, (3:00Pm) (Husni)','','',0,10,'',92,0,'2020-02-03',0),(122,'Scientific, (4:00pm) (Alas)','','',0,10,'',93,0,'2020-02-03',0),(123,'Primary Math, (2:00pm) (Ismaciil)','','',0,5,'',94,0,'2020-02-03',0),(124,'Beginner English, (3:00pm) (Ismaciil)','','',0,5,'',95,0,'2020-02-03',0),(125,'Intermediate English, (4:00pm) (Ibrahim)','','',0,5,'',96,0,'2020-02-03',0),(126,'Scientific, (4:00pm) (Husni)','','',5,10,'',97,0,'2020-02-03',0),(127,'Scientific, (4:00pm) (Husni)','','',0,10,'',98,0,'2020-02-03',0),(128,'Scientific, (4:00pm) (Husni)','','',0,10,'',99,0,'2020-02-03',0),(129,'Scientific, (4:00pm) (Husni)','','',0,10,'',100,0,'2020-02-03',0),(130,'Scientific, (4:00pm) (Husni)','','',0,10,'',101,0,'2020-02-03',0),(131,'Scientific, (4:00pm) (Husni)','','',0,10,'',102,0,'2020-02-03',0),(132,'Scientific, (3:00 pm) (Alas)','','',0,10,'',103,0,'2020-02-03',0),(133,'Primary Math, (2:00pm) (Geesi)','','',0,5,'',104,0,'2020-02-03',0),(134,'Scientific, (3:00Pm) (Husni)','','',0,10,'',105,0,'2020-02-03',0),(135,'Scientific, (3:00Pm) (Husni)','','',0,10,'',106,0,'2020-02-03',0),(136,'Scientific, (2:00Pm) (Husni)','','',0,10,'',107,0,'2020-02-03',0),(137,'Beginner English, (3:00pm) (Ismaciil)','','',0,5,'',107,0,'2020-02-03',0),(138,'Scientific, (4:00pm) (Geesi)','','',5,10,'',108,0,'2020-02-03',0),(139,'Scientific, (4:00pm) (Husni)','','',0,10,'',109,0,'2020-02-03',0),(140,'computer, (2:00pm) (omar)','','',0,10,'',110,0,'2020-02-03',0),(141,'Beginner English, (3:00pm) (Ismaciil)','','',0,5,'',110,0,'2020-02-03',0),(142,'Scientific, (4:00pm) (Husni)','','',5,10,'',111,0,'2020-02-03',0),(143,'Scientific, (4:00pm) (Alas)','','',0,10,'',112,0,'2020-02-03',0),(144,'computer, (8:00Am) (omar)','','',0,10,'',113,0,'2020-02-04',0),(145,'Primary Math, (8:30Am) (Taakow)','','',0,5,'',114,0,'2020-02-04',0),(146,'Primary Math, (8:30Am) (Taakow)','','',0,5,'',114,0,'2020-02-04',0),(147,'Primary Math, (8:30Am) (Taakow)','','',0,5,'',115,0,'2020-02-04',0),(148,'Beginner English, (9:30Am) (Taakow)','','',0,5,'',115,0,'2020-02-04',0),(149,'Beginner English, (9:30Am) (Taakow)','','',0,5,'',116,0,'2020-02-04',0),(150,'Beginner English, (9:30Am) (Taakow)','','',0,5,'',117,0,'2020-02-04',0),(151,'computer, (8:00Am) (omar)','','',0,10,'',118,0,'2020-02-04',0),(152,'computer, (8:00Am) (omar)','','',0,10,'',119,0,'2020-02-04',0),(153,'computer, (8:00Am) (omar)','','',0,10,'',120,0,'2020-02-04',0),(154,'computer, (8:00Am) (omar)','','',0,10,'',121,0,'2020-02-04',0),(155,'computer, (8:00Am) (omar)','','',0,10,'',122,0,'2020-02-04',0),(156,'Intermediate English, (8:30Am) (Alas)','','',0,5,'',123,0,'2020-02-04',0),(157,'Scientific, (8:30Am) (Husni)','','',0,10,'',124,0,'2020-02-04',0),(158,'Scientific, (8:30Am) (Husni)','','',0,10,'',125,0,'2020-02-04',0),(159,'Scientific, (8:30Am) (Husni)','','',0,10,'',126,0,'2020-02-04',0),(160,'Scientific, (8:30Am) (Husni)','','',0,10,'',127,0,'2020-02-04',0),(161,'Scientific, (8:30Am) (Husni)','','',0,10,'',128,0,'2020-02-04',0),(162,'Intermediate English, (8:30Am) (Alas)','','',0,5,'',129,0,'2020-02-04',0),(163,'Intermediate English, (8:30Am) (Alas)','','',0,5,'',130,0,'2020-02-04',0),(164,'Scientific, (09:30Am) (Alas)','','',0,10,'',131,0,'2020-02-04',0),(165,'computer, (10:00Am) (omar)','','',0,10,'',132,0,'2020-02-04',0),(166,'Scientific, (3:00 pm) (Alas)','','',0,10,'',133,0,'2020-02-04',0),(167,'Intermediate English, (4:00pm) (Ibrahim)','','',0,5,'',133,0,'2020-02-04',0),(168,'Scientific, (3:00 pm) (Alas)','','',0,10,'',134,0,'2020-02-04',0),(169,'Intermediate English, (4:00pm) (Ibrahim)','','',0,5,'',134,0,'2020-02-04',0),(170,'Primary Math, (8:30Am) (Taakow)','','',0,5,'',135,0,'2020-02-04',0),(171,'Beginner English, (9:30Am) (Taakow)','','',0,5,'',135,0,'2020-02-04',0),(172,'Primary Math, (8:30Am) (Taakow)','','',0,5,'',136,0,'2020-02-04',0),(173,'Beginner English, (9:30Am) (Taakow)','','',0,5,'',136,0,'2020-02-04',0),(174,'Primary Math, (8:30Am) (Taakow)','','',5,5,'',137,0,'2020-02-04',0),(175,'Beginner English, (9:30Am) (Taakow)','','',5,5,'',137,0,'2020-02-04',0),(176,'Primary Math, (2:00pm) (Ismaciil)','','',0,5,'',138,0,'2020-02-04',0),(177,'Beginner English, (3:00pm) (Ismaciil)','','',0,5,'',138,0,'2020-02-04',0),(178,'Beginner English, (3:00pm) (Ismaciil)','','',0,5,'',139,0,'2020-02-04',0),(179,'Primary Math, (4:00pm) (Ismaciil)','','',0,5,'',139,0,'2020-02-04',0),(180,'Scientific, (3:00Pm) (Husni)','','',0,10,'',140,0,'2020-02-04',0),(181,'Scientific, (2:00Pm) (Husni)','','',0,10,'',141,0,'2020-02-04',0),(182,'Beginner English, (3:00pm) (Ismaciil)','','',0,5,'',141,0,'2020-02-04',0),(183,'Beginner English, (3:00pm) (Ismaciil)','','',0,5,'',142,0,'2020-02-04',0),(184,'Scientific, (2:00Pm) (Husni)','','',0,10,'',143,0,'2020-02-04',0),(185,'Scientific, (3:00 pm) (Alas)','','',0,10,'',144,0,'2020-02-04',0),(186,'Beginner English, (3:00pm) (Ismaciil)','','',0,5,'',145,0,'2020-02-04',0),(187,'Intermediate English, (3:00pm) (Ibrahim)','','',0,5,'',146,0,'2020-02-04',0),(188,'Intermediate English, (3:00pm) (Ibrahim)','','',0,5,'',147,0,'2020-02-04',0),(189,'Intermediate English, (3:00pm) (Ibrahim)','','',0,5,'',148,0,'2020-02-04',0),(190,'Intermediate English, (3:00pm) (Ibrahim)','','',0,5,'',149,0,'2020-02-04',0),(191,'computer, (4:00pm) (omar)','','',3,10,'',149,0,'2020-02-04',0),(192,'Intermediate English, (3:00pm) (Ibrahim)','','',0,5,'',150,0,'2020-02-04',0),(193,'computer, (4:00pm) (omar)','','',3,10,'',150,0,'2020-02-04',0),(194,'Intermediate English, (3:00pm) (Ibrahim)','','',0,5,'',151,0,'2020-02-04',0),(195,'computer, (4:00pm) (omar)','','',3,10,'',151,0,'2020-02-04',0),(196,'Beginner English, (3:00pm) (Ismaciil)','','',0,5,'',152,0,'2020-02-04',0),(197,'Scientific, (2:00Pm) (Husni)','','',0,10,'',152,0,'2020-02-04',0),(198,'Scientific, (4:00pm) (Husni)','','',0,10,'',153,0,'2020-02-04',0),(199,'Primary Math, (2:00pm) (Ismaciil)','','',0,5,'',154,0,'2020-02-04',0),(200,'Beginner English, (3:00pm) (Ismaciil)','','',0,5,'',154,0,'2020-02-04',0),(201,'computer, (4:00pm) (omar)','','',0,10,'',154,0,'2020-02-04',0),(202,'Scientific, (4:00pm) (Geesi)','','',0,10,'',155,0,'2020-02-04',0),(203,'Intermediate English, (3:00pm) (Ibrahim)','','',0,5,'',156,0,'2020-02-04',0),(204,'somaali, (4:00pm) (Ismaciil)','','',0,3,'',157,0,'2020-02-04',0),(205,'Scientific, (4:00pm) (Husni)','','',0,10,'',158,0,'2020-02-04',0),(206,'Scientific, (4:00pm) (Husni)','','',0,10,'',159,0,'2020-02-04',0),(207,'Intermediate English, (3:00pm) (Ibrahim)','','',0,5,'',160,0,'2020-02-04',0),(208,'Beginner English, (3:00pm) (Ismaciil)','','',0,5,'',161,0,'2020-02-04',0),(209,'Primary Math, (4:00pm) (Ismaciil)','','',0,5,'',161,0,'2020-02-04',0),(210,'Scientific, (4:00pm) (Alas)','','',0,10,'',162,0,'2020-02-04',0),(211,'Intermediate English, (4:00pm) (Ibrahim)','','',0,5,'',163,0,'2020-02-04',0),(212,'Primary Math, (2:00pm) (Ismaciil)','','',0,5,'',164,0,'2020-02-04',0),(213,'Beginner English, (3:00pm) (Ismaciil)','','',0,5,'',164,0,'2020-02-04',0),(214,'Primary Math, (2:00pm) (Geesi)','','',0,5,'',165,0,'2020-02-04',0),(215,'Normal English, (3:00pm) (Geesi)','','',0,5,'',165,0,'2020-02-04',0),(216,'Intermediate English, (8:30Am) (Alas)','','',0,5,'',166,0,'2020-02-04',0),(217,'Scientific, (09:30Am) (Alas)','','',0,10,'',166,0,'2020-02-04',0),(218,'Intermediate English, (4:00pm) (Ibrahim)','','',0,5,'',167,0,'2020-02-04',0),(219,'Scientific, (4:00pm) (Geesi)','','',0,10,'',168,0,'2020-02-04',0),(220,'Intermediate English, (4:00pm) (Ibrahim)','','',0,5,'',169,0,'2020-02-04',0),(221,'Scientific, (4:00pm) (Alas)','','',0,10,'',170,0,'2020-02-04',0),(222,'Beginner English, (9:30Am) (Taakow)','','',0,5,'',171,0,'2020-02-04',0),(223,'Primary Math, (8:30Am) (Taakow)','','',0,5,'',171,0,'2020-02-04',0),(224,'Primary Math, (8:30Am) (Taakow)','','',0,5,'',172,43,'2020-02-05',0),(225,'Beginner English, (9:30Am) (Taakow)','','',0,5,'',172,44,'2020-02-05',0),(226,'Primary Math, (8:30Am) (Taakow)','','',0,5,'',173,43,'2020-02-05',0),(227,'Beginner English, (9:30Am) (Taakow)','','',0,5,'',173,44,'2020-02-05',0),(228,'Primary Math, (8:30Am) (Taakow)','','',0,5,'',174,43,'2020-02-05',0),(229,'Beginner English, (9:30Am) (Taakow)','','',0,5,'',174,44,'2020-02-05',0),(230,'Primary Math, (8:30Am) (Taakow)','','',0,5,'',175,43,'2020-02-05',0),(231,'Scientific','Geesi','8:30pm',0,10,'',176,32,'2020-02-05',0),(232,'Scientific','Geesi','8:30pm',0,10,'',177,32,'2020-02-05',0),(233,'Scientific','Geesi','8:30pm',0,10,'',178,32,'2020-02-05',0),(234,'Scientific','Geesi','8:30pm',0,10,'',179,32,'2020-02-05',0),(235,'Scientific','Geesi','8:30pm',0,10,'',180,32,'2020-02-05',0),(236,'Scientific','Geesi','8:30pm',0,10,'',181,32,'2020-02-05',0),(237,'Scientific','Geesi','8:30pm',0,10,'',182,32,'2020-02-05',0),(238,'Scientific, (9:30Am) (Husni)','','',0,10,'',183,19,'2020-02-05',0),(239,'Scientific, (9:30Am) (Husni)','','',0,10,'',184,19,'2020-02-05',0),(240,'Scientific, (9:30Am) (Husni)','','',0,10,'',185,19,'2020-02-05',0),(241,'Scientific, (09:30Am) (Alas)','','',0,10,'',186,45,'2020-02-05',0),(242,'Intermediate English, (8:30Am) (Alas)','','',0,5,'',186,17,'2020-02-05',0),(243,'Scientific, (9:30Am) (Husni)','','',0,10,'',187,19,'2020-02-05',0),(244,'Intermediate English, (8:30Am) (Alas)','','',0,5,'',188,17,'2020-02-05',0),(245,'Scientific, (09:30Am) (Alas)','','',0,10,'',188,45,'2020-02-05',0),(246,'Scientific, (09:30Am) (Alas)','','',0,10,'',189,45,'2020-02-05',0),(247,'Normal English','Geesi','9:30pm',0,5,'',190,33,'2020-02-05',0),(248,'Normal English','Geesi','9:30pm',0,5,'',191,33,'2020-02-05',0),(249,'Normal English','Geesi','9:30pm',0,5,'',192,33,'2020-02-05',0),(250,'computer','omar','10:30Am',0,10,'',192,26,'2020-02-05',0),(251,'Normal English','Geesi','9:30pm',0,5,'',193,33,'2020-02-05',0),(252,'Normal English','Geesi','9:30pm',0,5,'',194,33,'2020-02-05',0),(253,'computer','omar','10:30Am',0,10,'',195,26,'2020-02-05',0),(254,'Scientific','Geesi','8:30pm',0,10,'',195,32,'2020-02-05',0),(255,'Beginner English, (9:30Am) (Taakow)','','',0,5,'',195,44,'2020-02-05',0),(256,'Scientific, (2:00Pm) (Husni)','','',0,10,'',196,20,'2020-02-05',0),(257,'Scientific, (3:00Pm) (Husni)','','',5,10,'',196,21,'2020-02-05',0),(258,'Scientific, (2:00Pm) (Husni)','','',0,10,'',197,20,'2020-02-05',0),(259,'Scientific, (3:00Pm) (Husni)','','',0,10,'',198,21,'2020-02-05',0),(260,'Scientific, (3:00Pm) (Husni)','','',0,10,'',199,21,'2020-02-05',0),(261,'Primary Math, (2:00pm) (Geesi)','','',0,5,'',200,34,'2020-02-05',0),(262,'Beginner English, (3:00pm) (Ismaciil)','','',0,5,'',200,38,'2020-02-05',0),(263,'Scientific, (3:00Pm) (Husni)','','',0,10,'',201,21,'2020-02-05',0),(264,'Scientific, (3:00Pm) (Husni)','','',0,10,'',202,21,'2020-02-05',0),(265,'Scientific, (3:00Pm) (Husni)','','',0,10,'',203,21,'2020-02-05',0),(266,'Scientific, (2:00Pm) (Husni)','','',0,10,'',204,20,'2020-02-05',0),(267,'Beginner English, (3:00pm) (Ismaciil)','','',0,5,'',204,38,'2020-02-05',0),(268,'Scientific, (2:00Pm) (Husni)','','',0,10,'',205,20,'2020-02-05',0),(269,'Beginner English, (3:00pm) (Ismaciil)','','',0,5,'',205,38,'2020-02-05',0),(270,'Scientific, (2:00Pm) (Husni)','','',0,10,'',206,20,'2020-02-05',0),(271,'Beginner English, (3:00pm) (Ismaciil)','','',0,5,'',206,38,'2020-02-05',0),(272,'Scientific, (3:00Pm) (Husni)','','',0,10,'',207,21,'2020-02-05',0),(273,'Scientific, (2:00pm) (Alas)','','',2,10,'',208,13,'2020-02-05',0),(274,'Beginner English, (3:00pm) (Ismaciil)','','',1,5,'',208,38,'2020-02-05',0),(275,'Beginner English, (3:00pm) (Ismaciil)','','',0,5,'',209,38,'2020-02-05',0),(276,'Scientific, (3:00Pm) (Husni)','','',0,10,'',210,21,'2020-02-05',0),(277,'Beginner English, (3:00pm) (Ismaciil)','','',0,5,'',211,38,'2020-02-05',0),(278,'Primary Math, (4:00pm) (Ismaciil)','','',0,5,'',211,39,'2020-02-05',0),(279,'Beginner English, (3:00pm) (Ismaciil)','','',0,5,'',212,38,'2020-02-05',0),(280,'Primary Math, (4:00pm) (Ismaciil)','','',0,5,'',212,39,'2020-02-05',0),(281,'Scientific, (4:00pm) (Husni)','','',0,10,'',213,22,'2020-02-05',0),(282,'Scientific, (4:00pm) (Geesi)','','',0,10,'',214,36,'2020-02-05',0),(283,'Intermediate English, (3:00pm) (Ibrahim)','','',0,5,'',215,41,'2020-02-05',0),(284,'Intermediate English, (3:00pm) (Ibrahim)','','',0,5,'',216,41,'2020-02-05',0),(285,'Scientific, (4:00pm) (Husni)','','',0,10,'',217,22,'2020-02-05',0),(286,'Scientific, (4:00pm) (Husni)','','',0,10,'',218,22,'2020-02-05',0),(287,'Scientific, (4:00pm) (Husni)','','',0,10,'',219,22,'2020-02-05',0),(288,'Scientific, (4:00pm) (Husni)','','',0,10,'',220,22,'2020-02-05',0),(289,'Scientific, (4:00pm) (Husni)','','',0,10,'',221,22,'2020-02-05',0),(290,'Scientific, (4:00pm) (Husni)','','',0,10,'',222,22,'2020-02-05',0),(291,'Scientific, (4:00pm) (Geesi)','','',0,10,'',223,36,'2020-02-05',0),(292,'Scientific, (4:00pm) (Geesi)','','',0,10,'',224,36,'2020-02-05',0),(293,'computer, (5:00pm) (omar)','','',0,10,'',225,31,'2020-02-06',0),(294,'Primary Math, (8:30Am) (Taakow)','','',0,5,'',226,43,'2020-02-08',0),(295,'Beginner English, (9:30Am) (Taakow)','','',0,5,'',226,44,'2020-02-08',0),(296,'Scientific, (8:30Am) (Husni)','','',0,10,'',227,18,'2020-02-08',0),(297,'computer','omar','8:30Am',0,10,'',228,24,'2020-02-08',0),(298,'computer','omar','8:30Am',0,10,'',229,24,'2020-02-08',0),(299,'computer, (4:00pm) (omar)','','',0,10,'',230,30,'2020-02-08',0),(300,'computer','omar','8:30Am',0,10,'',231,24,'2020-02-08',0),(301,'Beginner English, (9:30Am) (Taakow)','','',0,5,'',232,44,'2020-02-08',0),(302,'computer, (1:00pm) (omar)','','',0,10,'',233,27,'2020-02-08',0),(303,'computer, (1:00pm) (omar)','','',0,10,'',234,27,'2020-02-08',0),(304,'Scientific, (2:00pm) (Alas)','','',0,10,'',235,13,'2020-02-08',0),(305,'Scientific, (2:00pm) (Alas)','','',0,10,'',236,13,'2020-02-08',0),(306,'Scientific, (2:00pm) (Alas)','','',0,10,'',237,13,'2020-02-08',0),(307,'Scientific, (2:00pm) (Alas)','','',0,10,'',238,13,'2020-02-08',0),(308,'Primary Math, (2:00pm) (Ismaciil)','','',0,5,'',239,37,'2020-02-08',0),(309,'Scientific, (2:00pm) (Alas)','','',0,10,'',240,13,'2020-02-08',0),(310,'Scientific, (2:00pm) (Alas)','','',0,10,'',241,13,'2020-02-08',0),(311,'Scientific, (2:00Pm) (Husni)','','',0,10,'',242,20,'2020-02-08',0),(312,'Intermediate English, (3:00pm) (Ibrahim)','','',0,5,'',242,41,'2020-02-08',0),(313,'Scientific, (3:00Pm) (Husni)','','',0,10,'',243,21,'2020-02-08',0),(314,'Scientific, (3:00Pm) (Husni)','','',0,10,'',244,21,'2020-02-08',0),(315,'Scientific, (3:00Pm) (Husni)','','',0,10,'',245,21,'2020-02-08',0),(316,'Scientific, (3:00Pm) (Husni)','','',0,10,'',246,21,'2020-02-08',0),(317,'Scientific, (3:00Pm) (Husni)','','',0,10,'',247,21,'2020-02-08',0),(318,'Beginner English, (3:00pm) (Ismaciil)','','',0,5,'',248,38,'2020-02-08',0),(319,'Beginner English, (3:00pm) (Ismaciil)','','',0,5,'',249,38,'2020-02-08',0),(320,'Scientific, (3:00Pm) (Husni)','','',0,10,'',250,21,'2020-02-08',0),(321,'Beginner English, (3:00pm) (Ismaciil)','','',0,5,'',251,38,'2020-02-08',0),(322,'Scientific, (3:00 pm) (Alas)','','',0,10,'',252,14,'2020-02-08',0),(323,'Scientific, (3:00Pm) (Husni)','','',0,10,'',253,21,'2020-02-08',0),(324,'Beginner English, (3:00pm) (Ismaciil)','','',0,5,'',254,38,'2020-02-08',0),(325,'Scientific, (3:00Pm) (Husni)','','',2,10,'',255,21,'2020-02-08',0),(326,'Intermediate English, (4:00pm) (Ibrahim)','','',0,5,'',255,42,'2020-02-08',0),(327,'Beginner English, (3:00pm) (Ismaciil)','','',0,5,'',256,38,'2020-02-08',0),(328,'Intermediate English, (3:00pm) (Ibrahim)','','',0,5,'',257,41,'2020-02-08',0),(329,'Beginner English, (3:00pm) (Ismaciil)','','',0,5,'',258,38,'2020-02-08',0),(330,'computer, (2:00pm) (omar)','','',0,10,'',259,28,'2020-02-08',0),(331,'computer, (4:00pm) (omar)','','',0,10,'',260,30,'2020-02-08',0),(332,'Beginner English, (3:00pm) (Ismaciil)','','',0,5,'',260,38,'2020-02-08',0),(333,'Primary Math, (2:00pm) (Ismaciil)','','',0,5,'',261,37,'2020-02-08',0),(334,'Primary Math, (2:00pm) (Ismaciil)','','',0,5,'',262,37,'2020-02-08',0),(335,'Beginner English, (3:00pm) (Ismaciil)','','',0,5,'',262,38,'2020-02-08',0),(336,'Beginner English, (3:00pm) (Ismaciil)','','',0,5,'',263,38,'2020-02-08',0),(337,'Scientific, (4:00pm) (Husni)','','',0,10,'',264,22,'2020-02-08',0),(338,'Scientific, (3:00 pm) (Alas)','','',0,10,'',265,14,'2020-02-08',0),(339,'computer, (4:00pm) (omar)','','',0,10,'',265,30,'2020-02-08',0),(340,'Primary Math, (2:00pm) (Ismaciil)','','',0,5,'',266,38,'2020-02-08',0),(341,'Beginner English, (3:00pm) (Ismaciil)','','',0,5,'',266,39,'2020-02-08',0),(342,'Scientific, (4:00pm) (Alas)','','',0,10,'',267,15,'2020-02-08',0),(343,'Scientific, (4:00pm) (Alas)','','',0,10,'',268,15,'2020-02-08',0),(344,'Scientific, (4:00pm) (Alas)','','',0,10,'',269,15,'2020-02-08',0),(345,'Intermediate English, (3:00pm) (Ibrahim)','','',0,5,'',270,41,'2020-02-08',0),(346,'Intermediate English, (3:00pm) (Ibrahim)','','',0,5,'',271,41,'2020-02-08',0),(347,'Intermediate English, (2:00pm) (Ibrahim)','','',0,5,'',272,40,'2020-02-08',0),(348,'Scientific, (3:00 pm) (Alas)','','',0,10,'',272,14,'2020-02-08',0),(349,'Scientific, (4:00pm) (Husni)','','',0,10,'',273,22,'2020-02-08',0),(350,'Scientific, (4:00pm) (Husni)','','',0,10,'',274,22,'2020-02-08',0),(351,'Scientific, (4:00pm) (Husni)','','',0,10,'',275,22,'2020-02-08',0),(352,'Scientific, (4:00pm) (Husni)','','',0,10,'',276,22,'2020-02-08',0),(353,'Scientific, (4:00pm) (Husni)','','',0,10,'',277,22,'2020-02-08',0),(354,'Scientific, (3:00 pm) (Alas)','','',0,10,'',278,14,'2020-02-08',0),(355,'computer, (4:00pm) (omar)','','',3,10,'',278,30,'2020-02-08',0),(356,'Scientific, (4:00pm) (Husni)','','',0,10,'',279,22,'2020-02-08',0),(357,'Scientific, (8:30Am) (Husni)','','',0,10,'',280,18,'2020-02-08',0),(358,'computer, (4:00pm) (omar)','','',0,10,'',281,30,'2020-02-08',0),(359,'Beginner English, (3:00pm) (Ismaciil)','','',0,5,'',281,38,'2020-02-08',0),(360,'Beginner English, (3:00pm) (Ismaciil)','','',0,5,'',282,38,'2020-02-08',0),(361,'Primary Math, (4:00pm) (Ismaciil)','','',0,5,'',282,39,'2020-02-08',0),(362,'Scientific, (2:00Pm) (Husni)','','',0,10,'',283,20,'2020-02-08',0),(363,'Scientific, (4:00pm) (Husni)','','',0,10,'',284,22,'2020-02-08',0),(364,'Scientific, (4:00pm) (Husni)','','',0,10,'',285,22,'2020-02-08',0),(365,'Scientific, (4:00pm) (Husni)','','',0,10,'',286,22,'2020-02-08',0),(366,'Scientific, (4:00pm) (Husni)','','',0,10,'',287,22,'2020-02-08',0),(367,'Scientific, (8:30Am) (Husni)','','',0,10,'',288,18,'2020-02-09',0),(368,'Scientific, (8:30pm) (Geesi)','','',0,10,'',289,32,'2020-02-09',0),(369,'Normal English, (9:30pm) (Geesi)','','',0,5,'',290,33,'2020-02-09',0),(370,'computer, (1:00pm) (omar)','','',0,10,'',291,27,'2020-02-09',0),(371,'Scientific, (2:00Pm) (Husni)','','',0,10,'',292,20,'2020-02-09',0),(372,'somaali, (2:00pm) (Geesi)','','',0,3,'',293,47,'2020-02-09',0),(373,'Primary Math, (2:00pm) (Geesi)','','',0,5,'',293,34,'2020-02-09',0),(374,'Beginner English, (3:00pm) (Ismaciil)','','',0,5,'',294,38,'2020-02-09',0),(375,'Primary Math, (2:00pm) (Geesi)','','',0,5,'',294,34,'2020-02-09',0),(376,'Scientific, (2:00pm) (Alas)','','',0,10,'',295,13,'2020-02-09',0),(377,'Scientific, (2:00Pm) (Husni)','','',0,10,'',296,20,'2020-02-09',0),(378,'Scientific, (3:00Pm) (Husni)','','',0,10,'',297,21,'2020-02-09',0),(379,'Scientific, (4:00pm) (Geesi)','','',0,10,'',298,36,'2020-02-09',0),(380,'Scientific, (2:00Pm) (Husni)','','',0,10,'',299,20,'2020-02-09',0),(381,'Scientific, (2:00Pm) (Husni)','','',0,10,'',300,20,'2020-02-09',0),(382,'Beginner English, (3:00pm) (Ismaciil)','','',0,5,'',301,38,'2020-02-09',0),(383,'Beginner English, (3:00pm) (Ismaciil)','','',0,5,'',302,38,'2020-02-09',0),(384,'Primary Math, (4:00pm) (Ismaciil)','','',0,5,'',302,39,'2020-02-09',0),(385,'Scientific, (2:00pm) (Alas)','','',0,10,'',303,13,'2020-02-09',0),(386,'Normal English, (3:00pm) (Geesi)','','',0,5,'',303,35,'2020-02-09',0),(387,'Scientific, (4:00pm) (Husni)','','',0,10,'',304,22,'2020-02-09',0),(388,'Scientific, (3:00 pm) (Alas)','','',0,10,'',305,14,'2020-02-09',0),(389,'Scientific, (4:00pm) (Husni)','','',0,10,'',306,22,'2020-02-09',0),(390,'Scientific, (3:00 pm) (Alas)','','',0,10,'',307,14,'2020-02-09',0),(391,'Scientific, (8:30pm) (Geesi)','','',0,10,'',308,32,'2020-02-09',0),(392,'Scientific, (3:00Pm) (Husni)','','',0,10,'',309,21,'2020-02-09',0),(393,'computer, (4:00pm) (omar)','','',0,10,'',309,30,'2020-02-09',0),(394,'Primary Math, (2:00pm) (Ismaciil)','','',0,5,'',310,37,'2020-02-09',0),(395,'Beginner English, (3:00pm) (Ismaciil)','','',1,5,'',310,38,'2020-02-09',0),(396,'Scientific, (3:00Pm) (Husni)','','',0,10,'',311,21,'2020-02-09',0);
/*!40000 ALTER TABLE `student_subjects` ENABLE KEYS */;
UNLOCK TABLES;

--
-- Table structure for table `students`
--

DROP TABLE IF EXISTS `students`;
/*!40101 SET @saved_cs_client     = @@character_set_client */;
/*!40101 SET character_set_client = utf8 */;
CREATE TABLE `students` (
  `student_id` int(11) NOT NULL AUTO_INCREMENT,
  `name` varchar(100) NOT NULL,
  `mobile` varchar(100) NOT NULL,
  `date` date NOT NULL,
  `address` varchar(100) NOT NULL,
  `status` int(1) NOT NULL,
  `gender` varchar(100) NOT NULL,
  `description` varchar(100) NOT NULL,
  `delete_status` int(1) NOT NULL,
  PRIMARY KEY (`student_id`)
) ENGINE=InnoDB AUTO_INCREMENT=312 DEFAULT CHARSET=latin1;
/*!40101 SET character_set_client = @saved_cs_client */;

--
-- Dumping data for table `students`
--

LOCK TABLES `students` WRITE;
/*!40000 ALTER TABLE `students` DISABLE KEYS */;
INSERT INTO `students` VALUES (30,'Hussein Ahmed Abdi','0617508787','2020-02-01','',1,'male','',1),(31,'Abdirizak Mohamed Ahmed','0618162145','2020-02-01','',1,'male','',1),(32,'Ali Mohaed Abdi','0615521558','2020-02-01','',1,'male','',1),(33,'Ali Mohaed Abdi','099999999','2020-02-01','',1,'male','',1),(34,'kjhfkj;ashf','973987','2020-02-01','',1,'male','',1),(35,'student test','06111111111111','2020-02-01','',1,'male','',1),(36,'student name 33','888888888888888888','2020-02-01','',1,'male','',1),(37,'student test 100','0600000','2020-02-01','',1,'male','',1),(38,'test','11111111111111','2020-02-01','',1,'male','',1),(39,'abdiqadir Hassan Ali','0615521559','2020-02-02','',1,'male','',1),(40,'Ismail Mohamed','0615521558','2020-02-03','',1,'male','',1),(41,'Ali Mohaed Abdi','0615521558','2020-02-03','',1,'male','',1),(42,'Halima Ali Muse','0615538132','2020-02-03','',1,'male','',1),(43,'Abdisalan Mohamed Hassan','0615152315','2020-02-03','',1,'male','',1),(44,'Abdikarim Adan Abdullahi','0612334202','2020-02-03','',1,'male','',1),(45,'Deeqo Cali Maxamed','0615763765','2020-02-03','',1,'male','\'\'',0),(46,'Saabir Abdikariin Nuur','0617857115','2020-02-03','',1,'male','',1),(47,'Xuseen Cabdi Qaadir Holeey','0613492749','2020-02-03','',1,'male','\'\'',0),(48,'Xasan Xirsi Ducaale','0618041137','2020-02-03','',1,'male','\'\'',1),(49,'Falastiin Faarax yuusuf','0613520905','2020-02-03','',1,'male','\'\'',0),(50,'Maxamed Axmed Cabdi Qaadir','0617329260','2020-02-03','',1,'male','\'\'',0),(51,'Deeqo Xasan Gaarane','0618997788','2020-02-03','',1,'male','\'\'',0),(52,'Maxamed Raage Cali','0616446447','2020-02-03','',1,'male','\'\'',0),(53,'Hodan Xasan Yuusuf','0615943095','2020-02-03','',1,'male','\'\'',0),(54,'Sadaam Xuseen Cali','0619307795','2020-02-03','',1,'male','\'\'',0),(55,'hodan axmed cabdi','0616739090','2020-02-03','',1,'male','',1),(56,'Cabdi Raxman Cabdull Maxamed','0618347577','2020-02-03','',1,'male','\'\'',0),(57,'Saalax Cabdi Yuusuf','0612076391','2020-02-03','',1,'male','\'\'',0),(58,'Fadumo Cabdi Raxmaan Nuur','0619990312','2020-02-03','',1,'male','\'\'',0),(59,'Cali Nuur Cabdulllahi Muxumad','0619042584','2020-02-03','',1,'male','\'\'\'\'\'\'',0),(60,'juweeriyo mahad maxamed','0612452447','2020-02-03','',1,'male','',1),(61,'nasteexo c/raxmaan xasan','0619876208','2020-02-03','',1,'male','',1),(62,'saabir c/kariim nuur','0617857115','2020-02-03','',1,'male','',1),(63,'Cafiifo Cabdulllahi Axmed','0619818518','2020-02-03','',1,'male','\'\'',0),(64,'Cabdi Rashiid Axmed Cali','0617875455','2020-02-03','',1,'male','\'\'',0),(65,'xasan xirsi ducaale','0618041137','2020-02-03','',1,'male','',1),(66,'Farxiyo Isxaaq Cabdi Raxmaaan','0615547854','2020-02-03','',1,'male','\'\'',1),(67,'hodan axmed cabdi','0616739090','2020-02-03','',1,'male','',1),(68,'Cabdi Raxmaan Cabdulle Maxamud','0618347571','2020-02-03','',1,'male','\'\'',0),(69,'Ismaciil Cumar Maxamud','0617326905','2020-02-03','',1,'male','\'\'',0),(70,'hibo adan maxamud','0615321164','2020-02-03','',1,'male','',1),(71,'maryan abukar cali','0615321164','2020-02-03','',1,'male','',1),(72,'juweeriyo mahad maxamed','0612452447','2020-02-03','',1,'male','',1),(73,'Nasteexo c/raxmaan xasan','0619876208','2020-02-03','',1,'male','',1),(74,'Xuseen Cabdi Wahab Axmed','0614111600','2020-02-03','',1,'male','\'\'',0),(75,'Axmed Maxamed Ibrahim','0616264642','2020-02-03','',1,'male','\'\'',0),(76,'Fardowso Cabdi Risaaq Kaynan','0615858693','2020-02-03','',1,'male','\'\'',0),(77,'juweeriyo mahad maxamedd','0612452447','2020-02-03','',1,'male','',1),(78,'hibo adan maxamud','0615321164','2020-02-03','',1,'male','',1),(79,'maryan abukar cali','0615321164','2020-02-03','',1,'male','',1),(80,'Ayuub Maxamed Adan','0612404945','2020-02-03','',1,'male','\'\'',0),(81,'Liiban Cali Bashiir','0612404945','2020-02-03','',1,'male','\'\'',0),(82,'Muxyidiin Adan Bashiir','0612404945','2020-02-03','',1,'male','\'\'',0),(83,'Maxamed Cabdi Xasan','0616488480','2020-02-03','',1,'male','\'\'',0),(84,'Nimco Xasan Cadaawe','0613520905','2020-02-03','',1,'male','\'\'',0),(85,'Maxamud Adan Afyare','0617313172','2020-02-03','',1,'male','\'\'\'\'',0),(86,'maxamud adan afyare','0617313172','2020-02-03','',1,'male','',1),(87,'Sundus Samatar Cismaan','0613291955','2020-02-03','',1,'male','\'\'',0),(88,'Cabdullaahi cabdi samatar','0615983275','2020-02-03','',1,'male','\'\'',0),(89,'Cabdulqadir Xasan Nuur','0617976020','2020-02-03','',1,'male','\'\'',0),(90,'Cabdullahi Sulayman Maxamed','0619842967','2020-02-03','',1,'male','\'\'\'\'',0),(91,'Xasan Cabdi Raxmaan maxamed','0612130261','2020-02-03','',1,'male','\'\'',0),(92,'Idiris Cabdullahi Cali','0616521816','2020-02-03','',1,'male','\'\'\'\'',0),(93,'Fahmo Abukar Cumar','0616688787','2020-02-03','',1,'male','\'\'',0),(94,'Farxiyo Dahir Xuseen','0619612873','2020-02-03','',1,'male','\'\'',1),(95,'farxiyo dahir xuseen','0619612873','2020-02-03','',1,'male','',1),(96,'Zakiya Maxamed Cumar','0617121956','2020-02-03','',1,'male','\'\'',0),(97,'c/qaadir xasan nuur','0617976020','2020-02-03','',1,'male','',1),(98,'Ayaan Adan Cabdi','0612870739','2020-02-03','',1,'male','\'\'',0),(99,'Cabdullahi Cabdi wali Maxamed','0612869719','2020-02-03','',1,'male','\'\'',0),(100,'Ayaan Abukar Maxamed','0615197694','2020-02-03','',1,'male','\'\'',0),(101,'Shukri Adan Colaad','0615197694','2020-02-03','',1,'male','\'\'',0),(102,'Zakariye Maxamed Jimcaale','0619138551','2020-02-03','',1,'male','\'\'',0),(103,'Xanan Cismaan Cabdi','0619970798','2020-02-03','',1,'male','\'\'',0),(104,'Fowziyo Maxamud Cali','0615024544','2020-02-03','',1,'male','\'\'',0),(105,'Maxamed Saciid Cali','0619510021','2020-02-03','',1,'male','\'\'',0),(106,'Saciid Cali Maxamed','0617752116','2020-02-03','',1,'male','\'\'',0),(107,'Faysal Cabdi Qaadir Muuse','0619254951','2020-02-03','',1,'male','\'\'',0),(108,'Ibraahim Cabdi Xasan','0617040119','2020-02-03','',1,'male','\'\'',0),(109,'Sihaam Cabdi Risaaq cali','0617538972','2020-02-03','',1,'male','\'\'',0),(110,'Kayse Yasiin Ciise','0616215285','2020-02-03','',1,'male','\'\'',0),(111,'Cabdi Raxman Xasan Xuseen','0612673304','2020-02-03','',1,'male','\'\'',0),(112,'Muno Xuseen Cismaan','0612132970','2020-02-03','',1,'male','\'\'',0),(113,'Jamaal Cbdi Casiis Shire','061994911','2020-02-04','',1,'male','\'\'',0),(114,'Nuradiin Maxamed Adan','0615173066','2020-02-04','',1,'male','\'\'',0),(115,'Sahro Ibraahim Maxamed','0615173066','2020-02-04','',1,'male','\'\'',0),(116,'samiiro c/raxmaan xasan','0619876708','2020-02-04','',1,'male','',1),(117,'Xaniifo Cabdi Cabdi Raxmaan','0613912239','2020-02-04','',1,'male','\'\'',0),(118,'Hanad Cawil Cilmi','0612888941','2020-02-04','',1,'male','\'\'',0),(119,'Axmed Yuusuf Xuseen','0618046007','2020-02-04','',1,'male','\'\'',0),(120,'caasho yuusuf xuseen','0618046007','2020-02-04','',1,'male','',0),(121,'Saadaq Saciid Xaaji','0615806449','2020-02-04','',1,'male','\'\'',0),(122,'Maxamed Xasan Adan','0615648881','2020-02-04','',1,'male','\'\'',0),(123,'Cabdi Salaam Maxamed Xasan','0615152315','2020-02-04','',1,'male','\'\'',1),(124,'Aniso Axmed Faarax','0616751253','2020-02-04','',1,'male','\'\'',0),(125,'Anas Axmed Faarax','0616751253','2020-02-04','',1,'male','\'\'',0),(126,'Hanad Xuseen Diini','0616692645','2020-02-04','',1,'male','\'\'',0),(127,'Xamdi Maxamed Muuse','0615202043','2020-02-04','',1,'male','\'\'',0),(128,'Maxamed Cabdi Raxmaan Geedi','0615501098','2020-02-04','',1,'male','\'\'',0),(129,'xaliimo cali muuse','0615538132','2020-02-04','',1,'male','',1),(130,'Maxaned Cartan Xasan','0617686933','2020-02-04','',1,'male','\'\'',0),(131,'xaliimo cali muuse','0615538132','2020-02-04','',1,'male','',1),(132,'Maryan Cabdi Xaashi','0617547549','2020-02-04','',1,'male','\'\'',0),(133,'Maxamed Nuur Muqtaar','061554542','2020-02-04','',1,'male','',0),(134,'Cabaas Nuur Muqtaar','0615554542','2020-02-04','',1,'male','',0),(135,'Dayax Axmed Muqtaar','0615554542','2020-02-04','',1,'male','',0),(136,'Caseyr Axmed Muqtaar','0615554542','2020-02-04','',1,'male','',0),(137,'Cabdi Risaaq Nuur Muqtaar','0615554542','2020-02-04','',1,'male','',0),(138,'Farxiyo Dahir Xuseen','0612334202','2020-02-04','',1,'male','',0),(139,'Hibo Adan Maxamed','0615321164','2020-02-04','',1,'male','',0),(140,'Cadnan Ciise Maxamed','0613645478','2020-02-04','',1,'male','',0),(141,'Hodan Axmed Cabdi','061673','2020-02-04','',1,'male','',0),(142,'Cilmi Geedi Cabdi','0615304468','2020-02-04','',1,'male','',0),(143,'Farxiyo Isxaq Cabdi Raxman','0615547854','2020-02-04','',1,'male','\'\'',1),(144,'Raxmo Cumar Xirsi','0612959188','2020-02-04','',1,'male','',0),(145,'Maxamed Salaad Ibrahim','0619931316','2020-02-04','',1,'male','',0),(146,'Salmo Maxmud Axmed','0619593717','2020-02-04','',1,'male','',1),(147,'Asiyo Maxamud Axmed','0619593717','2020-02-04','',1,'male','',1),(148,'Asma Maxmud Axmed','0619593717','2020-02-04','',1,'male','',1),(149,'Salmo Maxmud Axmed','0619593717','2020-02-04','',1,'male','',0),(150,'Asiyo Maxmud Axmed','0619593717','2020-02-04','',1,'male','',0),(151,'Asma Maxmud Axmed','0619593717','2020-02-04','',1,'male','',0),(152,'Farxiyo Isxaq Cabdi Raxman','0616739090','2020-02-04','',1,'male','',0),(153,'Ismaciil Farax Shigow','0617333804','2020-02-04','',1,'male','',0),(154,'Juweriya Mahad Maxamed','0612452447','2020-02-04','',1,'male','',0),(155,'Cabdullahi Abukar Xuseen','0617378437','2020-02-04','',1,'male','',0),(156,'Canab Cabdi Raxmaan Maxamed','0613272886','2020-02-04','',1,'male','',0),(157,'Aniso Xasan Maxamed','0614166467','2020-02-04','',1,'male','',0),(158,'Cabdi Raxmaan Axmed Maxamud','0617660183','2020-02-04','',1,'male','',0),(159,'Muqtar Shucayb Axmed','0618235198','2020-02-04','',1,'male','',0),(160,'Caaliya Cabdullahi Cali','0615665053','2020-02-04','',1,'male','',0),(161,'Maryan Abukar Cali','0615321164','2020-02-04','',1,'male','',0),(162,'Caisha Cismaan Cali','0613078643','2020-02-04','',1,'male','',0),(163,'Qadro Cabdullahi Maxamed','0612924011','2020-02-04','',1,'male','',0),(164,'Nasteexo Cabdi Raxmaan Xasan','0619876208','2020-02-04','',1,'male','',0),(165,'Saabir Cabdi Kariim Nuur','0614166467','2020-02-04','',1,'male','',0),(166,'Xaliimo Cali Muuse','0615538132','2020-02-04','',1,'male','',0),(167,'Riyaq Dahir Shekhdoon','0618699452','2020-02-04','',1,'male','',0),(168,'Cabdullahi Cabdi Raxmaan Canshuur','0618404659','2020-02-04','',1,'male','',0),(169,'Farxiyo Cabdi Qaadir Cismaan','0619234833','2020-02-04','',1,'male','',0),(170,'Dheeh Axmed Maxamed','0615342690','2020-02-04','',1,'male','',0),(171,'Amal Adan Xuseen','0615489441','2020-02-04','',1,'male','\'\'',0),(172,'Maxamed Nuur Dahir','0617803712','2020-02-05','',1,'male','',0),(173,'Caamir Cabdi Kaafi Xasan','0615697548','2020-02-05','',1,'male','',0),(174,'Cabdi Rashiid Cabdi Raxmaan Maxamed','0617783226','2020-02-05','',1,'male','',0),(175,'Nimco Siyaad Deerow','0616599977','2020-02-05','',1,'male','',0),(176,'Cabdi Sahal Maxamed Yusuf','0617835098','2020-02-05','',1,'male','',0),(177,'Xafso Cabdi Rashiid Cali','0613225445','2020-02-05','',1,'male','',0),(178,'Maryan Cabdi Rashiid Cali','0613225445','2020-02-05','',1,'male','',0),(179,'Yusuf Dhaqane Axmed','0618224772','2020-02-05','',1,'male','',0),(180,'Samiiro Cabdi Raxmaan Xasan','0619876208','2020-02-05','',1,'male','',1),(181,'Sadri Cumar Weheliye','0619160340','2020-02-05','',1,'male','',0),(182,'Suways Cumar Waheliye','0619160340','2020-02-05','',1,'male','',0),(183,'Xuseen Maxamed Cismaan','0617048373','2020-02-05','',1,'male','',0),(184,'Maxamed Cabdi Raxmaan Ciise','0612334202','2020-02-05','',1,'male','',0),(185,'Hanad Xuseen Diini','0616692645','2020-02-05','',1,'male','',0),(186,'Cabdi Kariim Adan Cabdullahi','0612334202','2020-02-05','',1,'male','',0),(187,'Cabdi Shakuur Ciise Ismaciil','0617193500','2020-02-05','',1,'male','',0),(188,'Cabdi salaam Maxamed Xasan','0615152315','2020-02-05','',1,'male','',0),(189,'Cabdi Raxamaan Maxamud Cabdi Raxamaan','0612925299','2020-02-05','',1,'male','',0),(190,'Haboon Farax Cabdi','0616751253','2020-02-05','',1,'male','',0),(191,'Zubayr Maxamed Dahir','0619520958','2020-02-05','',1,'male','',0),(192,'Cabdi Nasir Maxamed Ali','0618628109','2020-02-05','',1,'male','',0),(193,'Saadaq Saciid Xaaji','0615806449','2020-02-05','',1,'male','',0),(194,'Maxamed Xasan Adan','0615648881','2020-02-05','',1,'male','',0),(195,'Samiiro Cabdi Raxmaan Xasan','0619876208','2020-02-05','',1,'male','',0),(196,'Cabdi Ladhiif Cabdullahi Maxamed','0618379917','2020-02-05','',1,'male','',0),(197,'Xanan Bile Nuur','0613298098','2020-02-05','',1,'male','',0),(198,'Bahjo Bile Nuur','0613298098','2020-02-05','',1,'male','',0),(199,'Cabdi Rashiid Bile Nuur','0613298098','2020-02-05','',1,'male','',0),(200,'Xasan Xirsi Ducaale','0618041137','2020-02-05','',1,'male','',0),(201,'Cabdi Fitax Xirsi Cali','0615536784','2020-02-05','',1,'male','',0),(202,'Fardowso Cali Xuseen','0612334798','2020-02-05','',1,'male','',0),(203,'Ismaciil Bashiir Cabdi Qadir','0616965990','2020-02-05','',1,'male','',0),(204,'Maxamed Mahad Tahliil','0617873220','2020-02-05','',1,'male','',0),(205,'Faysal Mahad Tahliil','0617873220','2020-02-05','',1,'male','',0),(206,'Fadumo Mahad Tahliil','0617873220','2020-02-05','',1,'male','',0),(207,'Cabdi Riaaq Cabdulle Sheekhnur','0613280267','2020-02-05','',1,'male','',0),(208,'Maxamed Cabdi Cilmi','0613496044','2020-02-05','',1,'male','\'\'',0),(209,'Cabdi Raxmaan Cabdi Qadir Farax','0616093886','2020-02-05','',1,'male','',0),(210,'Cimraan Maxamed Cali','0616780619','2020-02-05','',1,'male','',0),(211,'Shamso Cumar Cabdullahi','0617243255','2020-02-05','',1,'male','',0),(212,'Amiiro Ibraahim Cali','0613881474','2020-02-05','',1,'male','',0),(213,'Maryama Cabdi Qadir Xuseen','0613652243','2020-02-05','',1,'male','',0),(214,'Maryan Cismaan Maxamed','0617505864','2020-02-05','',1,'male','',0),(215,'Xamdi Bashiir Xirsi','0613496061','2020-02-05','',1,'male','',0),(216,'Sahro Maxamud Khaliif','0617535367','2020-02-05','',1,'male','',0),(217,'Xamdi Cabdi Jimcaale','0619522006','2020-02-05','',1,'male','',0),(218,'Shariif Cabdi Qadir Macruuf','0617701180','2020-02-05','',1,'male','',0),(219,'Fadumo Muuse Amiin','0617701180','2020-02-05','',1,'male','',0),(220,'Fadumo Aways Mumin','0617701180','2020-02-05','',1,'male','',0),(221,'Saciido Caydaruus Macruuf','0617701180','2020-02-05','',1,'male','',0),(222,'Abukar Cabdi nasir Abukar','0619896200','2020-02-05','',1,'male','',0),(223,'Saamix maxamed Faarax','0612940466','2020-02-05','',1,'male','',0),(224,'C/qaadir Maxamed Faarax','0612940466','2020-02-05','',1,'male','',0),(225,'Hussein Ali mohamed','0615521557','2020-02-06','',1,'male','',0),(226,'Asad Cabdi Nuur Cabdulle','0618387226','2020-02-08','',1,'male','',0),(227,'Umu Ayman Cali Xasan','0615824728','2020-02-08','',1,'male','',0),(228,'Cabdi Salaam Jamaal Cabdi','0612925989','2020-02-08','',1,'male','',0),(229,'yahye','999999999999999','2020-02-08','',0,'male','',1),(230,'yahye test','99999999','2020-02-08','',1,'male','',1),(231,'Maxamud Nuur Cawale','0617313102','2020-02-08','',1,'male','',0),(232,'Yasmiin Maxamed Faarax','0617126989','2020-02-08','',1,'male','',0),(233,'Faiza Cabdullahi Maxamud','0612677050','2020-02-08','',1,'male','',0),(234,'Saabiriin Maxamed Cali','0612677050','2020-02-08','',1,'male','',0),(235,'Saciido Mahad Cismaan','0617853579','2020-02-08','',1,'male','',0),(236,'Xafso Yusuf Maxamed','0619893251','2020-02-08','',1,'male','',0),(237,'Xamdi Yusuf Maxamed','0619893251','2020-02-08','',1,'male','',0),(238,'Casho Yusuf Maxamed','0619893251','2020-02-08','',1,'male','',0),(239,'Cabdi Risaaq Cali Maxamud','0619893251','2020-02-08','',1,'male','',0),(240,'Cabdi Raxmaan Cabdullahi Geelle','0616507485','2020-02-08','',1,'male','',0),(241,'Cabi Najiib Xasan Diiriye','0616647569','2020-02-08','',1,'male','',0),(242,'Casho Dawud Cismaan','0615544567','2020-02-08','',1,'male','',0),(243,'Liibaan Axmed Maxamed','0617122554','2020-02-08','',1,'male','',0),(244,'Cabdi Qaadir Shariif Adan','0627174631','2020-02-08','',1,'male','',0),(245,'Cabdi Rashiid Maxamud Shuuriye','0615895259','2020-02-08','',1,'male','',0),(246,'Xuseen Xasan Macalin','0617705118','2020-02-08','',1,'male','',0),(247,'Shafici Cabdi Xashi','0617948414','2020-02-08','',1,'male','',0),(248,'Iqra Maxamed Yusuf','0617722918','2020-02-08','',1,'male','',0),(249,'Xamdi Cabdi Casiis Axmed','0616549058','2020-02-08','',1,'male','',0),(250,'Cabdi Qaadir Xasan Cabdi Rashiid','0617659463','2020-02-08','',1,'male','',0),(251,'Najmo Cabdi Kaafi Xasan','0612541957','2020-02-08','',1,'male','',0),(252,'Hani Cumar Axmed','0613797545','2020-02-08','',1,'male','',0),(253,'Cabdi Risaaq Maxamed Xasan','0617877246','2020-02-08','',1,'male','',0),(254,'Faiza Mire Adan','0617737212','2020-02-08','',1,'male','',0),(255,'Shafici Cabdulle Salaad','0618189806','2020-02-08','',1,'male','',0),(256,'Miftax Cabdi Jabar Caynab','0615357132','2020-02-08','',1,'male','',0),(257,'Maxamed Cabdi Dawud','0612925062','2020-02-08','',1,'male','',0),(258,'Cumar Cacdullahi Sheekh Cabdi','0613595503','2020-02-08','',1,'male','',0),(259,'Cabdi Raxiin Cabdullahi Siyaad','0614390002','2020-02-08','',1,'male','',0),(260,'Bashiir Badal Maxamed','0619065190','2020-02-08','',1,'male','',0),(261,'Cabdi Raxiin Adan Yare','0619036304','2020-02-08','',1,'male','',0),(262,'Suhayla Maxamed Malaaq','0615321164','2020-02-08','',1,'male','',0),(263,'Axmed Maxamed Cumar','0616312297','2020-02-08','',1,'male','',0),(264,'Cabdullahi Cabdi Risaaq Xirsi','0613150316','2020-02-08','',1,'male','',0),(265,'Warsame Bule Cali','0613239593','2020-02-08','',1,'male','',0),(266,'Dahiro Xasan Cabdi ','0615960441','2020-02-08','',1,'male','',0),(267,'Cabdi Raxmaan Sadaq Bashiir','0612659211','2020-02-08','',1,'male','',0),(268,'Ibraahim Cabdi Raxmaan Yusuf ','0615187241','2020-02-08','',1,'male','',0),(269,'Shukri Maxamed Yasiin','0613978728','2020-02-08','',1,'male','',0),(270,'Jamiila Cabdi Raxmaan Maxamud','0616402271','2020-02-08','',1,'male','',0),(271,'Raqiya Cabdi Raxmaan Maxamud','0616402271','2020-02-08','',1,'male','',0),(272,'Fartun Cabdi Maxamed','0617479892','2020-02-08','',1,'male','',0),(273,'Maryan Cabdi Raxmaan Maxamud','0617538972','2020-02-08','',1,'male','',0),(274,'Nuuro Dawud Ibraahim','0617954312','2020-02-08','',1,'male','',0),(275,'Adan Xasan Cumar','0617864113','2020-02-08','',1,'male','',0),(276,'Muna Saciid Maxamud','0612412901','2020-02-08','',1,'male','',0),(277,'Zakariye Yusuf Adan ','0618017442','2020-02-08','',1,'male','',0),(278,'Sowdo Maxamed Muuse','0618039346','2020-02-08','',1,'male','',0),(279,'Yusuf Maxamed Cali','0618446490','2020-02-08','',1,'male','',0),(280,'Farxiya Shucayb Muuse','0615116636','2020-02-08','',1,'male','',0),(281,'Ruwaydo Jaamac Saciid','0612929586','2020-02-08','',1,'male','\'\'',0),(282,'Sahro Xasan Cali','0616274518','2020-02-08','',1,'male','',0),(283,'Qaali Nuur Cali','0615850529','2020-02-08','',1,'male','',0),(284,'Mushtaq Cabdi Casiis Caabi','0613294249','2020-02-08','',1,'male','',0),(285,'Fadumo Xuseen Cismaan','0613294259','2020-02-08','',1,'male','',0),(286,'Axmed Cabdalla Maxamed','0612704149','2020-02-08','',1,'male','',0),(287,'Nasteexo Yusuf Xuseen','0613055205','2020-02-08','',1,'male','',0),(288,'Saacid Yusuf Xuseen','0618528250','2020-02-09','',1,'male','',0),(289,'Cabdi Naasir Bare Cabdi ','0613312349','2020-02-09','',1,'male','',0),(290,'Raaliyo Sulaymaan Maxamed','0613908107','2020-02-09','',1,'male','',0),(291,'Sucaado Axmed Xasan','0615783123','2020-02-09','',1,'male','',0),(292,'Cabdi Wali Maxamed Abukar','0615020879','2020-02-09','',1,'male','',0),(293,'Isaq Adan Cadow','0612888606','2020-02-09','',1,'male','',0),(294,'Mowlaana Cismaan Xasan','0618739464','2020-02-09','',1,'male','',0),(295,'Cabdullahi Ibrahim Mustaf','0618443310','2020-02-09','',1,'male','',0),(296,'Dalmar Maxamed Cabdulle','0612892182','2020-02-09','',1,'male','',0),(297,'Nasteexo Axmed Cumar','0616719671','2020-02-09','',1,'male','',0),(298,'Maxamed Xuseen Xasan','0612334202','2020-02-09','',1,'male','',0),(299,'Khadiijo Maxamud Cabdi ','0615197694','2020-02-09','',1,'male','',0),(300,'Khadiijo Maxamud Cabdi','0615197694','2020-02-09','',1,'male','',1),(301,'Khadiijo Axmed Maxamed','0619597925','2020-02-09','',1,'male','',0),(302,'Cayni Maxamed Jimcaale ','0615571845','2020-02-09','',1,'male','',0),(303,'Adan Cabdullahi Adan ','0612346958','2020-02-09','',1,'male','',0),(304,'Rayaan Xuseen Cumar','0613056887','2020-02-09','',1,'male','',0),(305,'Casho Cabdi Casayr','0617877181','2020-02-09','',1,'male','',0),(306,'Casayr Cabdi Casayr','0617877181','2020-02-09','',1,'male','',0),(307,'Zakariye Xasan Maxamed','0613282232','2020-02-09','',1,'male','',0),(308,'Maxamed Jeele Maxamed','0617236107','2020-02-09','',1,'male','',0),(309,'Cabdi Fatax Saciid Cabdi Raxmaan','0617863165','2020-02-09','',1,'male','',0),(310,'Cabdi Risaaq Cabdullahi Xirsi','0618539403','2020-02-09','',1,'male','',0),(311,'Mascuud Xasan Axmed','0615952377','2020-02-09','',1,'male','',0);
/*!40000 ALTER TABLE `students` ENABLE KEYS */;
UNLOCK TABLES;

--
-- Table structure for table `subjects`
--

DROP TABLE IF EXISTS `subjects`;
/*!40101 SET @saved_cs_client     = @@character_set_client */;
/*!40101 SET character_set_client = utf8 */;
CREATE TABLE `subjects` (
  `id` int(11) NOT NULL AUTO_INCREMENT,
  `subject` varchar(100) NOT NULL,
  `teacher` varchar(100) NOT NULL,
  `time` varchar(100) NOT NULL,
  `cost` double NOT NULL,
  `description` varchar(100) NOT NULL,
  `delete_status` int(1) NOT NULL,
  PRIMARY KEY (`id`)
) ENGINE=InnoDB AUTO_INCREMENT=48 DEFAULT CHARSET=latin1;
/*!40101 SET character_set_client = @saved_cs_client */;

--
-- Dumping data for table `subjects`
--

LOCK TABLES `subjects` WRITE;
/*!40000 ALTER TABLE `subjects` DISABLE KEYS */;
INSERT INTO `subjects` VALUES (13,'Scientific','Alas','2:00pm',10,'',0),(14,'Scientific','Alas','3:00 pm',10,'',0),(15,'Scientific','Alas','4:00pm',10,'',0),(16,'Scientific','Alas','10:30Am',10,'',0),(17,'Intermediate English','Alas','8:30Am',5,'',0),(18,'Scientific','Husni','8:30Am',10,'',0),(19,'Scientific','Husni','9:30Am',10,'',0),(20,'Scientific','Husni','2:00Pm',10,'',0),(21,'Scientific','Husni','3:00Pm',10,'',0),(22,'Scientific','Husni','4:00pm',10,'',0),(23,'computer','omar','8:00Am',10,'',1),(24,'computer','omar','8:30Am',10,'',0),(25,'computer','omar','9:30Am',10,'',0),(26,'computer','omar','10:30Am',10,'',0),(27,'computer','omar','1:00pm',10,'',0),(28,'computer','omar','2:00pm',10,'',0),(29,'computer','omar','3:00pm',10,'',0),(30,'computer','omar','4:00pm',10,'',0),(31,'computer','omar','5:00pm',10,'',0),(32,'Scientific','Geesi','8:30pm',10,'',0),(33,'Normal English','Geesi','9:30pm',5,'',0),(34,'Primary Math','Geesi','2:00pm',5,'',0),(35,'Normal English','Geesi','3:00pm',5,'',0),(36,'Scientific','Geesi','4:00pm',10,'',0),(37,'Primary Math','Ismaciil','2:00pm',5,'',0),(38,'Beginner English','Ismaciil','3:00pm',5,'',0),(39,'Primary Math','Ismaciil','4:00pm',5,'',0),(40,'Intermediate English','Ibrahim','2:00pm',5,'',0),(41,'Intermediate English','Ibrahim','3:00pm',5,'',0),(42,'Intermediate English','Ibrahim','4:00pm',5,'',0),(43,'Primary Math','Taakow','8:30Am',5,'',0),(44,'Beginner English','Taakow','9:30Am',5,'',0),(45,'Scientific','Alas','09:30Am',10,'',0),(46,'somaali','Ismaciil','4:00pm',3,'',0),(47,'somaali','Geesi','2:00pm',3,'',0);
/*!40000 ALTER TABLE `subjects` ENABLE KEYS */;
UNLOCK TABLES;

--
-- Table structure for table `users`
--

DROP TABLE IF EXISTS `users`;
/*!40101 SET @saved_cs_client     = @@character_set_client */;
/*!40101 SET character_set_client = utf8 */;
CREATE TABLE `users` (
  `id` int(11) NOT NULL AUTO_INCREMENT,
  `full_name` varchar(100) NOT NULL,
  `username` varchar(100) NOT NULL,
  `password` varchar(100) NOT NULL,
  `type` varchar(100) NOT NULL,
  `status` int(1) NOT NULL,
  `delete_status` int(1) NOT NULL,
  PRIMARY KEY (`id`)
) ENGINE=InnoDB AUTO_INCREMENT=7 DEFAULT CHARSET=latin1;
/*!40101 SET character_set_client = @saved_cs_client */;

--
-- Dumping data for table `users`
--

LOCK TABLES `users` WRITE;
/*!40000 ALTER TABLE `users` DISABLE KEYS */;
INSERT INTO `users` VALUES (4,'Smart headquarter','smart','0e350d1ef9fe0646e96197bf071498de1546/>][7987^^&)51','admin',1,0),(5,'muse','muse','50de6614e7baf61a941aae8e0a868d371546/>][7987^^&)51','staff',1,1),(6,'Mohamed Ali','Just','055f435d52470928ff4bcf325e1c10bb1546/>][7987^^&)51','staff',1,0);
/*!40000 ALTER TABLE `users` ENABLE KEYS */;
UNLOCK TABLES;
/*!40103 SET TIME_ZONE=@OLD_TIME_ZONE */;

/*!40101 SET SQL_MODE=@OLD_SQL_MODE */;
/*!40014 SET FOREIGN_KEY_CHECKS=@OLD_FOREIGN_KEY_CHECKS */;
/*!40014 SET UNIQUE_CHECKS=@OLD_UNIQUE_CHECKS */;
/*!40101 SET CHARACTER_SET_CLIENT=@OLD_CHARACTER_SET_CLIENT */;
/*!40101 SET CHARACTER_SET_RESULTS=@OLD_CHARACTER_SET_RESULTS */;
/*!40101 SET COLLATION_CONNECTION=@OLD_COLLATION_CONNECTION */;
/*!40111 SET SQL_NOTES=@OLD_SQL_NOTES */;

-- Dump completed on 2020-02-09 16:13:14
