

CREATE TABLE `customers` (
  `customer_id` int(11) NOT NULL AUTO_INCREMENT,
  `total_cash_in` double NOT NULL,
  `total_cash_out` double NOT NULL,
  `current_ksh_balance` double NOT NULL,
  `total_dollar_in` double NOT NULL,
  `total_dollar_out` double NOT NULL,
  `current_dollar_balance` double NOT NULL,
  `customer_name` varchar(100) NOT NULL,
  `mobile` varchar(100) NOT NULL,
  `delete_status` double NOT NULL,
  PRIMARY KEY (`customer_id`)
) ENGINE=InnoDB AUTO_INCREMENT=19 DEFAULT CHARSET=latin1;


INSERT INTO customers VALUES
("1","111111","0","111111","11","0","11","mohamed","","0"),
("2","111111","0","111111","11","0","11","xalima","","0"),
("3","2222","0","2222","0","0","0","yasiin","","1"),
("4","111111","0","111111","11","0","11","","","0"),
("5","111111","0","111111","11","0","11","","","0"),
("6","111111","0","111111","11","0","11","","","0"),
("7","111111","0","111111","11","0","11","ts","","0"),
("8","123111","3200","119911","1011","2500","-1489","qqqq","4444444","1"),
("9","100100","5","100095","18000","500","17500","name 12","7777777777777","0"),
("10","0","0","0","0","0","0","qqqq, 111,111.00 ksh and $11.00  4444444","","0"),
("11","0","0","0","100000","0","100000","name 100","55555555","0"),
("12","0","0","0","0","2000","-2000","yahye abdi","555555555555","1"),
("13","1100","20000","-18900","0","0","0","kaka","555015143","0"),
("14","21000","2000","19000","33000","4000","29000","name 19","8888888888888","0"),
("15","0","0","0","0","500","-500","name 100","55555555","0"),
("16","200","0","200","0","0","0","name 100","55555555","0"),
("17","0","0","0","100","0","100","name 1000","0000","0"),
("18","122","0","122","999","0","999","kaka","555015143","0");




CREATE TABLE `open_cash` (
  `id` int(11) NOT NULL AUTO_INCREMENT,
  `amount_ksh` double NOT NULL,
  `amount_dollar` double NOT NULL,
  `ksh_rate` double NOT NULL,
  `dollar_rate` double NOT NULL,
  `delete_status` int(11) NOT NULL,
  `date` date NOT NULL,
  PRIMARY KEY (`id`),
  UNIQUE KEY `date` (`date`)
) ENGINE=InnoDB AUTO_INCREMENT=3 DEFAULT CHARSET=latin1;


INSERT INTO open_cash VALUES
("1","3200","2800","0","0","0","2019-04-25"),
("2","2000","1000","0","0","0","2019-05-03");




CREATE TABLE `settings` (
  `id` int(11) NOT NULL AUTO_INCREMENT,
  `company_name` varchar(100) NOT NULL,
  `username` varchar(100) NOT NULL,
  `password` varchar(100) NOT NULL,
  `pw_last_changed` date NOT NULL,
  `address` text NOT NULL,
  `mobile` varchar(100) NOT NULL,
  `email` varchar(100) NOT NULL,
  `company_reg_session_id` varchar(200) NOT NULL,
  `current_lang` varchar(30) NOT NULL,
  PRIMARY KEY (`id`)
) ENGINE=InnoDB DEFAULT CHARSET=latin1;


INSERT INTO settings VALUES
("0","kazimonin","test","50de6614e7baf61a941aae8e0a868d371546/>][7987^^&)51","2019-04-19","","05555555","test@email.com","","en");




CREATE TABLE `transactions` (
  `id` int(11) NOT NULL AUTO_INCREMENT,
  `customer_id` int(11) NOT NULL,
  `cash_in` double NOT NULL,
  `cash_out` double NOT NULL,
  `cash_balance` double NOT NULL,
  `dollar_in` double NOT NULL,
  `dollar_out` double NOT NULL,
  `dollar_balance` double NOT NULL,
  `date` date NOT NULL,
  `description` varchar(100) NOT NULL,
  `delete_status` int(11) NOT NULL,
  PRIMARY KEY (`id`)
) ENGINE=InnoDB AUTO_INCREMENT=42 DEFAULT CHARSET=latin1;


INSERT INTO transactions VALUES
("1","1","0","0","0","0","0","0","2019-04-22","","0"),
("2","2","0","0","0","0","0","0","2019-04-22","","0"),
("3","3","0","0","0","0","0","0","2019-04-22","","1"),
("4","4","0","0","0","0","0","0","2019-04-22","","0"),
("5","5","0","0","0","0","0","0","2019-04-22","","1"),
("6","3","0","0","0","0","0","0","2019-04-22","","1"),
("7","6","0","0","0","0","0","0","2019-04-22","","1"),
("8","2","0","0","0","0","0","0","2019-04-22","","0"),
("9","3","0","0","0","0","0","0","2019-04-22","","1"),
("10","3","0","0","0","0","0","0","2019-04-25","","1"),
("11","7","0","0","0","0","0","0","2019-04-25","","0"),
("12","7","0","0","0","0","0","0","2019-04-25","","0"),
("13","8","111111","0","111111","11","0","0","2019-05-02","","1"),
("14","9","10000","0","10000","2000","0","0","2019-05-02","","0"),
("15","9","10000","0","10000","2000","0","0","2019-05-02","","0"),
("16","9","10000","0","10000","2000","0","0","2019-05-02","","0"),
("17","9","10000","0","10000","2000","0","0","2019-05-02","","0"),
("18","9","10000","0","10000","2000","0","0","2019-05-02","","0"),
("19","9","10000","0","10000","2000","0","0","2019-05-02","","0"),
("20","9","10000","0","70000","2000","0","0","2019-05-02","","0"),
("21","9","10000","0","80000","2000","0","16000","2019-05-02","","0"),
("22","9","10000","5","89995","2000","500","17500","2019-05-02","","0"),
("23","10","0","0","0","0","0","0","2019-05-02","","0"),
("24","8","1000","200","111911","0","2000","-1989","2019-05-03","","1"),
("25","11","0","0","0","100000","0","100000","2019-05-03","","0"),
("26","8","2000","3000","110911","1000","500","-1489","2019-05-03","","1"),
("27","8","3000","0","113911","0","0","-1489","2019-05-03","xxxxxxxxxxxxxxxxx","1"),
("28","8","3000","0","116911","0","0","-1489","2019-05-03","xxxxxxxxxxxxxxxxx","1"),
("29","8","3000","0","119911","0","0","-1489","2019-05-03","xxxxxxxxxxxxxxxxx","1"),
("30","12","0","0","0","0","2000","-2000","2019-05-03","","1"),
("31","13","0","20000","-20000","0","0","0","2019-05-03","","0"),
("32","14","1000","2000","-1000","3000","4000","-1000","2019-05-03","ffffffffff","0"),
("33","14","20000","0","19000","30000","0","29000","2019-05-04","","0"),
("34","13","1100","0","-18900","0","0","0","2019-05-03","","0"),
("35","9","10000","0","99995","0","0","17500","2019-05-03","00000000000","0"),
("36","15","0","0","0","0","500","-500","2019-05-08","","0"),
("37","16","200","0","200","0","0","0","2019-05-08","","0"),
("38","9","100","0","100095","0","0","17500","2019-05-08","","0"),
("39","17","0","0","0","100","0","100","2019-05-08","ddddd","0"),
("40","3","2222","0","113333","0","0","11","2019-05-08","sssssssssssssss","1"),
("41","18","122","0","122","999","0","999","2019-08-08","","0");


