-- phpMyAdmin SQL Dump
-- version 4.6.6deb5
-- https://www.phpmyadmin.net/
--
-- Host: localhost:3306
-- Generation Time: Feb 01, 2020 at 08:32 PM
-- Server version: 5.7.29-0ubuntu0.18.04.1
-- PHP Version: 5.6.40-13+ubuntu18.04.1+deb.sury.org+1

SET SQL_MODE = "NO_AUTO_VALUE_ON_ZERO";
SET time_zone = "+00:00";


/*!40101 SET @OLD_CHARACTER_SET_CLIENT=@@CHARACTER_SET_CLIENT */;
/*!40101 SET @OLD_CHARACTER_SET_RESULTS=@@CHARACTER_SET_RESULTS */;
/*!40101 SET @OLD_COLLATION_CONNECTION=@@COLLATION_CONNECTION */;
/*!40101 SET NAMES utf8mb4 */;

--
-- Database: `som_school`
--

-- --------------------------------------------------------

--
-- Table structure for table `crf`
--

CREATE TABLE `crf` (
  `id` int(11) NOT NULL,
  `crf_token` int(11) NOT NULL,
  `crf_token_status` int(11) NOT NULL,
  `expiration_date` date NOT NULL,
  `user_id` int(11) NOT NULL
) ENGINE=InnoDB DEFAULT CHARSET=latin1;

--
-- Dumping data for table `crf`
--

INSERT INTO `crf` (`id`, `crf_token`, `crf_token_status`, `expiration_date`, `user_id`) VALUES
(0, 1420996716, 1, '2020-01-29', 0),
(0, 1438259055, 1, '2020-01-29', 0),
(0, 762375638, 1, '2020-01-29', 0),
(0, 889258510, 1, '2020-01-29', 0),
(0, 1902584841, 1, '2020-01-29', 0),
(0, 2017077523, 1, '2020-01-29', 0),
(0, 1614028030, 1, '2020-01-29', 0),
(0, 1583903756, 1, '2020-01-29', 0),
(0, 2059827795, 1, '2020-01-29', 0),
(0, 1775218510, 1, '2020-01-29', 0),
(0, 870763402, 1, '2020-01-29', 0),
(0, 676139422, 1, '2020-01-29', 0),
(0, 1064829426, 1, '2020-01-29', 0),
(0, 1903198151, 1, '2020-01-29', 0),
(0, 801615649, 1, '2020-01-29', 0),
(0, 657232706, 1, '2020-01-29', 0),
(0, 29235376, 1, '2020-01-29', 0),
(0, 341961711, 1, '2020-01-29', 0),
(0, 1718477030, 1, '2020-01-29', 0),
(0, 1742946384, 1, '2020-01-29', 0),
(0, 1213430167, 1, '2020-01-29', 0),
(0, 1196945103, 1, '2020-01-29', 0),
(0, 881560143, 1, '2020-01-29', 0),
(0, 2070061297, 1, '2020-01-29', 0),
(0, 1864272313, 1, '2020-01-29', 0),
(0, 563944060, 1, '2020-01-29', 0),
(0, 595702712, 1, '2020-01-29', 0),
(0, 1586673057, 1, '2020-01-29', 0),
(0, 1392478391, 0, '2020-01-29', 0),
(0, 280770783, 1, '2020-01-29', 0),
(0, 73810242, 1, '2020-01-29', 0),
(0, 1848139384, 1, '2020-01-29', 0),
(0, 1627995765, 1, '2020-01-29', 0),
(0, 451064225, 1, '2020-01-29', 0),
(0, 1598165811, 1, '2020-01-29', 0),
(0, 557769211, 1, '2020-01-29', 0),
(0, 1296093464, 1, '2020-01-29', 0),
(0, 165301333, 0, '2020-01-29', 0),
(0, 2014211899, 1, '2020-01-29', 0),
(0, 1274671995, 1, '2020-01-29', 0),
(0, 1264749508, 1, '2020-01-29', 0),
(0, 1473303740, 1, '2020-01-29', 0),
(0, 67080766, 1, '2020-01-29', 0),
(0, 1722875193, 1, '2020-01-29', 0),
(0, 118894902, 1, '2020-01-29', 0),
(0, 465399480, 1, '2020-01-29', 0),
(0, 2111784299, 0, '2020-01-29', 0),
(0, 1836326601, 0, '2020-01-29', 0),
(0, 41058628, 0, '2020-01-29', 0),
(0, 2025796951, 1, '2020-01-29', 0),
(0, 172779040, 0, '2020-01-29', 0),
(0, 319497043, 1, '2020-01-29', 0),
(0, 1150591056, 0, '2020-01-29', 0),
(0, 1751094287, 0, '2020-01-29', 0),
(0, 540028757, 0, '2020-01-29', 0),
(0, 771852832, 1, '2020-01-29', 0),
(0, 1797351007, 1, '2020-01-29', 0),
(0, 355892416, 1, '2020-01-29', 0),
(0, 1245506185, 0, '2020-01-29', 0),
(0, 1166141309, 0, '2020-01-29', 0),
(0, 1799272486, 1, '2020-01-29', 0),
(0, 1768400862, 1, '2020-01-29', 0),
(0, 1475940148, 1, '2020-01-29', 0),
(0, 83744963, 0, '2020-01-29', 0),
(0, 609301669, 0, '2020-01-29', 0),
(0, 405629016, 1, '2020-01-29', 0),
(0, 75815494, 0, '2020-01-29', 0),
(0, 1505416465, 0, '2020-01-29', 0),
(0, 2032558194, 0, '2020-01-29', 0),
(0, 660954449, 1, '2020-01-29', 0),
(0, 1592164349, 1, '2020-01-29', 0),
(0, 2119107684, 1, '2020-01-29', 0),
(0, 936547467, 1, '2020-01-29', 0),
(0, 1689046903, 1, '2020-01-29', 0),
(0, 1508394468, 1, '2020-01-29', 0),
(0, 641489729, 0, '2020-01-29', 0),
(0, 2023347236, 0, '2020-01-29', 0),
(0, 2040806557, 0, '2020-01-29', 0),
(0, 1759781900, 1, '2020-01-29', 0),
(0, 1424941051, 1, '2020-01-29', 0),
(0, 1792703755, 1, '2020-01-29', 0),
(0, 1208136678, 0, '2020-01-29', 0),
(0, 594702716, 1, '2020-01-29', 0),
(0, 1231026390, 0, '2020-01-29', 0),
(0, 324427676, 1, '2020-01-29', 0),
(0, 1530132073, 0, '2020-01-29', 0),
(0, 209073439, 1, '2020-01-29', 0),
(0, 1234512534, 0, '2020-01-29', 0),
(0, 1384300886, 0, '2020-01-29', 0),
(0, 574307706, 1, '2020-01-29', 0),
(0, 264661795, 0, '2020-01-29', 0),
(0, 1879635394, 0, '2020-01-29', 0),
(0, 1194404891, 0, '2020-01-29', 0),
(0, 1239901043, 0, '2020-01-29', 0),
(0, 229037760, 0, '2020-01-29', 0),
(0, 368535864, 0, '2020-01-29', 0),
(0, 1172316993, 1, '2020-01-29', 0),
(0, 1904840541, 1, '2020-01-29', 0),
(0, 1898351063, 1, '2020-01-29', 0),
(0, 1606094097, 1, '2020-01-29', 0),
(0, 1821389649, 0, '2020-01-29', 0),
(0, 666583315, 0, '2020-01-29', 0),
(0, 1112458940, 0, '2020-01-29', 0),
(0, 1372892462, 1, '2020-01-29', 0),
(0, 281126124, 1, '2020-01-30', 0),
(0, 2035306334, 1, '2020-01-30', 0),
(0, 1520630658, 1, '2020-01-30', 0),
(0, 291048692, 1, '2020-01-30', 0),
(0, 1014947856, 1, '2020-01-30', 0),
(0, 918193341, 1, '2020-01-30', 0),
(0, 414486593, 1, '2020-01-30', 0),
(0, 165325426, 1, '2020-01-30', 0),
(0, 2088851522, 1, '2020-01-30', 0),
(0, 868645298, 1, '2020-01-30', 0),
(0, 1651203558, 1, '2020-01-30', 0),
(0, 1819499499, 1, '2020-01-30', 0),
(0, 1230276591, 0, '2020-01-30', 0),
(0, 545351925, 1, '2020-01-30', 0),
(0, 829721943, 0, '2020-01-30', 0),
(0, 1297922159, 1, '2020-01-30', 0),
(0, 306453979, 1, '2020-01-30', 0),
(0, 1963097858, 1, '2020-01-30', 0),
(0, 561717760, 1, '2020-01-30', 0),
(0, 1982318355, 1, '2020-01-30', 0),
(0, 1780064133, 0, '2020-01-30', 0),
(0, 723834957, 0, '2020-01-30', 0),
(0, 1504539222, 0, '2020-01-30', 0),
(0, 30475787, 0, '2020-01-30', 0),
(0, 312333769, 1, '2020-01-30', 0),
(0, 2141186442, 0, '2020-01-30', 0),
(0, 1688939667, 1, '2020-01-30', 0),
(0, 112634992, 1, '2020-01-30', 0),
(0, 786353348, 0, '2020-01-30', 0),
(0, 321833116, 0, '2020-01-30', 0),
(0, 1527541488, 0, '2020-01-30', 0),
(0, 1109602060, 0, '2020-01-30', 0),
(0, 1833590920, 0, '2020-01-30', 0),
(0, 1212021854, 1, '2020-01-30', 0),
(0, 775823669, 1, '2020-01-30', 0),
(0, 1506002574, 1, '2020-01-30', 0),
(0, 1742132458, 0, '2020-01-30', 0),
(0, 885947123, 1, '2020-01-30', 0),
(0, 2039848569, 1, '2020-01-30', 0),
(0, 1430765238, 0, '2020-01-30', 0),
(0, 613595790, 1, '2020-01-30', 0),
(0, 1873336036, 1, '2020-01-30', 0),
(0, 502035815, 1, '2020-01-30', 0),
(0, 1900367904, 1, '2020-01-30', 0),
(0, 1228332546, 1, '2020-01-30', 0),
(0, 1715720830, 1, '2020-01-30', 0),
(0, 460513267, 1, '2020-01-30', 0),
(0, 8628988, 1, '2020-01-30', 0),
(0, 1271706497, 1, '2020-01-30', 0),
(0, 357816182, 0, '2020-01-30', 0),
(0, 530182728, 0, '2020-01-30', 0),
(0, 771569194, 0, '2020-01-30', 0),
(0, 1725848809, 0, '2020-01-30', 0),
(0, 2104498264, 0, '2020-01-30', 0),
(0, 831928135, 0, '2020-01-30', 0),
(0, 1694792244, 0, '2020-01-30', 0),
(0, 276823672, 1, '2020-01-30', 0),
(0, 319263531, 0, '2020-01-30', 0),
(0, 788263973, 0, '2020-01-30', 0),
(0, 1711081406, 0, '2020-01-30', 0),
(0, 2015850427, 1, '2020-01-30', 0),
(0, 1269259682, 0, '2020-01-30', 0),
(0, 2077929804, 0, '2020-01-30', 0),
(0, 882447868, 0, '2020-01-30', 0),
(0, 123743789, 0, '2020-01-30', 0),
(0, 2052395806, 0, '2020-01-30', 0),
(0, 398233019, 0, '2020-01-30', 0),
(0, 498032175, 0, '2020-01-30', 0),
(0, 836817224, 0, '2020-01-30', 0),
(0, 1270881990, 0, '2020-01-30', 0),
(0, 862882389, 1, '2020-01-30', 0),
(0, 651827540, 0, '2020-01-30', 0),
(0, 653328669, 1, '2020-01-30', 0),
(0, 1005847172, 0, '2020-01-30', 0),
(0, 1062859024, 0, '2020-01-30', 0),
(0, 16250881, 1, '2020-01-30', 0),
(0, 978774119, 0, '2020-01-30', 0),
(0, 562282295, 0, '2020-01-30', 0),
(0, 359818542, 1, '2020-01-30', 0),
(0, 345187018, 0, '2020-01-30', 0),
(0, 765042202, 0, '2020-01-30', 0),
(0, 1506216989, 1, '2020-01-30', 0),
(0, 1560659264, 1, '2020-02-01', 0),
(0, 575255646, 0, '2020-02-01', 0),
(0, 497572839, 1, '2020-02-02', 0),
(0, 741996939, 0, '2020-02-02', 0),
(0, 623738155, 0, '2020-02-02', 0),
(0, 2062919348, 1, '2020-02-02', 0),
(0, 1463608076, 1, '2020-02-02', 0),
(0, 436888493, 1, '2020-02-02', 0),
(0, 1642574266, 1, '2020-02-02', 0),
(0, 1349373776, 1, '2020-02-02', 0),
(0, 1380819561, 1, '2020-02-02', 0),
(0, 919958466, 0, '2020-02-02', 0),
(0, 766495041, 1, '2020-02-02', 0),
(0, 538369628, 1, '2020-02-02', 0),
(0, 732672851, 0, '2020-02-02', 0),
(0, 518901035, 0, '2020-02-02', 0),
(0, 35093938, 0, '2020-02-02', 0),
(0, 1749102191, 0, '2020-02-02', 0),
(0, 137803407, 0, '2020-02-02', 0),
(0, 610925582, 0, '2020-02-02', 0),
(0, 1837690532, 0, '2020-02-02', 0),
(0, 2034721109, 0, '2020-02-02', 0),
(0, 1533937277, 0, '2020-02-02', 0),
(0, 906845295, 0, '2020-02-02', 0),
(0, 1669039862, 1, '2020-02-02', 0),
(0, 581549353, 1, '2020-02-02', 0),
(0, 393657019, 1, '2020-02-02', 0),
(0, 1128920837, 0, '2020-02-02', 0),
(0, 594444404, 1, '2020-02-03', 0),
(0, 520141954, 1, '2020-02-03', 0),
(0, 500648954, 1, '2020-02-03', 0),
(0, 2060925012, 0, '2020-02-03', 0),
(0, 1162735744, 0, '2020-02-03', 0),
(0, 1700054796, 1, '2020-02-03', 0),
(0, 1357665740, 1, '2020-02-03', 0),
(0, 1649801809, 1, '2020-02-03', 0),
(0, 2088201054, 1, '2020-02-03', 0),
(0, 878414601, 0, '2020-02-03', 0),
(0, 1583455055, 1, '2020-02-03', 0),
(0, 1884178502, 0, '2020-02-03', 0),
(0, 1464212277, 1, '2020-02-03', 0),
(0, 2140237362, 1, '2020-02-03', 0),
(0, 1630590776, 1, '2020-02-03', 0),
(0, 656381473, 1, '2020-02-03', 0),
(0, 23282709, 0, '2020-02-03', 0),
(0, 194038535, 0, '2020-02-03', 0),
(0, 1682513245, 0, '2020-02-03', 0),
(0, 1705243825, 1, '2020-02-03', 0),
(0, 1822263847, 1, '2020-02-03', 0),
(0, 442529153, 1, '2020-02-03', 0),
(0, 62215536, 1, '2020-02-03', 0),
(0, 328606641, 1, '2020-02-03', 0),
(0, 194404869, 1, '2020-02-03', 0),
(0, 2092265612, 1, '2020-02-03', 0),
(0, 909902447, 1, '2020-02-03', 0),
(0, 1028789302, 0, '2020-02-03', 0),
(0, 1097900468, 1, '2020-02-03', 0),
(0, 1704101432, 1, '2020-02-03', 0),
(0, 1201401304, 0, '2020-02-03', 0),
(0, 808054820, 1, '2020-02-03', 0),
(0, 988001764, 1, '2020-02-03', 0),
(0, 1454654863, 1, '2020-02-03', 0),
(0, 907232026, 1, '2020-02-03', 0),
(0, 1556553586, 0, '2020-02-03', 0),
(0, 1606271564, 0, '2020-02-03', 0),
(0, 855293316, 0, '2020-02-03', 0),
(0, 328431767, 0, '2020-02-03', 0),
(0, 614613213, 1, '2020-02-03', 0),
(0, 782666850, 0, '2020-02-03', 0),
(0, 1785901328, 0, '2020-02-03', 0),
(0, 464854440, 0, '2020-02-03', 0),
(0, 790943887, 1, '2020-02-03', 0),
(0, 1940459633, 1, '2020-02-03', 0),
(0, 1769065284, 0, '2020-02-03', 0),
(0, 1584656906, 0, '2020-02-03', 0),
(0, 1895943206, 0, '2020-02-03', 0),
(0, 604281492, 1, '2020-02-03', 0),
(0, 1386162411, 0, '2020-02-03', 0),
(0, 239413115, 0, '2020-02-03', 0),
(0, 564906481, 1, '2020-02-03', 0),
(0, 1172091124, 1, '2020-02-03', 0),
(0, 1448640745, 1, '2020-02-03', 0),
(0, 1210249692, 1, '2020-02-03', 0),
(0, 672186410, 1, '2020-02-03', 0),
(0, 1970596496, 1, '2020-02-03', 0),
(0, 1316668251, 1, '2020-02-03', 0),
(0, 959511723, 1, '2020-02-03', 0),
(0, 1383697175, 1, '2020-02-03', 0),
(0, 455504121, 1, '2020-02-03', 0),
(0, 1090434687, 0, '2020-02-03', 0),
(0, 572669821, 1, '2020-02-03', 0),
(0, 1081134043, 1, '2020-02-03', 0),
(0, 1738705250, 0, '2020-02-03', 0),
(0, 1942366898, 1, '2020-02-03', 0),
(0, 1072371243, 1, '2020-02-03', 0),
(0, 1593059247, 0, '2020-02-03', 0),
(0, 376556506, 1, '2020-02-03', 0),
(0, 317970261, 1, '2020-02-03', 0);

-- --------------------------------------------------------

--
-- Table structure for table `expenses`
--

CREATE TABLE `expenses` (
  `id` int(11) NOT NULL,
  `name` varchar(100) NOT NULL,
  `type` varchar(100) NOT NULL,
  `quantity` double NOT NULL,
  `cost` double NOT NULL,
  `description` varchar(100) NOT NULL,
  `date` date NOT NULL,
  `delete_status` int(1) NOT NULL
) ENGINE=InnoDB DEFAULT CHARSET=latin1;

--
-- Dumping data for table `expenses`
--

INSERT INTO `expenses` (`id`, `name`, `type`, `quantity`, `cost`, `description`, `date`, `delete_status`) VALUES
(4, 'kiro xaruunra 1aad', 'billiing', 1, 600, '', '2020-02-01', 0),
(5, 'biyo', 'billiing', 1, 20, '', '2020-02-01', 0),
(6, 'Geesi', 'salary', 1, 100, '', '2020-02-01', 0);

-- --------------------------------------------------------

--
-- Table structure for table `invoices`
--

CREATE TABLE `invoices` (
  `id` int(11) NOT NULL,
  `student_id` int(11) NOT NULL,
  `date_range` varchar(100) NOT NULL,
  `subject_id` int(11) NOT NULL,
  `balance` double NOT NULL,
  `status` int(1) NOT NULL,
  `delete_status` int(1) NOT NULL
) ENGINE=InnoDB DEFAULT CHARSET=latin1;

--
-- Dumping data for table `invoices`
--

INSERT INTO `invoices` (`id`, `student_id`, `date_range`, `subject_id`, `balance`, `status`, `delete_status`) VALUES
(119, 30, 'Scientific, (2pm) (Alas), from 2020-Feb-01 to 2020-Mar-01', 0, 0, 0, 0),
(120, 31, 'Scientific, (3:00 pm) (Alas), from 2020-Feb-01 to 2020-Mar-01', 0, 0, 0, 0),
(121, 30, 'Scientific, (2pm) (Alas), from 2020-Feb-01 to 2020-Mar-01', 0, 10, 0, 0),
(122, 31, 'Scientific, (3:00 pm) (Alas), from 2020-Feb-01 to 2020-Mar-01', 0, 8, 0, 0),
(123, 32, 'Scientific, (4:00pm) (Alas), from 2020-Feb-01 to 2020-Mar-01', 0, 10, 0, 0),
(124, 33, 'Scientific, (2pm) (Alas), from 2020-Feb-01 to 2020-Mar-01', 0, 0, 0, 0),
(125, 34, 'Scientific, (4:00pm) (Alas), from 2020-Feb-01 to 2020-Mar-01', 0, 0, 0, 0),
(126, 33, 'Scientific, (2pm) (Alas), from 2020-Feb-01 to 2020-Mar-01', 0, 10, 0, 0),
(127, 34, 'Scientific, (4:00pm) (Alas), from 2020-Feb-01 to 2020-Mar-01', 0, 10, 0, 0),
(128, 35, 'Scientific, (2pm) (Alas), from 2020-Feb-01 to 2020-Mar-01', 0, 0, 0, 0),
(129, 35, 'Scientific, (3:00 pm) (Alas), from 2020-Feb-01 to 2020-Mar-01', 0, 0, 0, 0),
(130, 35, 'Scientific, (2pm) (Alas), from 2020-Feb-01 to 2020-Mar-01', 0, 10, 0, 0),
(131, 35, 'Scientific, (3:00 pm) (Alas), from 2020-Feb-01 to 2020-Mar-01', 0, 10, 0, 0),
(132, 36, 'Scientific, (4:00pm) (Alas), from 2020-Feb-01 to 2020-Mar-01', 0, 0, 0, 0),
(133, 36, 'Scientific, (4:00pm) (Alas), from 2020-Feb-01 to 2020-Mar-01', 0, 0, 0, 0),
(134, 36, 'Scientific, (3:00 pm) (Alas), from 2020-Feb-01 to 2020-Mar-01', 0, 0, 0, 0),
(135, 36, 'Scientific, (4:00pm) (Alas), from 2020-Feb-01 to 2020-Mar-01', 0, 10, 0, 0),
(136, 36, 'Scientific, (3:00 pm) (Alas), from 2020-Feb-01 to 2020-Mar-01', 0, 10, 0, 0),
(137, 37, 'Scientific, (3:00 pm) (Alas), from 2020-Feb-01 to 2020-Mar-01', 0, 0, 0, 0);

-- --------------------------------------------------------

--
-- Table structure for table `payments`
--

CREATE TABLE `payments` (
  `id` int(11) NOT NULL,
  `amount` int(11) NOT NULL,
  `discount` int(11) NOT NULL,
  `taken_by` int(11) NOT NULL,
  `date` date NOT NULL,
  `description` varchar(100) NOT NULL,
  `student_id` int(11) NOT NULL,
  `delete_status` int(1) NOT NULL
) ENGINE=InnoDB DEFAULT CHARSET=latin1;

--
-- Dumping data for table `payments`
--

INSERT INTO `payments` (`id`, `amount`, `discount`, `taken_by`, `date`, `description`, `student_id`, `delete_status`) VALUES
(38, 10, 0, 6, '2020-02-01', '', 30, 0),
(39, 8, 0, 6, '2020-02-01', '', 31, 0),
(40, 10, 0, 4, '2020-02-01', '', 33, 0),
(41, 10, 0, 4, '2020-02-01', '', 34, 0),
(42, 20, 0, 6, '2020-02-01', '', 35, 0),
(43, 30, 0, 6, '2020-02-01', '', 36, 0),
(44, 10, 0, 6, '2020-02-01', '', 37, 0);

-- --------------------------------------------------------

--
-- Table structure for table `settings`
--

CREATE TABLE `settings` (
  `id` int(11) NOT NULL,
  `company_name` varchar(100) NOT NULL,
  `username` varchar(100) NOT NULL,
  `password` varchar(100) NOT NULL,
  `pw_last_changed` date NOT NULL,
  `address` text NOT NULL,
  `mobile` varchar(100) NOT NULL,
  `email` varchar(100) NOT NULL,
  `company_reg_session_id` varchar(200) NOT NULL,
  `current_lang` varchar(30) NOT NULL
) ENGINE=InnoDB DEFAULT CHARSET=latin1;

--
-- Dumping data for table `settings`
--

INSERT INTO `settings` (`id`, `company_name`, `username`, `password`, `pw_last_changed`, `address`, `mobile`, `email`, `company_reg_session_id`, `current_lang`) VALUES
(4, 'school', '', '', '0000-00-00', '', '06155555555', 'school_email@emal.com', '', '');

-- --------------------------------------------------------

--
-- Table structure for table `students`
--

CREATE TABLE `students` (
  `student_id` int(11) NOT NULL,
  `name` varchar(100) NOT NULL,
  `mobile` varchar(100) NOT NULL,
  `date` date NOT NULL,
  `address` varchar(100) NOT NULL,
  `status` int(1) NOT NULL,
  `gender` varchar(100) NOT NULL,
  `description` varchar(100) NOT NULL,
  `delete_status` int(1) NOT NULL
) ENGINE=InnoDB DEFAULT CHARSET=latin1;

--
-- Dumping data for table `students`
--

INSERT INTO `students` (`student_id`, `name`, `mobile`, `date`, `address`, `status`, `gender`, `description`, `delete_status`) VALUES
(30, 'Hussein Ahmed Abdi', '0617508787', '2020-02-01', '', 1, 'male', '', 0),
(31, 'Abdirizak Mohamed Ahmed', '0618162145', '2020-02-01', '', 1, 'male', '', 0),
(32, 'Ali Mohaed Abdi', '0615521558', '2020-02-01', '', 1, 'male', '', 0),
(33, 'Ali Mohaed Abdi', '099999999', '2020-02-01', '', 1, 'male', '', 0),
(34, 'kjhfkj;ashf', '973987', '2020-02-01', '', 1, 'male', '', 0),
(35, 'student test', '06111111111111', '2020-02-01', '', 1, 'male', '', 0),
(36, 'student name 33', '888888888888888888', '2020-02-01', '', 1, 'male', '', 0),
(37, 'student test 100', '0600000', '2020-02-01', '', 1, 'male', '', 0);

-- --------------------------------------------------------

--
-- Table structure for table `student_subjects`
--

CREATE TABLE `student_subjects` (
  `id` int(11) NOT NULL,
  `subject` varchar(100) NOT NULL,
  `teacher` varchar(100) NOT NULL,
  `time` varchar(100) NOT NULL,
  `discount` double NOT NULL,
  `cost` double NOT NULL,
  `description` varchar(100) NOT NULL,
  `student_id` int(11) NOT NULL,
  `subject_id` int(11) NOT NULL,
  `admin_date` date NOT NULL,
  `delete_status` int(1) NOT NULL
) ENGINE=InnoDB DEFAULT CHARSET=latin1;

--
-- Dumping data for table `student_subjects`
--

INSERT INTO `student_subjects` (`id`, `subject`, `teacher`, `time`, `discount`, `cost`, `description`, `student_id`, `subject_id`, `admin_date`, `delete_status`) VALUES
(50, 'Scientific, (2pm) (Alas)', '', '', 0, 10, '', 30, 0, '2020-02-01', 0),
(51, 'Scientific, (3:00 pm) (Alas)', '', '', 2, 10, '', 31, 0, '2020-02-01', 0),
(52, 'Scientific, (4:00pm) (Alas)', '', '', 0, 10, '', 32, 0, '2020-02-01', 0),
(53, 'Scientific, (2pm) (Alas)', '', '', 0, 10, '', 33, 0, '2020-02-01', 0),
(54, 'Scientific, (4:00pm) (Alas)', '', '', 0, 10, '', 34, 0, '2020-02-01', 0),
(55, 'Scientific, (2pm) (Alas)', '', '', 0, 10, '', 35, 0, '2020-02-01', 0),
(56, 'Scientific, (3:00 pm) (Alas)', '', '', 0, 10, '', 35, 0, '2020-02-01', 0),
(57, 'Scientific, (4:00pm) (Alas)', '', '', 0, 10, '', 36, 0, '2020-02-01', 0),
(58, 'Scientific, (4:00pm) (Alas)', '', '', 0, 10, '', 36, 0, '2020-02-01', 0),
(59, 'Scientific, (3:00 pm) (Alas)', '', '', 0, 10, '', 36, 0, '2020-02-01', 0),
(60, 'Scientific, (3:00 pm) (Alas)', '', '', 0, 10, '', 37, 0, '2020-02-01', 0);

-- --------------------------------------------------------

--
-- Table structure for table `subjects`
--

CREATE TABLE `subjects` (
  `id` int(11) NOT NULL,
  `subject` varchar(100) NOT NULL,
  `teacher` varchar(100) NOT NULL,
  `time` varchar(100) NOT NULL,
  `cost` double NOT NULL,
  `description` varchar(100) NOT NULL,
  `delete_status` int(1) NOT NULL
) ENGINE=InnoDB DEFAULT CHARSET=latin1;

--
-- Dumping data for table `subjects`
--

INSERT INTO `subjects` (`id`, `subject`, `teacher`, `time`, `cost`, `description`, `delete_status`) VALUES
(13, 'Scientific', 'Alas', '2pm', 10, '', 0),
(14, 'Scientific', 'Alas', '3:00 pm', 10, '', 0),
(15, 'Scientific', 'Alas', '4:00pm', 10, '', 0);

-- --------------------------------------------------------

--
-- Table structure for table `users`
--

CREATE TABLE `users` (
  `id` int(11) NOT NULL,
  `full_name` varchar(100) NOT NULL,
  `username` varchar(100) NOT NULL,
  `password` varchar(100) NOT NULL,
  `type` varchar(100) NOT NULL,
  `status` int(1) NOT NULL,
  `delete_status` int(1) NOT NULL
) ENGINE=InnoDB DEFAULT CHARSET=latin1;

--
-- Dumping data for table `users`
--

INSERT INTO `users` (`id`, `full_name`, `username`, `password`, `type`, `status`, `delete_status`) VALUES
(4, 'Smart headquarter', 'smart', '0e350d1ef9fe0646e96197bf071498de1546/>][7987^^&)51', 'admin', 1, 0),
(5, 'muse', 'muse', '50de6614e7baf61a941aae8e0a868d371546/>][7987^^&)51', 'staff', 1, 1),
(6, 'Mohamed Ali', 'Just', '055f435d52470928ff4bcf325e1c10bb1546/>][7987^^&)51', 'staff', 1, 0);

--
-- Indexes for dumped tables
--

--
-- Indexes for table `expenses`
--
ALTER TABLE `expenses`
  ADD PRIMARY KEY (`id`);

--
-- Indexes for table `invoices`
--
ALTER TABLE `invoices`
  ADD PRIMARY KEY (`id`);

--
-- Indexes for table `payments`
--
ALTER TABLE `payments`
  ADD PRIMARY KEY (`id`);

--
-- Indexes for table `students`
--
ALTER TABLE `students`
  ADD PRIMARY KEY (`student_id`);

--
-- Indexes for table `student_subjects`
--
ALTER TABLE `student_subjects`
  ADD PRIMARY KEY (`id`);

--
-- Indexes for table `subjects`
--
ALTER TABLE `subjects`
  ADD PRIMARY KEY (`id`);

--
-- Indexes for table `users`
--
ALTER TABLE `users`
  ADD PRIMARY KEY (`id`);

--
-- AUTO_INCREMENT for dumped tables
--

--
-- AUTO_INCREMENT for table `expenses`
--
ALTER TABLE `expenses`
  MODIFY `id` int(11) NOT NULL AUTO_INCREMENT, AUTO_INCREMENT=7;
--
-- AUTO_INCREMENT for table `invoices`
--
ALTER TABLE `invoices`
  MODIFY `id` int(11) NOT NULL AUTO_INCREMENT, AUTO_INCREMENT=138;
--
-- AUTO_INCREMENT for table `payments`
--
ALTER TABLE `payments`
  MODIFY `id` int(11) NOT NULL AUTO_INCREMENT, AUTO_INCREMENT=45;
--
-- AUTO_INCREMENT for table `students`
--
ALTER TABLE `students`
  MODIFY `student_id` int(11) NOT NULL AUTO_INCREMENT, AUTO_INCREMENT=38;
--
-- AUTO_INCREMENT for table `student_subjects`
--
ALTER TABLE `student_subjects`
  MODIFY `id` int(11) NOT NULL AUTO_INCREMENT, AUTO_INCREMENT=61;
--
-- AUTO_INCREMENT for table `subjects`
--
ALTER TABLE `subjects`
  MODIFY `id` int(11) NOT NULL AUTO_INCREMENT, AUTO_INCREMENT=16;
--
-- AUTO_INCREMENT for table `users`
--
ALTER TABLE `users`
  MODIFY `id` int(11) NOT NULL AUTO_INCREMENT, AUTO_INCREMENT=7;
/*!40101 SET CHARACTER_SET_CLIENT=@OLD_CHARACTER_SET_CLIENT */;
/*!40101 SET CHARACTER_SET_RESULTS=@OLD_CHARACTER_SET_RESULTS */;
/*!40101 SET COLLATION_CONNECTION=@OLD_COLLATION_CONNECTION */;